POW_SA2_CODE_2021,zone_tier,M1_Train_Mng,M1_Train_Pro,M1_Train_TecTW,M1_Train_CoPSW,M1_Train_ClAW,M1_Train_SWks,M1_Train_MaOpDv,M1_Train_Lab,M1_Train_IDNS,M1_Train_Tot,M1_Bus_Mng,M1_Bus_Pro,M1_Bus_TecTW,M1_Bus_CoPSW,M1_Bus_ClAW,M1_Bus_SWks,M1_Bus_MaOpDv,M1_Bus_Lab,M1_Bus_IDNS,M1_Bus_Tot,M1_Ferry_Mng,M1_Ferry_Pro,M1_Ferry_TecTW,M1_Ferry_CoPSW,M1_Ferry_ClAW,M1_Ferry_SWks,M1_Ferry_MaOpDv,M1_Ferry_Lab,M1_Ferry_IDNS,M1_Ferry_Tot,M1_Tram_or_LR_Mng,M1_Tram_or_LR_Pro,M1_Tram_or_LR_TecTW,M1_Tram_or_LR_CoPSW,M1_Tram_or_LR_ClAW,M1_Tram_or_LR_SWks,M1_Tram_or_LR_MaOpDv,M1_Tram_or_LR_Lab,M1_Tram_or_LR_IDNS,M1_Tram_or_LR_Tot,M1_Taxi_or_RSS_Mng,M1_Taxi_or_RSS_Pro,M1_Taxi_or_RSS_TecTW,M1_Taxi_or_RSS_CoPSW,M1_Taxi_or_RSS_ClAW,M1_Taxi_or_RSS_SWks,M1_Taxi_or_RSS_MaOpDv,M1_Taxi_or_RSS_Lab,M1_Taxi_or_RSS_IDNS,M1_Taxi_or_RSS_Tot,M1_CarAsDriv_Mng,M1_CarAsDriv_Pro,M1_CarAsDriv_TecTW,M1_CarAsDriv_CoPSW,M1_CarAsDriv_ClAW,M1_CarAsDriv_SWks,M1_CarAsDriv_MaOpDv,M1_CarAsDriv_Lab,M1_CarAsDriv_IDNS,M1_CarAsDriv_Tot,M1_CarAsPas_Mng,M1_CarAsPas_Pro,M1_CarAsPas_TecTW,M1_CarAsPas_CoPSW,M1_CarAsPas_ClAW,M1_CarAsPas_SWks,M1_CarAsPas_MaOpDv,M1_CarAsPas_Lab,M1_CarAsPas_IDNS,M1_CarAsPas_Tot,M1_Truck_Mng,M1_Truck_Pro,M1_Truck_TecTW,M1_Truck_CoPSW,M1_Truck_ClAW,M1_Truck_SWks,M1_Truck_MaOpDv,M1_Truck_Lab,M1_Truck_IDNS,M1_Truck_Tot,M1_MBikeScoot_Mng,M1_MBikeScoot_Pro,M1_MBikeScoot_TecTW,M1_MBikeScoot_CoPSW,M1_MBikeScoot_ClAW,M1_MBikeScoot_SWks,M1_MBikeScoot_MaOpDv,M1_MBikeScoot_Lab,M1_MBikeScoot_IDNS,M1_MBikeScoot_Tot,M1_Bicycle_Mng,M1_Bicycle_Pro,M1_Bicycle_TecTW,M1_Bicycle_CoPSW,M1_Bicycle_ClAW,M1_Bicycle_SWks,M1_Bicycle_MaOpDv,M1_Bicycle_Lab,M1_Bicycle_IDNS,M1_Bicycle_Tot,M1_Oth_Mng,M1_Oth_Pro,M1_Oth_TecTW,M1_Oth_CoPSW,M1_Oth_ClAW,M1_Oth_SWks,M1_Oth_MaOpDv,M1_Oth_Lab,M1_Oth_IDNS,M1_Oth_Tot,M1_WlkOnly_Mng,M1_WlkOnly_Pro,M1_WlkOnly_TecTW,M1_WlkOnly_CoPSW,M1_WlkOnly_ClAW,M1_WlkOnly_SWks,M1_WlkOnly_MaOpDv,M1_WlkOnly_Lab,M1_WlkOnly_IDNS,M1_WlkOnly_Tot,M1_Tot_M1_Mng,M1_Tot_M1_Pro,M1_Tot_M1_TecTW,M1_Tot_M1_CoPSW,M1_Tot_M1_ClAW,M1_Tot_M1_SWks,M1_Tot_M1_MaOpDv,M1_Tot_M1_Lab,M1_Tot_M1_IDNS,M1_Tot_M1_Tot,M2_TrnBus_Mng,M2_TrnBus_Pro,M2_TrnBus_TecTW,M2_TrnBus_CoPSW,M2_TrnBus_ClAW,M2_TrnBus_SWks,M2_TrnBus_MaOpDv,M2_TrnBus_Lab,M2_TrnBus_IDNS,M2_TrnBus_Tot,M2_TrnFer_Mng,M2_TrnFer_Pro,M2_TrnFer_TecTW,M2_TrnFer_CoPSW,M2_TrnFer_ClAW,M2_TrnFer_SWks,M2_TrnFer_MaOpDv,M2_TrnFer_Lab,M2_TrnFer_IDNS,M2_TrnFer_Tot,M2_TrnTrm_or_LR_Mng,M2_TrnTrm_or_LR_Pro,M2_TrnTrm_or_LR_TecTW,M2_TrnTrm_or_LR_CoPSW,M2_TrnTrm_or_LR_ClAW,M2_TrnTrm_or_LR_SWks,M2_TrnTrm_or_LR_MaOpDv,M2_TrnTrm_or_LR_Lab,M2_TrnTrm_or_LR_IDNS,M2_TrnTrm_or_LR_Tot,M2_TrnCarAsDriv_Mng,M2_TrnCarAsDriv_Pro,M2_TrnCarAsDriv_TecTW,M2_TrnCarAsDriv_CoPSW,M2_TrnCarAsDriv_ClAW,M2_TrnCarAsDriv_SWks,M2_TrnCarAsDriv_MaOpDv,M2_TrnCarAsDriv_Lab,M2_TrnCarAsDriv_IDNS,M2_TrnCarAsDriv_Tot,M2_TrnCarAsPa_Mng,M2_TrnCarAsPa_Pro,M2_TrnCarAsPa_TecTW,M2_TrnCarAsPa_CoPSW,M2_TrnCarAsPa_ClAW,M2_TrnCarAsPa_SWks,M2_TrnCarAsPa_MaOpDv,M2_TrnCarAsPa_Lab,M2_TrnCarAsPa_IDNS,M2_TrnCarAsPa_Tot,M2_TrnOth_Mng,M2_TrnOth_Pro,M2_TrnOth_TecTW,M2_TrnOth_CoPSW,M2_TrnOth_ClAW,M2_TrnOth_SWks,M2_TrnOth_MaOpDv,M2_TrnOth_Lab,M2_TrnOth_IDNS,M2_TrnOth_Tot,M2_Trn_and_Tot_Mng,M2_Trn_and_Tot_Pro,M2_Trn_and_Tot_TecTW,M2_Trn_and_Tot_CoPSW,M2_Trn_and_Tot_ClAW,M2_Trn_and_Tot_SWks,M2_Trn_and_Tot_MaOpDv,M2_Trn_and_Tot_Lab,M2_Trn_and_Tot_IDNS,M2_Trn_and_Tot_Tot
106011107,core,0,0,0,0,0,0,0,0,0,0,0,0,0,0,0,0,0,3,0,4,0,0,0,0,0,3,0,0,0,3,0,0,0,0,0,0,0,0,0,0,0,0,0,0,0,0,0,0,0,0,400,215,472,314,189,240,240,447,42,2550,14,3,22,24,4,29,0,63,7,169,5,0,11,0,0,0,11,4,0,37,4,0,4,0,0,0,0,3,0,16,0,0,0,0,0,0,0,0,0,4,3,0,0,0,0,5,0,5,0,20,36,9,11,10,9,3,5,20,5,113,460,237,523,354,201,276,262,545,52,2913,0,0,0,0,0,0,0,0,0,0,0,0,0,0,0,0,0,0,0,0,0,0,0,0,0,0,0,0,0,0,0,0,0,0,0,0,0,0,0,0,0,0,0,0,0,0,0,0,0,0,0,0,0,0,0,0,0,0,0,0,0,0,0,0,0,0,0,0,0,0
106011108,core,0,0,0,0,0,0,0,0,0,0,0,0,0,0,0,9,3,9,0,17,0,0,0,0,0,0,0,0,0,0,0,0,0,0,0,0,0,0,0,0,0,0,0,3,0,0,0,5,0,9,351,859,443,1240,495,535,259,433,60,4679,9,17,22,52,13,111,4,89,8,323,7,0,8,0,0,4,16,7,0,41,0,0,8,10,0,0,7,0,0,29,6,0,6,0,0,3,6,5,0,21,4,4,0,6,0,0,0,0,0,18,14,6,13,31,16,21,5,22,3,140,390,894,503,1344,521,671,304,570,69,5270,0,0,0,0,0,0,0,0,0,0,0,0,0,0,0,0,0,0,0,0,0,0,0,0,0,0,0,0,0,0,0,0,0,0,0,0,0,0,0,5,0,0,0,0,0,0,0,0,0,0,0,0,0,0,0,0,0,0,0,0,0,0,0,0,0,0,0,0,0,6
106011109,core,0,0,0,0,0,0,0,0,0,0,0,0,0,0,0,0,0,4,0,0,0,0,0,0,0,0,0,0,0,0,0,0,0,0,0,0,0,0,0,0,0,0,0,0,0,0,0,0,0,0,99,84,136,54,53,22,118,146,11,723,3,3,7,4,3,0,3,20,0,40,3,4,11,0,0,0,26,9,4,50,0,0,0,0,0,0,0,5,0,3,0,0,0,0,0,0,0,0,0,0,8,0,3,0,0,0,0,0,0,16,22,9,7,4,6,0,3,8,0,62,132,97,168,58,62,23,150,187,15,895,0,0,0,0,0,0,0,0,0,0,0,0,0,0,0,0,0,0,0,0,0,0,0,0,0,0,0,0,0,0,0,0,0,0,0,0,0,0,0,0,0,0,0,0,0,0,0,0,0,0,0,0,0,0,0,0,0,0,0,0,0,0,0,0,0,0,0,0,0,0
106011110,external,0,0,0,0,0,0,0,3,0,5,0,0,0,0,0,0,0,0,0,0,0,0,0,0,0,0,0,0,0,0,0,0,0,0,0,0,0,0,0,0,0,0,0,0,0,0,0,0,0,0,161,185,212,138,116,91,105,206,17,1235,6,6,16,12,4,14,4,22,3,82,6,0,12,0,0,0,12,7,0,31,11,0,3,0,0,5,0,5,0,22,0,0,0,4,0,0,0,0,0,4,8,3,0,0,5,0,0,4,0,23,41,6,20,8,5,12,4,21,0,114,235,202,256,158,131,127,120,270,19,1518,0,0,0,0,0,0,0,0,0,0,0,0,0,0,0,0,0,0,0,0,0,0,0,0,0,0,0,0,0,0,0,0,0,0,0,0,0,0,0,0,0,0,0,0,0,0,0,0,0,0,0,0,0,0,0,0,0,0,0,0,0,0,0,0,0,0,0,0,0,0
106011111,core,0,0,0,0,0,0,0,0,0,5,0,0,3,0,0,4,3,3,0,13,0,0,0,0,0,0,0,0,0,5,0,0,0,0,0,0,0,0,0,0,0,0,0,0,0,0,0,0,0,0,248,415,473,399,197,207,236,293,30,2490,3,0,19,13,6,45,7,63,6,160,8,0,11,0,4,0,15,4,3,45,0,0,0,0,3,0,0,3,0,10,0,0,0,0,0,0,0,0,0,6,0,8,0,4,0,0,0,0,0,15,8,7,18,12,12,8,4,20,0,86,270,432,530,426,215,259,277,390,40,2841,0,0,0,0,0,0,0,0,0,0,0,0,0,0,0,0,0,0,0,0,0,0,0,0,0,0,0,0,0,0,0,0,0,0,0,0,0,0,0,0,0,0,0,0,0,0,0,0,0,0,0,0,0,0,0,0,0,0,0,0,0,0,0,0,0,0,0,0,0,3
106011112,external,0,0,0,0,0,0,0,0,0,3,0,0,0,0,0,0,6,8,6,17,0,0,0,0,0,0,0,0,0,0,0,0,0,0,0,0,0,0,0,0,3,0,0,0,0,3,0,3,0,9,518,636,1104,644,520,525,849,558,94,5447,13,11,39,37,16,106,19,96,7,360,14,0,14,0,0,0,26,0,4,60,3,0,4,0,3,4,8,3,3,29,0,3,5,0,3,0,0,4,0,13,4,3,5,55,0,0,3,0,0,74,29,16,17,334,17,19,6,23,5,465,588,675,1182,1076,557,653,917,701,119,6472,0,0,0,0,0,0,0,0,0,0,0,0,0,0,0,0,0,0,0,0,0,0,0,0,0,0,0,0,0,0,0,0,0,0,0,0,0,0,0,0,0,0,0,0,0,0,0,0,0,0,0,0,0,0,0,0,0,0,0,0,0,0,0,0,0,0,0,0,0,0
106011113,external,0,0,0,0,0,0,0,0,0,0,0,0,0,0,0,0,0,0,0,0,0,0,0,0,0,0,0,0,0,4,0,0,0,0,0,0,0,0,0,0,0,0,0,0,0,0,0,0,0,0,373,426,1873,55,243,38,2213,337,93,5656,5,3,37,0,0,0,66,27,0,154,9,0,29,0,0,0,14,0,0,50,15,0,0,0,0,0,5,4,0,24,0,0,0,0,0,0,0,0,0,4,8,4,3,0,4,0,4,3,0,35,22,5,9,0,6,4,6,6,0,52,427,438,1957,58,260,49,2308,393,97,5988,0,0,0,0,0,0,0,0,0,0,0,0,0,0,0,0,0,0,0,0,0,0,0,0,0,0,0,0,0,0,0,0,0,0,0,0,0,0,0,0,0,0,0,0,0,0,0,0,0,0,0,0,0,0,0,0,0,0,0,0,0,0,0,0,0,0,0,0,0,0
106021114,core,0,11,0,3,3,7,0,5,0,25,0,0,3,4,7,4,0,4,0,24,0,0,0,0,0,0,0,0,0,0,0,0,0,0,0,0,0,0,0,0,0,0,0,0,0,0,0,5,0,3,344,1201,444,781,582,370,123,333,53,4230,10,17,22,36,24,71,4,50,3,242,0,0,8,0,0,0,8,7,0,24,3,4,3,0,0,4,6,4,0,20,4,9,10,5,0,0,0,4,0,25,5,3,3,7,4,0,3,0,0,33,16,17,17,10,19,8,0,8,0,92,387,1262,511,850,635,459,144,416,58,4720,0,0,0,0,0,0,0,5,0,4,0,0,0,0,0,0,0,0,0,0,0,0,0,0,0,0,0,0,0,0,0,0,0,0,0,0,0,6,0,4,0,0,0,0,0,0,0,0,0,0,0,0,0,0,0,0,0,0,0,0,0,5,0,0,0,0,0,6,0,16
106021116,core,0,0,4,0,0,0,0,0,0,3,0,0,0,0,0,0,0,0,0,0,0,0,0,0,0,0,0,0,0,0,0,0,0,0,0,0,0,0,0,0,0,0,0,0,0,0,0,0,0,0,71,105,144,138,59,24,27,66,9,635,4,0,6,4,0,10,0,5,0,41,0,0,3,0,0,0,3,3,0,9,0,0,3,0,0,0,0,0,0,3,0,3,0,0,0,0,0,0,0,0,3,0,0,0,4,0,4,0,0,7,5,3,6,6,3,6,0,0,0,30,83,111,161,150,67,39,30,74,16,741,0,0,0,0,0,0,0,0,0,0,0,0,0,0,0,0,0,0,0,0,0,0,0,0,0,0,0,0,0,0,0,0,0,0,0,0,0,0,0,0,0,0,0,0,0,0,0,0,0,0,0,0,0,0,0,0,0,0,0,0,0,0,0,0,0,0,0,0,0,0
106021614,core,0,0,0,0,0,0,0,0,0,7,0,0,3,17,0,11,4,17,0,56,0,0,0,0,0,0,0,0,0,0,0,0,0,0,0,0,0,0,0,0,0,0,0,0,0,0,0,0,0,0,449,817,616,680,507,690,182,384,44,4369,12,13,25,56,17,127,7,92,6,347,0,0,4,0,0,0,0,4,0,17,0,3,3,3,0,4,3,4,0,26,0,3,5,0,0,0,0,0,0,8,0,6,3,7,0,0,0,0,0,21,0,16,12,20,9,23,0,6,0,92,463,867,674,775,540,861,203,511,59,4946,0,0,0,4,0,0,0,0,0,5,0,0,0,0,0,0,0,0,0,0,0,0,0,0,0,0,0,0,0,0,0,0,3,0,0,0,0,0,0,4,0,0,0,0,0,0,0,0,0,0,0,0,0,0,0,0,0,0,0,4,0,0,0,4,0,0,0,0,0,14
106021615,core,0,0,0,0,0,0,0,0,0,0,0,0,0,0,0,7,0,0,0,7,0,0,0,0,0,0,0,0,0,0,0,0,0,0,0,0,0,0,0,0,0,0,0,0,0,4,0,0,0,0,151,284,221,451,97,215,90,205,9,1721,6,14,7,16,3,72,5,54,0,184,6,0,6,0,0,0,4,3,0,25,0,5,6,0,0,0,0,0,0,11,0,0,0,0,0,0,0,4,3,3,0,3,5,0,0,0,0,3,0,11,11,6,3,13,5,16,0,17,0,74,169,309,247,487,105,303,105,298,15,2034,0,0,0,0,0,0,0,0,0,0,0,0,0,0,0,0,0,0,0,0,0,0,0,0,0,0,0,0,0,0,0,0,0,0,0,0,0,0,0,0,0,0,0,0,0,0,0,0,0,0,0,0,0,0,0,0,0,0,0,0,0,0,0,0,0,0,0,0,0,0
106021616,core,0,0,0,0,0,0,0,5,0,6,0,0,0,5,0,0,3,3,0,17,0,0,0,0,0,0,0,0,0,5,0,0,0,0,0,0,0,0,0,0,0,0,0,0,0,0,4,0,0,6,550,279,1312,185,375,330,531,455,53,4076,28,9,40,9,14,21,23,47,7,192,3,0,17,0,0,0,27,0,3,54,0,0,4,0,0,0,6,4,0,22,0,0,4,0,0,0,0,0,0,3,5,7,3,0,4,0,0,0,0,16,8,4,7,7,3,4,5,12,0,37,590,292,1390,209,390,358,602,540,66,4442,0,0,0,0,0,0,0,3,0,3,0,0,0,0,0,0,0,0,0,0,0,0,0,0,0,0,0,0,0,0,0,0,0,0,0,0,0,0,0,0,0,0,0,0,0,0,0,0,0,0,0,0,0,0,0,0,0,0,0,0,0,0,0,0,0,0,0,6,0,7
106021617,core,0,3,0,0,0,0,0,0,0,3,0,0,0,0,0,0,0,0,0,5,0,0,0,0,0,0,0,0,0,0,0,0,0,0,0,0,0,0,0,0,0,0,0,0,0,0,0,0,0,0,101,179,153,164,48,61,32,65,9,816,0,5,3,14,4,12,0,14,0,56,0,0,0,0,0,0,3,0,0,12,0,0,0,0,0,0,0,0,0,0,0,0,0,0,0,0,0,0,0,5,0,0,0,0,0,0,0,0,0,11,9,3,7,4,3,4,0,3,0,34,116,195,167,178,53,77,39,95,13,932,0,0,0,0,0,0,0,0,0,0,0,0,0,0,0,0,0,0,0,0,0,0,0,0,0,0,0,0,0,0,0,0,0,0,0,0,0,0,0,0,0,0,0,0,0,0,0,0,0,0,0,0,0,0,0,0,0,0,0,0,0,0,0,0,0,0,0,0,0,3
106021618,core,0,0,5,0,0,5,3,0,0,14,0,0,0,0,0,5,0,5,0,9,0,0,0,0,0,0,0,0,0,0,0,0,0,0,0,0,0,0,0,0,0,0,0,0,0,0,0,0,0,0,397,375,783,472,331,243,648,440,58,3749,15,4,31,13,11,51,10,84,8,229,8,0,19,0,0,3,23,18,3,69,0,0,9,0,0,0,6,4,0,18,0,0,6,0,0,0,0,4,0,6,0,0,0,6,4,0,0,0,0,14,5,4,13,5,8,12,10,3,0,55,424,384,862,497,353,314,709,554,72,4175,0,0,0,0,0,0,0,3,0,8,0,0,0,0,0,0,0,0,0,0,0,0,0,0,0,0,0,0,0,0,0,0,0,0,0,0,0,0,0,0,0,0,0,0,0,0,0,0,0,0,0,0,0,0,0,0,0,0,0,0,0,0,0,0,0,0,0,0,0,6
106031119,core,0,0,0,0,0,0,0,0,0,0,0,0,0,0,0,0,0,0,0,0,0,0,0,0,0,0,0,0,0,0,0,0,0,0,0,0,0,0,0,0,0,0,0,0,0,0,0,0,0,0,54,51,135,72,38,40,69,78,6,543,3,0,12,7,3,3,0,6,0,36,3,0,12,0,0,0,4,4,0,15,0,0,0,0,0,0,0,0,0,0,0,0,0,0,0,0,0,0,0,5,3,0,0,0,0,0,0,0,0,4,8,0,8,5,7,4,0,16,0,41,66,51,165,88,48,51,75,109,4,660,0,0,0,0,0,0,0,0,0,0,0,0,0,0,0,0,0,0,0,0,0,0,0,0,0,0,0,0,0,0,0,0,0,0,0,0,0,0,0,0,0,0,0,0,0,0,0,0,0,0,0,0,0,0,0,0,0,0,0,0,0,0,0,0,0,0,0,0,0,0
106031120,core,0,0,0,0,0,0,0,0,0,0,0,0,0,0,0,0,0,0,0,0,0,0,0,0,0,0,0,0,0,0,0,0,0,0,0,0,0,0,0,0,0,0,0,0,0,0,0,0,0,0,59,56,87,92,43,64,15,69,0,491,3,4,11,4,0,7,0,14,0,47,0,0,0,0,0,0,5,0,0,6,0,0,0,0,0,0,0,4,0,4,0,0,0,0,0,0,0,0,0,0,0,0,0,0,0,0,0,0,0,3,3,4,3,10,7,6,0,5,0,45,71,62,104,110,50,78,16,93,10,585,0,0,0,0,0,0,0,0,0,0,0,0,0,0,0,0,0,0,0,0,0,0,0,0,0,0,0,0,0,0,0,0,0,0,0,0,0,0,0,0,0,0,0,0,0,0,0,0,0,0,0,0,0,0,0,0,0,0,0,0,0,0,0,0,0,0,0,0,0,0
106031121,core,0,0,0,0,0,0,0,0,0,0,0,3,11,16,0,11,3,5,0,52,0,0,0,0,0,0,0,0,0,0,0,0,0,0,0,0,0,0,0,0,0,0,0,0,0,0,0,0,0,5,467,556,727,657,408,522,133,406,48,3928,12,22,38,53,16,84,9,77,5,327,8,0,8,0,0,0,3,12,0,38,0,0,0,3,0,0,3,0,0,16,3,7,3,7,0,4,0,0,0,32,4,3,5,0,0,0,0,8,4,23,29,20,28,44,24,32,0,37,4,212,528,610,838,788,450,655,154,550,64,4631,0,0,0,0,0,0,0,0,0,0,0,0,0,0,0,0,0,0,0,0,0,0,0,0,0,0,0,0,0,0,0,0,0,0,0,0,0,0,0,0,0,0,0,0,0,0,0,0,0,0,0,0,0,0,0,0,0,0,0,0,0,0,0,0,0,0,0,0,0,0
106031122,core,0,0,0,0,0,0,0,0,0,0,0,0,6,4,0,9,0,10,0,30,0,0,0,0,0,0,0,0,0,0,0,0,0,0,0,0,0,0,0,0,0,0,0,0,0,0,4,0,0,8,833,756,2139,685,724,603,1228,751,142,7858,15,10,60,24,14,87,34,125,7,376,6,0,36,0,0,0,37,16,0,95,4,5,11,3,0,3,4,5,0,38,0,6,0,0,0,0,0,6,0,15,3,0,7,7,7,3,0,0,0,24,14,10,9,21,4,12,5,18,0,85,880,781,2260,734,758,721,1311,934,162,8541,0,0,0,0,0,0,0,0,0,0,0,0,0,0,0,0,0,0,0,0,0,0,0,0,0,0,0,0,0,0,0,0,0,0,0,0,0,0,0,3,0,0,0,0,0,0,0,0,0,0,0,0,0,0,0,0,0,0,0,0,0,0,3,0,0,0,3,0,0,11
106031123,core,0,0,0,0,0,0,0,0,0,0,0,0,0,0,0,0,0,0,0,0,0,0,0,0,0,0,0,0,0,0,0,0,0,0,0,0,0,0,0,0,0,0,0,0,0,0,0,0,0,0,50,45,78,46,23,0,95,53,9,395,0,0,4,0,0,0,0,7,0,6,0,0,11,0,0,0,14,3,0,26,3,0,0,0,0,0,0,0,0,3,0,0,0,0,0,0,0,0,0,0,0,0,0,0,0,0,0,0,0,5,11,0,6,3,5,0,4,0,0,35,65,48,94,49,33,7,107,62,9,480,0,0,0,0,0,0,0,0,0,0,0,0,0,0,0,0,0,0,0,0,0,0,0,0,0,0,0,0,0,0,0,0,0,0,0,0,0,0,0,0,0,0,0,0,0,0,0,0,0,0,0,0,0,0,0,0,0,0,0,0,0,0,0,0,0,0,0,0,0,0
106031124,external,0,0,0,0,0,0,0,0,0,0,0,0,0,0,0,0,0,0,0,0,0,0,0,0,0,0,0,0,0,0,0,0,0,0,0,0,0,0,0,0,0,0,0,0,0,0,0,0,0,0,73,73,109,142,50,72,27,96,10,653,5,5,8,14,7,10,0,13,3,60,0,0,3,0,0,0,3,0,0,12,0,0,3,0,3,0,0,0,0,8,0,0,5,5,0,0,0,7,0,17,4,5,0,4,0,0,0,0,0,12,8,3,3,24,0,17,0,3,0,65,89,87,137,178,61,96,30,123,10,818,0,0,0,0,0,0,0,0,0,0,0,0,0,0,0,0,0,0,0,0,0,0,0,0,0,0,0,0,0,0,0,0,0,0,0,0,0,0,0,0,0,0,0,0,0,0,0,0,0,0,0,0,0,0,0,0,0,0,0,0,0,0,0,0,0,0,0,0,0,0
106031125,core,0,0,0,0,0,0,0,0,0,0,0,0,0,3,0,10,0,3,0,14,0,0,0,0,0,0,0,0,0,0,0,0,0,0,0,0,0,0,0,0,0,0,0,0,0,0,0,0,0,0,499,673,914,635,255,178,211,261,58,3680,13,6,23,22,9,24,8,50,0,168,5,0,17,0,0,0,18,3,0,50,5,4,12,5,0,0,0,0,0,29,0,3,5,0,0,0,0,0,0,13,6,0,3,3,0,0,4,0,0,25,20,5,12,19,8,9,6,11,5,98,556,701,980,695,282,226,248,330,66,4075,0,0,0,0,0,0,0,0,0,0,0,0,0,0,0,0,0,0,0,0,0,0,0,0,0,0,0,0,0,0,0,0,0,0,0,0,0,0,0,0,0,0,0,0,0,0,0,0,0,0,0,0,0,0,0,0,0,0,0,0,0,0,0,0,0,0,0,0,0,0
106041126,external,0,0,0,0,0,0,0,0,0,0,0,0,0,0,0,0,0,4,0,3,0,0,0,0,0,0,3,0,0,3,0,0,0,0,0,0,0,0,0,0,0,0,0,0,0,0,0,0,0,3,396,557,1610,485,430,315,1317,543,104,5754,15,19,58,23,14,78,43,78,8,328,3,0,11,0,0,0,11,3,0,28,6,0,12,4,0,0,8,0,0,29,0,0,0,0,0,0,3,7,0,12,7,4,4,0,3,0,0,0,0,25,19,15,10,20,9,29,7,31,3,138,437,595,1703,533,452,430,1392,671,116,6322,0,0,0,0,0,0,0,0,0,0,0,0,0,0,0,0,0,0,0,0,0,0,0,0,0,0,0,0,0,0,0,0,0,0,0,0,0,0,0,0,0,0,0,0,0,0,0,0,0,0,0,0,0,0,0,0,0,0,0,0,0,0,0,0,0,0,0,0,0,0
106041127,external,0,0,0,0,0,0,0,0,0,0,0,0,0,0,0,0,4,0,0,6,0,0,0,0,0,0,0,0,0,0,0,0,0,0,0,0,0,0,0,0,0,0,0,0,0,0,0,0,0,0,141,102,296,70,83,26,465,175,17,1371,4,0,9,3,6,0,17,10,0,51,4,0,3,0,0,0,12,5,0,19,8,0,0,0,0,0,0,3,0,9,0,0,3,0,0,0,0,5,0,10,10,0,0,0,0,0,0,9,0,20,30,3,8,8,4,8,4,22,0,86,196,111,318,82,88,34,496,223,19,1567,0,0,0,0,0,0,0,0,0,0,0,0,0,0,0,0,0,0,0,0,0,0,0,0,0,0,0,0,0,0,0,0,0,0,0,0,0,0,0,0,0,0,0,0,0,0,0,0,0,0,0,0,0,0,0,0,0,0,0,0,0,0,0,0,0,0,0,0,0,0
106041128,external,0,0,0,0,0,0,0,0,0,4,0,0,0,0,0,0,0,0,0,3,0,0,0,0,0,0,0,0,0,0,0,0,0,0,0,0,0,0,0,0,0,0,0,0,0,0,0,0,0,4,208,358,316,283,202,184,88,409,21,2058,3,12,27,14,3,24,7,97,0,186,0,0,7,0,0,0,14,3,6,29,0,0,0,3,0,0,0,4,0,13,0,0,0,0,0,0,0,18,3,26,5,0,0,3,0,0,0,6,0,15,13,19,10,16,13,10,0,21,0,103,236,394,359,320,214,217,116,551,30,2435,0,0,0,0,0,0,0,0,0,0,0,0,0,0,0,0,0,0,0,0,0,0,0,0,0,0,0,0,0,0,0,0,0,0,0,0,0,0,0,0,0,0,0,0,0,0,0,0,0,0,0,0,0,0,0,0,0,0,0,0,0,0,0,0,0,0,0,0,0,0
106041129,external,0,0,0,0,0,0,0,0,0,4,0,0,0,0,0,0,3,0,0,3,0,0,0,0,0,0,0,0,0,0,0,0,0,0,0,0,0,0,0,0,0,0,0,0,0,0,0,0,0,0,207,163,222,110,101,56,83,312,23,1277,8,5,17,5,0,9,0,23,0,73,8,0,3,0,0,0,10,4,0,26,12,0,0,0,0,0,0,0,0,15,0,0,0,0,0,0,0,0,0,0,28,0,8,3,0,0,5,19,0,65,80,17,22,18,11,11,4,47,0,213,344,186,275,141,117,75,105,415,23,1681,0,0,0,0,0,0,0,0,0,0,0,0,0,0,0,0,0,0,0,0,0,0,0,0,0,0,0,0,0,0,0,0,0,0,0,0,0,0,0,0,0,0,0,0,0,0,0,0,0,0,0,0,0,0,0,0,0,0,0,0,0,0,0,0,0,0,0,0,0,0
111011206,core,0,0,0,0,0,0,0,0,0,0,0,3,8,11,5,10,0,13,0,48,0,0,0,0,0,0,0,0,0,0,0,0,0,0,0,0,0,0,0,0,0,0,0,0,0,0,0,0,0,6,406,789,835,641,451,575,303,379,49,4429,16,17,36,28,10,129,11,94,4,342,3,0,7,0,0,0,15,4,0,33,5,6,5,6,0,3,5,4,0,34,4,0,6,5,0,6,0,9,0,26,0,3,0,0,3,0,3,0,0,18,11,8,16,24,12,13,7,22,0,109,439,836,910,717,481,737,337,524,57,5039,0,3,0,0,0,0,0,0,0,3,0,0,0,0,0,0,0,0,0,0,0,0,0,0,0,0,0,0,0,0,0,0,0,0,0,0,0,0,0,0,0,0,0,0,0,0,0,0,0,0,0,0,0,0,0,0,0,0,0,0,0,4,0,0,0,0,0,0,0,4
111011207,core,0,0,0,0,0,0,0,0,0,0,0,0,0,0,0,0,0,6,0,4,0,0,0,0,0,0,0,0,0,0,0,0,0,0,0,0,0,0,0,0,0,0,0,0,0,0,0,0,0,0,38,49,101,90,25,22,16,26,0,367,0,0,4,4,0,6,0,7,0,26,0,0,6,0,0,0,0,0,0,4,0,0,0,0,0,0,0,0,0,6,0,0,3,0,0,0,0,0,0,3,0,0,4,0,0,0,0,0,0,0,3,0,3,5,0,0,0,3,0,28,43,54,118,95,31,35,13,47,0,441,0,0,0,0,0,0,0,0,0,0,0,0,0,0,0,0,0,0,0,0,0,0,0,0,0,0,0,0,0,0,0,0,0,0,0,0,0,0,0,0,0,0,0,0,0,0,0,0,0,0,0,0,0,0,0,0,0,0,0,0,0,0,0,0,0,0,0,0,0,0
111011208,core,0,0,0,0,0,0,0,0,0,5,11,8,20,23,10,49,6,25,6,145,0,0,0,0,0,0,0,0,0,0,0,0,0,0,0,0,0,0,0,0,0,0,0,0,0,5,0,0,0,15,651,1478,940,1220,848,760,260,494,79,6722,15,33,54,55,27,133,10,106,3,428,0,0,21,0,3,0,14,12,0,54,4,11,0,5,0,6,0,3,0,41,0,15,4,8,3,0,0,8,0,42,0,10,3,3,9,6,0,0,3,43,20,27,10,22,17,42,3,20,0,164,701,1588,1057,1336,917,996,288,671,91,7650,0,0,0,0,0,0,0,0,0,6,0,0,0,0,0,0,0,0,0,0,0,0,0,0,0,0,0,0,0,0,0,0,0,0,0,0,0,0,0,0,0,0,0,0,0,0,0,0,0,0,0,0,0,0,0,0,0,0,0,0,0,0,0,0,0,0,0,0,0,10
111011209,core,0,0,6,0,0,0,0,4,0,12,3,5,10,17,4,23,9,8,0,78,0,0,0,0,0,0,0,0,0,0,0,0,0,0,0,0,0,0,0,0,0,0,0,0,0,0,0,0,0,11,773,813,1526,1033,811,765,636,872,97,7326,14,19,77,60,25,118,25,148,4,493,3,0,25,0,9,3,36,18,0,81,4,6,13,0,8,6,8,4,0,54,4,5,3,0,0,0,5,5,0,29,0,7,10,0,6,0,3,4,0,32,6,10,10,12,7,14,4,12,0,82,808,874,1681,1128,855,938,734,1069,110,8193,0,0,0,0,0,0,0,0,0,0,0,0,0,0,0,0,0,0,0,0,0,0,0,0,0,0,0,0,0,0,0,0,0,0,0,0,0,0,0,5,0,0,0,0,0,0,0,0,0,4,0,0,0,0,0,0,0,0,0,0,0,0,0,0,0,0,0,0,0,10
111011210,core,0,0,0,0,0,0,0,0,0,0,0,0,0,5,0,5,0,4,0,19,0,0,0,0,0,0,0,0,0,0,0,0,0,0,0,0,0,0,0,0,0,0,0,5,0,0,0,0,0,9,92,163,131,322,49,176,25,112,7,1088,5,7,10,33,3,35,0,23,5,120,0,0,0,0,0,0,4,0,0,6,0,0,0,0,0,0,0,3,0,3,0,0,0,0,0,0,0,0,0,3,0,0,0,0,0,0,4,0,0,6,3,5,0,6,0,11,0,3,0,33,101,181,145,370,55,228,30,147,12,1277,0,0,0,0,0,0,0,0,0,0,0,0,0,0,0,0,0,0,0,0,0,0,0,0,0,0,0,0,0,0,0,0,0,0,0,0,0,0,0,0,0,0,0,0,0,0,0,0,0,0,0,0,0,0,0,0,0,0,0,0,0,0,0,0,0,0,0,0,0,0
111011211,core,0,0,0,0,0,0,0,0,0,0,0,0,0,5,0,0,0,0,0,6,0,0,0,0,0,0,0,0,0,0,0,0,0,0,0,0,0,0,0,0,0,0,0,0,0,0,0,0,0,0,102,85,239,135,61,16,64,104,7,810,8,8,11,8,0,0,0,21,0,56,4,0,4,0,0,0,7,4,0,19,0,0,4,0,0,0,0,0,0,7,0,0,0,0,0,0,0,0,0,9,0,0,0,0,0,0,0,0,0,3,3,5,0,10,3,0,0,0,0,21,109,92,265,155,71,23,78,127,11,927,0,0,0,0,0,0,0,0,0,0,0,0,0,0,0,0,0,0,0,0,0,0,0,0,0,0,0,0,0,0,0,0,0,0,0,0,0,0,0,0,0,0,0,0,0,0,0,0,0,0,0,0,0,0,0,0,0,0,0,0,0,0,0,0,0,0,0,0,0,0
111011212,core,0,0,0,0,0,0,0,0,0,0,0,0,3,4,0,4,0,8,0,17,0,0,0,0,0,0,0,0,0,0,0,0,0,0,0,0,0,0,0,0,0,0,0,0,0,0,0,0,0,0,129,175,253,175,87,161,40,148,17,1192,4,6,17,12,4,36,0,31,3,110,4,0,9,0,0,0,6,3,0,14,0,0,0,0,0,0,0,4,0,10,0,3,0,0,0,0,0,4,0,15,0,0,0,0,0,0,0,0,0,7,19,11,3,17,8,8,0,9,0,67,149,197,284,208,98,214,46,202,23,1427,0,0,0,0,0,0,0,0,0,0,0,0,0,0,0,0,0,0,0,0,0,0,0,0,0,0,0,0,0,0,0,0,0,0,0,0,0,0,0,0,0,0,0,0,0,0,0,0,0,0,0,0,0,0,0,0,0,0,0,0,0,0,0,0,0,0,0,0,0,0
111011213,core,0,0,0,0,0,0,0,0,0,0,0,0,0,0,0,0,0,0,0,0,0,0,0,0,0,0,0,0,0,0,0,0,0,0,0,0,0,0,0,0,0,0,0,0,0,0,0,0,0,5,33,104,100,127,39,25,3,40,6,478,0,0,8,4,0,3,0,8,0,21,0,0,8,0,0,0,0,0,0,8,0,0,0,0,0,0,0,0,0,5,0,0,0,0,0,0,0,0,0,6,0,0,0,0,0,0,0,0,0,9,3,3,0,3,10,0,0,0,0,16,42,107,117,138,50,26,7,47,4,538,0,0,0,0,0,0,0,0,0,0,0,0,0,0,0,0,0,0,0,0,0,0,0,0,0,0,0,0,0,0,0,0,0,0,0,0,0,0,0,0,0,0,0,0,0,0,0,0,0,0,0,0,0,0,0,0,0,0,0,0,0,0,0,0,0,0,0,0,0,0
111011214,core,0,0,0,0,0,6,0,0,0,9,4,0,0,4,0,4,5,7,0,19,0,0,0,0,0,0,0,0,0,0,0,0,0,0,0,0,0,0,0,0,0,0,0,0,0,0,0,4,0,8,555,687,801,576,534,513,292,450,57,4467,13,12,36,58,19,79,9,85,0,308,0,0,15,0,3,7,6,14,0,40,0,9,5,4,5,0,8,3,0,37,0,3,4,0,0,5,5,0,0,13,4,3,0,5,4,3,3,0,0,20,15,6,13,8,5,15,3,10,0,79,587,720,885,655,571,629,326,569,64,5006,0,0,0,0,0,0,0,0,0,6,0,0,0,0,0,0,0,0,0,0,0,0,0,0,0,0,0,0,0,0,0,0,0,0,0,0,0,0,0,0,0,0,0,0,0,0,0,0,0,0,0,0,0,0,0,0,0,0,0,0,0,0,0,0,0,0,0,0,0,10
111021215,core,0,0,0,0,0,0,0,0,0,4,0,0,0,4,0,0,0,0,0,4,0,0,0,0,0,0,0,0,0,0,0,0,0,0,0,0,0,0,0,0,0,0,0,0,0,0,0,0,0,3,87,227,176,304,85,39,101,112,9,1132,0,0,9,16,0,3,0,13,0,49,4,0,4,0,0,0,0,3,0,17,0,3,0,0,0,0,0,3,0,9,0,0,0,0,0,0,0,0,0,6,0,0,4,0,0,0,0,0,0,4,0,4,5,7,0,0,0,5,0,19,91,236,204,336,86,45,104,135,9,1245,0,0,0,0,0,0,0,0,0,0,0,0,0,0,0,0,0,0,0,0,0,0,0,0,0,0,0,0,0,0,0,0,0,0,0,0,0,0,0,3,0,0,0,0,0,0,0,0,0,0,0,0,0,0,0,0,0,0,0,0,0,0,0,0,0,0,0,0,0,4
111021216,core,0,0,0,0,0,0,0,0,0,0,0,0,0,0,0,0,0,0,0,0,0,0,0,0,0,0,0,0,0,0,0,0,0,0,0,0,0,0,0,0,0,0,0,0,0,0,0,0,0,0,44,75,122,150,26,42,17,61,7,547,4,0,7,3,0,8,0,3,0,33,3,0,3,0,0,0,7,8,0,15,0,0,0,0,0,0,0,0,0,3,0,0,0,0,0,0,0,0,0,3,0,0,0,0,0,0,0,0,0,4,3,0,5,6,0,3,0,3,0,26,56,79,141,164,27,55,24,75,7,629,0,0,0,0,0,0,0,0,0,0,0,0,0,0,0,0,0,0,0,0,0,0,0,0,0,0,0,0,0,0,0,0,0,0,0,0,0,0,0,0,0,0,0,0,0,0,0,0,0,0,0,0,0,0,0,0,0,0,0,0,0,0,0,0,0,0,0,0,0,5
111021217,core,0,0,0,0,0,0,0,0,0,0,0,0,0,0,0,3,0,0,0,6,0,0,0,0,0,0,0,0,0,0,0,0,0,0,0,0,0,0,0,0,0,0,0,0,0,0,0,0,0,4,271,308,512,392,290,226,371,254,28,2664,3,9,27,9,5,65,3,65,3,184,6,0,11,0,4,0,6,9,0,42,0,0,3,0,3,0,3,0,0,16,0,0,0,0,0,0,0,0,0,4,0,4,7,4,6,4,0,0,0,13,3,9,8,14,0,10,6,7,4,56,291,324,572,417,306,310,394,339,36,2995,0,0,0,0,0,0,0,0,0,0,0,0,0,0,0,0,0,0,0,0,0,0,0,0,0,0,0,0,0,0,0,0,0,0,0,0,0,0,0,0,0,0,0,0,0,0,0,0,0,0,0,0,0,0,0,0,0,0,0,0,0,0,0,0,0,0,0,0,0,0
111021218,core,0,0,0,5,0,5,0,3,0,19,0,0,0,0,0,3,0,4,0,13,0,0,0,0,0,0,0,0,0,0,0,0,0,0,0,0,0,0,0,0,0,0,0,0,0,0,0,0,0,0,439,659,1140,589,347,373,673,506,70,4802,4,18,42,25,19,62,20,86,5,284,5,5,25,0,0,0,47,21,0,108,5,4,5,0,0,0,7,7,6,34,0,0,4,0,0,0,0,3,0,13,0,5,3,0,5,0,6,0,0,29,19,17,18,8,15,14,3,17,4,124,482,710,1248,636,386,464,765,648,84,5412,0,0,0,0,0,0,0,0,0,4,0,0,0,0,0,0,0,0,0,0,0,0,0,0,0,0,0,0,0,0,0,6,0,0,0,0,0,0,0,6,0,0,0,0,0,0,0,0,0,0,0,0,0,0,0,0,0,0,0,0,3,4,0,4,0,0,0,3,0,14
111021219,core,0,0,0,0,0,0,0,4,0,4,0,0,0,0,4,3,0,0,0,15,0,0,0,0,0,0,0,0,0,0,0,0,0,0,0,0,0,0,0,0,0,0,0,0,0,0,0,0,0,0,274,516,434,592,290,255,204,250,38,2857,4,13,25,33,11,64,7,66,0,221,0,0,7,0,0,0,20,4,0,34,0,0,0,0,3,3,0,3,0,21,0,0,3,0,0,0,0,0,0,10,0,3,0,0,0,0,0,0,0,5,12,16,16,10,13,8,0,16,0,93,296,551,485,642,319,344,235,348,47,3263,0,0,0,4,0,0,0,3,0,3,0,0,0,0,0,0,0,0,0,0,0,0,0,0,0,0,0,0,0,0,0,0,0,0,0,0,0,0,0,0,0,0,0,0,0,0,0,0,0,0,0,0,0,0,0,0,0,0,0,0,0,4,0,4,0,0,0,3,0,7
111021220,core,0,0,0,0,0,0,0,0,0,0,0,0,0,0,0,0,0,0,0,0,0,0,0,0,0,0,0,0,0,0,0,0,0,0,0,0,0,0,0,0,0,0,0,0,0,0,0,0,0,0,76,96,246,90,45,44,126,61,9,794,4,0,8,3,3,10,3,12,0,48,0,0,3,0,0,0,7,0,0,11,0,0,0,0,0,0,0,0,0,0,0,0,6,0,0,0,0,0,0,9,0,0,0,0,0,0,0,0,0,6,3,3,8,3,6,3,0,3,0,30,77,97,270,103,50,58,139,86,13,893,0,0,0,0,0,0,0,0,0,0,0,0,0,0,0,0,0,0,0,0,0,0,0,0,0,0,0,0,0,0,0,0,0,0,0,0,0,0,0,0,0,0,0,0,0,0,0,0,0,0,0,0,0,0,0,0,0,0,0,0,0,0,0,0,0,0,0,0,0,0
111021221,core,0,0,0,0,0,0,0,0,0,0,0,0,0,0,0,0,0,0,0,0,0,0,0,0,0,0,0,0,0,0,0,0,0,0,0,0,0,0,0,0,0,0,0,0,0,0,0,0,0,0,52,121,128,138,54,32,45,72,9,664,0,5,7,8,0,5,0,12,0,36,0,0,9,0,0,0,12,6,0,23,0,0,0,0,0,0,0,0,0,4,0,0,0,0,0,0,0,0,0,0,0,4,4,0,0,0,0,0,0,8,7,4,0,4,4,6,0,0,0,22,62,132,150,151,56,44,64,89,12,763,0,0,0,0,0,0,0,0,0,0,0,0,0,0,0,0,0,0,0,0,0,0,0,0,0,0,0,0,0,0,0,0,0,0,0,0,0,0,0,0,0,0,0,0,0,0,0,0,0,0,0,0,0,0,0,0,0,0,0,0,0,0,0,0,0,0,0,0,0,0
111031222,core,0,0,0,3,0,0,0,0,0,11,6,3,7,19,0,19,4,14,0,76,0,0,0,0,0,0,0,0,0,0,0,0,0,0,0,0,0,0,0,0,0,0,0,0,3,0,0,4,0,9,475,532,510,463,475,783,115,275,35,3658,16,12,32,52,10,153,8,69,8,358,6,0,4,0,0,0,10,3,0,30,3,6,0,5,8,8,0,0,0,29,3,10,0,4,0,3,0,0,0,32,0,3,0,0,5,10,0,0,3,29,7,25,15,18,16,29,0,18,7,133,522,591,574,560,524,1017,148,383,46,4361,0,0,0,0,0,0,0,0,0,6,0,0,0,0,0,0,0,0,0,0,0,0,0,0,0,0,0,0,0,0,0,0,0,0,0,0,0,0,0,0,0,0,0,0,0,0,0,0,0,0,0,0,0,0,0,5,0,4,0,8,4,0,0,0,0,4,0,4,0,10
111031223,core,0,0,0,0,4,5,6,22,0,38,0,0,0,0,0,0,0,0,0,6,0,0,0,0,0,0,0,0,0,0,0,0,0,0,0,0,0,0,0,0,0,0,0,0,0,0,0,4,0,4,663,435,1482,196,634,283,1065,1348,119,6208,9,10,54,17,14,35,23,154,5,318,0,0,27,0,9,0,40,38,0,121,4,0,4,0,0,0,15,22,0,41,0,0,0,0,0,0,0,9,0,14,0,0,11,0,0,0,4,6,0,28,7,0,4,6,4,0,6,24,0,54,685,443,1585,221,663,320,1156,1624,130,6832,0,0,0,0,0,0,0,4,3,8,0,0,0,0,0,0,0,0,0,0,0,0,0,0,0,0,0,0,0,0,0,0,0,0,0,0,0,0,3,3,0,0,0,0,0,0,0,0,0,0,0,0,0,0,0,0,0,4,0,10,0,0,0,0,0,0,0,10,5,20
111031224,core,4,3,8,6,9,6,6,13,4,52,5,9,12,23,9,10,10,33,0,117,0,0,0,0,0,0,0,0,0,0,0,5,0,3,0,0,0,0,0,9,0,0,0,0,0,0,0,3,0,13,772,1388,1101,1067,927,450,498,518,80,6797,20,28,36,47,33,66,8,80,4,319,6,0,13,0,0,4,5,5,0,47,5,20,4,4,4,13,15,9,0,71,20,76,14,17,5,7,12,19,0,169,8,7,7,0,5,7,0,0,0,30,24,69,33,38,44,24,14,36,0,280,860,1604,1234,1200,1033,582,565,726,96,7899,0,0,0,0,0,0,0,0,0,9,0,0,0,0,0,0,0,0,0,0,0,0,0,0,0,0,0,0,0,0,0,0,0,0,0,0,0,0,0,0,0,0,0,0,0,0,0,0,0,3,0,0,0,0,0,0,0,0,0,0,0,0,4,0,0,0,4,3,0,14
111031225,core,0,0,0,0,0,0,0,0,0,4,3,24,11,26,17,0,0,24,6,108,0,0,0,0,0,0,0,0,0,0,0,0,0,0,0,0,0,0,0,0,0,4,0,4,0,0,0,3,0,14,430,3491,748,776,852,255,212,435,60,7258,15,98,32,49,40,24,16,79,4,342,3,0,7,0,0,0,8,0,0,23,9,33,3,13,6,0,6,4,0,70,7,58,6,7,3,4,0,3,0,86,6,7,0,0,4,3,4,4,0,28,12,76,12,23,17,19,8,23,0,187,472,3784,815,901,943,310,249,578,76,8123,0,3,0,0,0,0,0,0,0,4,0,0,0,0,0,0,0,0,0,0,0,0,0,0,0,0,0,0,0,0,0,0,0,0,0,0,0,0,0,0,0,0,0,0,0,0,0,0,0,0,0,0,0,0,0,0,0,0,0,0,0,6,0,0,0,0,0,0,0,7
111031226,core,0,0,0,0,0,0,0,0,0,4,0,0,0,4,0,0,0,3,0,3,0,0,0,0,0,0,0,0,0,0,0,0,0,0,0,0,0,0,0,0,0,0,0,0,0,0,0,0,0,0,98,189,185,273,77,130,162,135,16,1265,0,0,7,13,0,17,3,19,3,60,0,0,6,0,0,0,7,3,0,20,0,0,3,0,0,4,0,3,0,10,0,0,4,0,0,0,0,0,0,4,0,3,0,0,3,0,0,0,0,9,3,0,3,3,0,7,0,4,0,19,107,195,202,296,84,158,168,170,19,1398,0,0,0,0,0,0,0,0,0,0,0,0,0,0,0,0,0,0,0,0,0,0,0,0,0,0,0,0,0,0,0,0,0,0,0,0,0,0,0,0,0,0,0,0,0,0,0,0,0,0,0,0,0,0,0,0,0,0,0,0,0,0,0,0,0,0,0,0,0,0
111031227,core,0,5,0,0,5,0,3,4,0,14,0,9,5,22,3,17,7,23,0,76,0,0,0,0,0,0,0,0,0,0,0,0,0,0,0,0,0,0,0,0,3,0,0,5,0,5,3,0,0,14,638,869,1097,788,792,352,906,473,80,5995,8,21,30,51,32,52,11,59,10,278,6,0,17,0,8,0,14,15,0,52,7,4,10,5,18,4,11,9,0,56,6,16,8,3,5,0,9,4,0,51,4,3,0,4,7,8,6,0,0,37,12,15,12,36,16,15,7,34,3,153,686,938,1181,910,876,455,975,622,93,6721,0,0,0,0,0,0,5,3,0,7,0,0,0,0,0,0,0,0,0,0,0,0,0,0,0,0,0,0,0,0,0,0,0,0,0,0,0,0,0,0,0,0,0,0,0,0,0,0,0,0,0,0,0,0,0,0,0,0,0,0,0,3,0,0,0,0,5,5,0,12
111031228,core,0,0,0,0,0,0,0,0,0,0,3,4,8,6,0,5,0,3,0,32,0,0,0,0,0,0,0,0,0,0,0,0,0,0,0,0,0,0,0,0,0,0,0,0,0,0,0,0,0,3,214,552,319,397,252,158,47,164,12,2107,6,18,14,10,9,30,0,22,0,104,7,0,5,0,0,0,6,0,0,13,0,3,0,3,0,0,0,0,0,10,4,21,4,12,0,5,0,7,0,51,4,5,3,5,0,0,0,0,0,21,13,44,14,34,15,11,0,18,4,155,254,642,363,479,273,212,52,209,18,2500,0,0,0,0,0,0,0,0,0,4,0,0,0,0,0,0,0,0,0,0,0,0,0,0,0,0,0,0,0,0,0,0,0,0,0,0,0,0,0,0,0,0,0,0,0,0,0,0,0,0,0,0,0,0,0,0,0,0,0,0,0,0,0,0,0,0,0,0,0,5
111031229,core,0,9,7,15,13,9,0,13,4,70,3,25,24,43,49,28,4,34,0,216,0,7,4,3,5,0,0,4,3,33,5,17,3,12,7,0,0,3,0,50,4,0,0,6,0,6,4,4,0,23,760,1666,698,985,1264,471,143,420,85,6502,37,64,54,62,98,75,9,81,11,478,0,0,8,0,0,0,7,8,0,31,15,25,22,27,23,0,0,3,0,122,29,95,19,25,30,14,3,10,5,219,8,12,0,4,15,10,0,4,5,60,97,214,65,102,88,62,9,45,11,679,960,2142,906,1281,1588,675,172,628,118,8485,0,0,0,0,0,0,0,3,0,8,0,0,0,0,0,0,0,0,0,0,0,5,3,6,5,3,0,0,0,20,0,3,5,0,4,0,0,0,0,16,0,3,0,0,0,0,0,0,0,6,0,0,3,0,0,0,0,0,0,5,0,11,12,5,20,3,0,7,0,62
111031230,core,0,0,0,0,0,0,0,0,0,0,0,0,0,0,0,0,0,0,0,0,0,0,0,0,0,0,0,0,0,0,0,0,0,0,0,0,0,0,0,0,0,0,0,0,0,0,0,0,0,0,233,202,583,38,199,32,579,222,47,2137,4,3,5,0,7,0,10,15,5,56,0,0,0,5,0,0,3,0,0,11,6,4,6,0,0,0,16,4,0,25,0,3,11,0,3,0,0,0,0,22,0,0,0,0,0,0,0,0,0,4,4,0,6,0,0,0,0,4,0,10,244,212,611,40,212,38,619,245,49,2277,0,0,0,0,0,0,0,0,0,0,0,0,0,0,0,0,0,0,0,0,0,0,0,0,0,0,0,0,0,0,0,0,0,0,0,0,0,0,0,0,0,0,0,0,0,0,0,0,0,0,0,0,0,0,0,0,0,0,0,0,0,0,0,0,0,0,0,0,0,3
111031231,core,0,4,0,0,6,0,0,0,0,9,0,25,6,17,4,13,0,15,4,85,0,0,0,0,0,0,0,0,0,0,0,0,0,0,0,0,0,0,0,0,0,3,3,0,0,0,0,0,0,11,355,677,554,409,405,254,370,368,51,3448,7,19,18,29,12,59,7,44,3,203,0,0,13,0,0,0,24,6,3,49,0,10,0,3,0,3,7,3,0,30,5,25,0,0,5,0,0,4,0,42,0,16,0,0,3,0,3,3,0,32,4,37,9,15,5,16,3,17,0,105,382,814,604,480,437,344,425,455,69,4015,0,0,0,0,0,0,0,0,0,0,0,0,0,0,0,0,0,0,0,0,0,0,0,0,0,0,0,0,0,0,0,0,0,0,0,0,0,0,0,0,0,0,0,0,0,0,0,0,0,0,0,3,0,0,0,0,0,0,0,0,0,8,0,0,0,0,0,0,0,7
111031232,core,0,0,0,0,0,0,0,0,0,0,0,0,0,0,0,0,0,0,0,4,0,0,0,0,0,0,0,0,0,3,0,0,0,0,0,0,0,0,0,0,0,0,0,0,0,0,0,0,0,0,57,90,101,227,41,42,25,49,4,633,4,0,3,6,3,5,0,8,0,32,0,0,3,0,0,0,3,3,0,11,0,0,0,0,0,0,0,0,0,0,0,0,0,0,0,0,0,0,0,7,6,0,3,4,0,0,0,0,0,6,5,8,12,11,6,14,0,8,0,72,69,96,121,250,49,62,30,77,3,760,0,0,0,0,0,0,0,0,0,0,0,0,0,0,0,0,0,0,0,0,0,0,0,0,0,0,0,0,0,0,0,0,0,0,0,0,0,0,0,0,0,0,0,0,0,0,0,0,0,0,0,0,0,0,0,0,0,0,0,0,0,0,0,0,0,0,0,0,0,0
111031233,core,0,0,0,0,0,0,0,0,0,3,3,5,4,15,0,12,0,15,0,51,0,0,0,0,0,0,0,3,0,5,0,0,0,0,0,0,0,0,0,5,0,5,0,0,0,0,0,0,0,11,292,811,459,758,366,275,112,289,43,3401,12,29,19,50,10,68,0,61,5,248,4,0,10,0,0,0,3,6,0,19,3,0,3,0,0,3,0,3,0,16,0,5,5,0,0,0,0,0,0,20,5,4,5,3,5,0,0,0,0,17,8,19,6,23,14,22,4,12,0,101,317,873,506,851,395,379,129,380,54,3885,0,0,0,0,0,6,0,0,0,4,0,0,0,0,0,0,0,0,0,0,0,0,0,0,0,0,0,0,0,0,0,0,0,0,0,0,0,0,0,0,0,0,0,0,0,0,0,0,0,0,0,0,0,0,0,0,0,0,0,0,0,5,0,0,0,6,0,0,0,5
111031234,core,0,0,4,3,0,0,0,4,0,14,0,4,0,19,4,4,0,15,0,47,0,0,0,0,0,0,0,0,0,0,0,0,0,0,0,0,0,0,0,0,0,0,0,6,5,0,0,6,0,14,259,1465,520,789,487,162,208,348,41,4269,7,37,15,47,16,40,9,31,5,196,0,0,12,0,0,0,10,14,0,37,0,12,0,5,0,0,3,4,0,27,5,23,0,5,0,0,3,5,0,49,6,7,0,0,0,0,5,0,0,14,3,56,3,33,15,9,0,9,0,126,278,1599,562,905,520,217,235,433,45,4796,0,4,0,0,0,0,0,0,0,3,0,0,0,0,0,0,0,0,0,0,0,0,0,0,0,0,0,0,0,0,0,0,0,0,0,0,0,0,0,0,0,0,0,0,0,0,0,0,0,0,4,0,0,0,0,0,0,0,0,4,4,4,0,0,0,0,0,0,0,8
111031235,core,0,0,4,4,3,3,8,5,0,21,0,0,0,6,0,0,0,6,0,23,0,0,0,0,0,0,0,0,0,0,0,0,0,0,0,0,0,0,0,3,0,0,0,0,0,0,0,0,0,6,505,467,767,516,402,245,394,342,38,3677,13,5,26,16,17,16,9,32,3,148,8,0,10,0,0,0,8,3,3,26,3,8,16,0,0,3,4,5,0,40,6,26,16,5,6,5,5,9,0,81,0,0,4,0,0,3,5,0,0,16,13,27,23,16,12,6,7,15,4,113,551,538,860,566,444,285,440,423,45,4159,0,0,0,0,0,0,0,0,0,0,0,0,0,0,0,0,0,0,0,0,0,0,0,0,0,0,0,0,0,0,0,0,0,0,0,0,6,5,0,13,0,0,0,0,0,0,0,0,0,0,0,0,0,0,0,0,0,0,0,4,0,0,5,0,0,0,10,6,0,19
