POW_SA2_CODE_2021,zone_tier,Mng_Mng_nfd_M,Mng_Mng_nfd_F,Mng_Mng_nfd_P,Mng_ChiefEx_GMng_legs__M,Mng_ChiefEx_GMng_legs__F,Mng_ChiefEx_GMng_legs__P,Mng_Farmers_FMng_M,Mng_Farmers_FMng_F,Mng_Farmers_FMng_P,Mng_Spec_Mng_M,Mng_Spec_Mng_F,Mng_Spec_Mng_P,Mng_Hosp_ret_svce_Mng_M,Mng_Hosp_ret_svce_Mng_F,Mng_Hosp_ret_svce_Mng_P,Mng_Tot_M,Mng_Tot_F,Mng_Tot_P,Pro_Pro_nfd_M,Pro_Pro_nfd_F,Pro_Pro_nfd_P,Pro_Arts_media_Pro_M,Pro_Arts_media_Pro_F,Pro_Arts_media_Pro_P,Pro_Busin_HR_mkting_Pro_M,Pro_Busin_HR_mkting_Pro_F,Pro_Busin_HR_mkting_Pro_P,Pro_DesEng_sci_tspt_Pro_M,Pro_DesEng_sci_tspt_Pro_F,Pro_DesEng_sci_tspt_Pro_P,Pro_Educ_Pro_M,Pro_Educ_Pro_F,Pro_Educ_Pro_P,Pro_Health_Pro_M,Pro_Health_Pro_F,Pro_Health_Pro_P,Pro_Inf_Com_Tec_ICT_Pro_M,Pro_Inf_Com_Tec_ICT_Pro_F,Pro_Inf_Com_Tec_ICT_Pro_P,Pro_Leg_soc_welf_Pro_M,Pro_Leg_soc_welf_Pro_F,Pro_Leg_soc_welf_Pro_P,Pro_Tot_M,Pro_Tot_F,Pro_Tot_P,TecTW_TecTW_nfd_M,TecTW_TecTW_nfd_F,TecTW_TecTW_nfd_P,TecTW_Eng_ICT_STecs_M,TecTW_Eng_ICT_STecs_F,TecTW_Eng_ICT_STecs_P,TecTW_Auto_eng_tds_wks_M,TecTW_Auto_eng_tds_wks_F,TecTW_Auto_eng_tds_wks_P,TecTW_Const_tds_wks_M,TecTW_Const_tds_wks_F,TecTW_Const_tds_wks_P,TecTW_EleTec_telco_tds_wks_M,TecTW_EleTec_telco_tds_wks_F,TecTW_EleTec_telco_tds_wks_P,TecTW_Food_tds_wks_M,TecTW_Food_tds_wks_F,TecTW_Food_tds_wks_P,TecTW_Sk_ani_hort_wks_M,TecTW_Sk_ani_hort_wks_F,TecTW_Sk_ani_hort_wks_P,TecTW_Oth_TecTW_M,TecTW_Oth_TecTW_F,TecTW_Oth_TecTW_P,TecTW_Tot_M,TecTW_Tot_F,TecTW_Tot_P,CoPSW_CoPSW_nfd_M,CoPSW_CoPSW_nfd_F,CoPSW_CoPSW_nfd_P,CoPSW_HlthWlfSptWs_M,CoPSW_HlthWlfSptWs_F,CoPSW_HlthWlfSptWs_P,CoPSW_Carers_aides_M,CoPSW_Carers_aides_F,CoPSW_Carers_aides_P,CoPSW_Hosp_wks_M,CoPSW_Hosp_wks_F,CoPSW_Hosp_wks_P,CoPSW_ProtecSvcWks_M,CoPSW_ProtecSvcWks_F,CoPSW_ProtecSvcWks_P,CoPSW_SptsPsnlSvceWs_M,CoPSW_SptsPsnlSvceWs_F,CoPSW_SptsPsnlSvceWs_P,CoPSW_Tot_M,CoPSW_Tot_F,CoPSW_Tot_P,ClAW_ClAW_nfd_M,ClAW_ClAW_nfd_F,ClAW_ClAW_nfd_P,ClAW_OfMngs_ProgAdm_M,ClAW_OfMngs_ProgAdm_F,ClAW_OfMngs_ProgAdm_P,ClAW_PsnlAs_secretaries_M,ClAW_PsnlAs_secretaries_F,ClAW_PsnlAs_secretaries_P,ClAW_GnrlClerWs_M,ClAW_GnrlClerWs_F,ClAW_GnrlClerWs_P,ClAW_InqClks_recepts_M,ClAW_InqClks_recepts_F,ClAW_InqClks_recepts_P,ClAW_Num_clerks_M,ClAW_Num_clerks_F,ClAW_Num_clerks_P,ClAW_Clerl_OfSuptWs_M,ClAW_Clerl_OfSuptWs_F,ClAW_Clerl_OfSuptWs_P,ClAW_Oth_ClAW_M,ClAW_Oth_ClAW_F,ClAW_Oth_ClAW_P,ClAW_Tot_M,ClAW_Tot_F,ClAW_Tot_P,SWs_SWs_nfd_M,SWs_SWs_nfd_F,SWs_SWs_nfd_P,SWs_Sales_reps_agnts_M,SWs_Sales_reps_agnts_F,SWs_Sales_reps_agnts_P,SWs_SalesAs_SalesPsns_M,SWs_SalesAs_SalesPsns_F,SWs_SalesAs_SalesPsns_P,SWs_SalesSptWks_M,SWs_SalesSptWks_F,SWs_SalesSptWks_P,SWs_Tot_M,SWs_Tot_F,SWs_Tot_P,MaOpD_MaOpD_nfd_M,MaOpD_MaOpD_nfd_F,MaOpD_MaOpD_nfd_P,MaOpD_Ma_StatPlntOps_M,MaOpD_Ma_StatPlntOps_F,MaOpD_Ma_StatPlntOps_P,MaOpD_MobPlntOps_M,MaOpD_MobPlntOps_F,MaOpD_MobPlntOps_P,MaOpD_RoadRail_dvrs_M,MaOpD_RoadRail_dvrs_F,MaOpD_RoadRail_dvrs_P,MaOpD_StorPsns_M,MaOpD_StorPsns_F,MaOpD_StorPsns_P,MaOpD_Tot_M,MaOpD_Tot_F,MaOpD_Tot_P,Lab_Lab_nfd_M,Lab_Lab_nfd_F,Lab_Lab_nfd_P,Lab_Clnrs_lndryWs_M,Lab_Clnrs_lndryWs_F,Lab_Clnrs_lndryWs_P,Lab_Const_and_Min_Lab_M,Lab_Const_and_Min_Lab_F,Lab_Const_and_Min_Lab_P,Lab_Factory_ProcWs_M,Lab_Factory_ProcWs_F,Lab_Factory_ProcWs_P,Lab_FarmFrstyGrdnWs_M,Lab_FarmFrstyGrdnWs_F,Lab_FarmFrstyGrdnWs_P,Lab_Food_prep_asts_M,Lab_Food_prep_asts_F,Lab_Food_prep_asts_P,Lab_Oth_Lab_M,Lab_Oth_Lab_F,Lab_Oth_Lab_P,Lab_Tot_M,Lab_Tot_F,Lab_Tot_P,Inad_des_M,Inad_des_F,Inad_des_P,NS_M,NS_F,NS_P,Tot_M,Tot_F,Tot_P
106011107,core,9,3,18,47,23,68,101,36,136,125,121,247,145,229,378,434,415,845,0,0,0,9,15,26,35,64,103,112,32,148,10,90,106,16,38,55,3,9,13,3,19,17,192,274,465,5,0,5,35,17,50,112,8,116,103,3,103,45,0,43,168,96,267,100,32,137,11,27,42,579,183,760,0,0,0,9,16,27,4,152,160,121,334,458,10,0,9,14,50,71,157,565,715,0,0,0,13,56,65,3,25,29,3,70,76,10,87,99,10,86,91,5,5,10,21,22,42,58,363,418,0,0,0,36,46,82,111,229,336,3,48,52,148,324,474,9,0,8,35,7,42,47,0,56,153,23,174,30,15,38,285,44,325,8,0,5,14,251,270,53,0,54,84,51,138,104,39,146,66,64,124,76,16,101,420,422,839,35,17,54,22,20,38,2324,2613,4941
106011108,core,10,7,21,24,11,35,6,0,11,101,115,221,134,174,308,281,307,586,0,4,9,11,7,21,53,97,153,51,43,97,137,378,511,85,335,422,11,0,10,45,140,176,383,1007,1395,0,0,0,45,37,84,136,3,143,87,3,90,46,0,47,79,50,130,48,41,91,18,81,100,461,217,678,0,8,8,38,137,179,95,610,702,43,141,183,502,205,708,34,71,105,704,1167,1875,0,4,4,11,97,105,0,45,49,15,193,203,8,149,161,12,121,137,13,28,39,31,72,101,92,708,802,0,0,4,28,41,73,212,504,711,23,103,123,264,651,910,8,0,8,35,11,46,48,4,51,189,36,226,19,12,20,294,55,349,14,0,14,80,159,248,48,3,49,12,14,26,37,10,43,76,98,173,116,60,180,389,348,732,35,22,57,35,31,64,2941,4519,7459
106011109,core,3,8,11,12,10,22,53,29,76,101,45,140,28,38,62,193,120,310,4,0,4,13,12,22,34,39,75,64,24,85,10,58,67,0,16,17,28,3,29,5,11,17,162,155,320,11,0,11,30,7,31,43,0,43,51,3,59,19,0,24,13,5,16,23,13,38,11,9,17,193,48,242,0,0,0,3,10,7,9,36,51,9,23,28,4,0,4,3,14,16,28,81,106,0,0,0,3,40,47,0,23,23,4,44,50,0,17,17,7,45,44,0,0,5,8,15,25,23,175,199,0,0,0,8,11,16,7,19,32,0,0,4,19,30,49,0,0,0,50,5,54,45,3,46,70,0,68,4,3,7,164,11,179,9,0,8,12,37,43,29,0,29,26,23,55,30,31,58,5,12,16,23,0,30,144,100,247,10,9,23,7,3,10,945,745,1688
106011110,external,11,0,11,8,5,13,178,85,266,64,41,103,46,48,93,301,179,481,0,0,0,0,9,17,28,32,67,30,16,49,44,122,166,22,51,68,9,3,16,14,14,26,149,261,406,0,0,0,18,6,25,62,0,62,74,0,74,41,0,47,34,16,53,23,25,50,10,14,25,265,71,331,0,0,0,10,26,29,12,123,134,15,44,56,0,0,0,6,22,30,45,212,253,0,0,0,9,36,42,0,24,24,6,53,52,0,32,38,0,54,56,5,7,10,8,18,21,26,225,247,0,0,0,12,13,21,38,98,136,12,14,26,58,128,184,8,0,8,18,0,18,34,0,34,58,9,70,0,0,0,118,14,129,4,4,6,18,49,61,50,0,53,13,13,18,63,46,108,4,27,31,40,9,52,193,150,337,15,3,17,10,12,24,1172,1242,2412
106011111,core,8,8,18,22,9,36,0,0,5,122,79,198,59,81,139,220,178,394,0,4,4,6,6,9,20,36,54,35,13,41,70,229,303,35,224,256,10,3,17,7,28,31,183,539,720,9,0,9,54,20,73,213,4,213,102,0,102,47,0,47,49,23,64,44,27,72,12,50,66,534,117,646,0,0,0,17,67,87,43,347,395,27,60,84,14,4,15,19,36,57,120,516,637,0,0,0,10,59,70,0,20,20,0,94,97,5,50,50,10,69,75,4,12,21,13,32,44,39,343,382,0,0,4,13,36,45,80,182,261,15,45,62,115,260,372,9,0,4,104,15,113,36,0,34,110,26,140,25,6,33,275,51,324,7,0,7,48,78,125,74,0,76,53,9,60,21,4,25,59,64,119,53,24,80,316,181,492,26,17,39,15,8,28,1832,2200,4034
106011112,external,20,8,26,46,14,61,34,4,44,254,105,362,131,178,311,485,317,803,5,5,11,5,5,13,97,100,198,125,45,167,80,286,371,62,238,303,9,0,11,20,44,65,405,730,1136,21,0,21,138,36,178,576,14,591,108,0,113,178,6,190,57,52,110,32,36,64,31,82,112,1146,226,1378,0,0,0,29,76,106,36,445,476,30,163,196,512,37,549,48,82,128,654,806,1460,3,3,4,18,131,153,0,37,38,14,192,204,16,140,152,15,146,163,36,28,72,42,57,103,153,733,890,0,3,3,21,55,77,174,518,688,26,101,124,221,679,899,16,5,19,449,62,505,61,9,64,330,92,421,57,10,62,903,166,1070,16,0,14,84,174,255,90,3,94,81,28,109,46,12,59,78,70,147,128,57,186,521,349,872,52,38,99,37,30,71,4589,4083,8664
106011113,external,11,5,17,23,8,33,125,58,186,309,74,383,45,26,73,513,171,687,10,5,9,4,3,13,67,52,117,307,66,375,21,18,42,22,31,47,14,3,25,4,8,9,450,185,632,17,0,16,444,34,478,1349,23,1376,38,0,40,410,13,420,10,5,14,13,25,39,40,5,41,2318,107,2429,0,0,0,0,0,3,5,32,32,0,13,16,24,3,28,9,12,21,34,61,96,0,0,7,18,56,77,0,19,19,3,110,113,5,9,16,5,59,66,5,3,6,73,34,107,112,303,409,0,0,0,8,6,10,26,30,53,0,8,10,41,42,79,44,4,47,2178,248,2427,108,9,119,399,136,532,79,12,91,2811,405,3211,7,0,7,32,63,97,87,5,90,33,8,40,37,46,83,10,8,15,130,5,137,337,140,475,73,7,86,41,18,55,6724,1427,8152
106021114,core,11,12,24,30,29,54,20,4,26,142,197,338,113,172,289,321,409,729,3,4,14,10,17,25,106,219,329,131,55,184,81,229,313,210,804,1016,32,11,41,72,198,271,639,1548,2184,3,0,3,103,60,166,129,0,129,68,0,75,40,4,47,41,41,82,29,30,61,38,103,139,464,240,702,4,3,10,28,187,215,109,539,640,32,130,160,118,39,156,46,81,128,333,973,1307,0,8,8,18,133,146,0,73,75,41,284,328,74,303,374,33,155,195,12,28,41,44,148,190,228,1131,1360,0,0,0,51,57,112,138,355,490,20,94,118,213,506,721,3,0,3,26,14,33,25,0,25,72,16,93,18,3,15,138,32,167,5,3,8,57,144,202,63,0,68,0,5,7,21,0,19,66,71,137,70,33,104,293,253,547,31,48,79,26,23,52,2670,5170,7843
106021116,core,8,6,8,3,3,5,33,14,42,51,36,83,11,20,33,106,69,179,5,5,6,6,7,9,14,17,30,23,10,36,17,73,88,9,41,53,3,3,8,3,13,14,78,167,253,0,0,0,16,4,23,18,0,22,59,0,57,38,0,38,11,16,29,9,5,16,7,24,25,161,53,214,0,0,0,5,17,24,16,144,156,5,21,27,0,0,7,3,22,23,27,198,232,0,0,0,0,33,39,0,15,15,3,37,40,0,31,38,0,31,37,0,0,5,0,6,11,16,158,169,0,0,0,6,3,6,13,31,39,0,8,10,15,40,59,0,0,0,7,0,8,11,0,11,9,4,14,3,0,3,36,8,38,0,0,0,4,26,32,26,0,26,4,0,4,10,4,17,7,13,22,13,6,17,70,46,119,5,5,18,5,5,10,525,753,1278
106021614,core,7,7,10,26,16,43,5,0,5,133,116,250,173,288,466,339,430,764,3,3,6,16,9,26,99,101,200,45,31,72,113,347,465,113,426,545,27,5,26,45,154,197,458,1071,1528,6,0,6,53,53,110,192,8,203,124,3,124,83,3,86,98,49,144,41,31,71,27,95,119,621,238,863,0,0,0,15,121,136,91,482,573,46,229,273,40,5,42,40,140,176,236,976,1208,0,0,0,22,128,145,0,41,41,12,154,169,18,166,189,30,177,207,39,24,58,25,62,88,148,751,892,0,6,4,31,56,88,307,803,1111,52,166,215,384,1034,1422,0,0,0,50,11,59,25,0,25,83,23,112,31,7,43,192,49,236,15,0,15,68,115,181,36,4,37,8,8,16,19,3,23,129,120,247,143,80,223,407,335,744,28,31,58,23,19,41,2832,4931,7769
106021615,core,4,3,5,7,11,18,18,16,38,33,55,89,51,67,120,116,148,262,0,0,0,3,11,14,26,24,47,7,7,15,89,254,342,21,97,120,4,0,6,8,13,20,165,411,573,5,0,5,30,12,40,42,0,42,76,0,76,27,0,27,41,18,55,26,18,44,5,29,27,246,76,321,0,0,0,34,38,69,44,444,488,15,71,84,6,0,6,10,44,52,108,597,703,0,0,0,3,41,45,0,17,17,5,53,57,5,43,49,4,60,65,0,6,8,7,12,14,19,238,260,0,0,0,8,3,10,87,227,311,21,66,85,104,298,407,0,0,0,14,7,20,14,0,14,68,7,72,5,0,6,101,15,119,0,0,3,29,65,89,42,5,45,4,6,13,20,5,27,53,54,106,54,51,102,198,184,382,5,3,12,8,4,14,1076,1973,3048
106021616,core,22,3,24,65,12,74,11,4,15,355,118,478,120,74,190,573,211,784,10,3,8,9,0,9,69,61,133,99,33,128,29,110,142,26,38,64,19,10,31,0,22,19,258,272,534,20,0,24,112,21,128,824,3,829,191,0,187,182,5,187,18,6,18,26,53,86,43,22,73,1421,114,1537,0,0,0,9,19,27,50,159,208,3,21,25,14,0,11,16,20,35,85,224,304,0,0,0,31,87,121,0,35,35,6,127,134,9,56,68,12,104,119,13,11,21,51,32,86,128,459,588,0,0,0,31,21,52,180,237,415,8,28,39,221,284,507,19,0,20,182,22,204,67,4,71,251,17,263,103,6,113,626,48,669,19,0,21,40,96,143,183,4,191,97,37,136,28,0,30,10,11,26,88,20,102,470,174,644,34,13,51,19,18,45,3831,1815,5648
106021617,core,0,0,0,5,6,6,12,4,11,46,34,77,38,35,72,96,78,168,0,4,3,6,9,6,16,17,35,20,12,30,93,181,277,7,24,32,3,0,3,3,24,24,149,271,418,3,0,4,10,5,13,16,0,22,81,3,82,20,0,20,28,17,40,17,13,27,0,18,24,170,57,227,0,0,0,8,12,15,20,154,174,14,64,79,6,0,6,13,15,22,54,248,301,0,0,0,4,26,32,0,4,4,7,42,48,0,22,23,0,29,32,4,0,7,4,4,11,23,126,152,0,0,0,9,8,15,19,81,96,8,7,12,36,95,124,0,0,0,5,4,11,5,0,5,27,0,29,0,0,0,47,6,50,6,0,6,14,17,32,13,0,13,0,0,0,21,3,19,22,7,32,16,6,20,95,39,131,8,7,18,0,4,5,677,928,1606
106021618,core,13,4,20,77,8,83,12,11,27,260,104,360,82,60,144,444,188,630,0,0,0,6,5,9,80,55,129,134,42,170,56,176,230,38,76,111,48,11,59,9,29,35,367,379,743,21,4,24,162,43,211,275,0,279,201,3,211,159,0,161,15,19,32,34,10,44,34,33,67,907,114,1020,0,0,0,10,27,39,114,430,538,3,24,30,28,0,30,14,45,62,164,529,696,0,0,4,24,110,136,0,24,24,11,125,135,0,72,74,16,108,124,10,11,24,71,44,112,134,489,625,5,0,5,54,51,110,104,188,289,14,37,53,179,274,451,18,0,18,96,8,103,89,0,89,477,42,520,66,9,66,735,61,800,12,4,18,55,117,174,125,0,126,57,11,64,20,5,29,70,49,122,127,27,151,464,216,684,46,18,63,29,17,49,3469,2291,5760
106031119,core,0,0,0,4,0,4,6,0,5,30,25,53,25,33,59,62,64,127,0,0,0,0,4,6,10,14,26,18,9,23,4,33,31,8,9,16,0,0,4,5,8,16,47,72,119,0,0,0,15,0,10,28,0,28,59,0,60,18,0,18,19,8,28,38,16,46,6,10,18,183,36,214,0,0,0,3,5,10,9,52,63,9,30,38,0,0,0,14,12,25,34,105,136,0,0,0,4,28,26,0,6,7,0,31,30,0,17,16,0,21,21,0,6,7,0,4,5,7,106,108,0,0,0,3,3,11,12,46,60,0,6,7,23,61,82,0,0,0,6,5,10,11,0,11,61,5,66,0,0,0,82,8,91,3,0,3,17,35,49,29,0,32,3,0,3,7,3,13,9,5,13,33,8,35,95,53,155,5,3,11,7,5,8,547,509,1058
106031120,core,0,0,0,8,0,4,22,6,23,11,17,28,24,31,56,67,55,119,0,0,0,0,0,9,9,10,20,7,0,17,15,31,42,17,32,51,5,0,5,3,4,12,54,88,147,0,0,0,5,4,9,24,0,29,25,0,25,9,5,10,14,5,18,14,6,19,9,18,31,103,39,144,0,0,0,7,12,15,8,73,85,22,34,48,3,0,3,3,13,9,42,125,172,0,0,0,0,21,21,0,0,0,4,23,24,0,24,24,0,23,28,6,0,6,4,5,10,16,92,104,0,0,0,3,11,18,18,56,69,5,20,25,23,86,112,0,0,0,4,0,4,0,0,0,18,0,18,0,0,0,25,0,25,0,0,5,8,18,20,12,0,12,5,3,7,22,4,24,11,15,22,14,12,22,73,52,121,3,4,11,0,5,11,409,537,947
106031121,core,15,8,23,57,22,76,13,0,17,166,102,272,189,254,444,438,387,823,0,6,6,9,21,31,92,96,189,115,40,156,85,266,359,84,264,342,28,3,33,25,46,72,441,742,1182,19,0,19,65,37,104,121,0,123,241,0,243,96,0,96,196,58,257,68,38,98,43,90,140,846,229,1072,0,0,0,25,64,96,65,489,554,110,302,412,41,10,47,42,107,147,281,973,1253,0,0,0,23,119,138,0,50,50,11,127,134,19,193,212,11,140,149,19,22,40,26,45,68,98,694,797,0,0,5,56,88,142,234,499,726,42,115,159,326,699,1024,6,0,9,31,8,37,14,0,14,88,14,104,35,5,47,176,32,206,7,4,10,82,206,288,61,0,63,23,10,36,28,3,34,129,67,203,142,51,196,486,347,825,35,27,63,29,18,48,3158,4141,7303
106031122,core,35,15,48,88,20,103,13,4,19,541,160,706,188,174,360,860,367,1231,3,3,7,4,10,11,182,175,365,313,50,362,111,261,367,65,143,200,41,5,50,37,87,122,754,737,1488,50,0,49,235,35,271,1359,21,1380,190,5,195,377,4,386,49,30,80,35,33,66,79,64,146,2381,207,2583,0,4,3,25,69,93,70,496,568,31,113,144,101,46,147,23,46,72,248,770,1024,0,5,5,72,159,231,0,49,48,22,243,266,12,139,151,46,282,332,12,23,30,137,114,248,302,1011,1316,0,0,0,54,47,107,273,546,819,38,97,135,369,695,1062,51,4,54,626,52,678,128,3,134,467,25,494,146,23,174,1415,114,1530,33,3,34,83,115,201,248,16,265,175,23,201,22,11,34,101,83,187,194,47,244,861,294,1151,108,33,146,59,34,93,7362,4258,11626
106031123,core,0,0,0,3,5,6,34,19,46,28,15,46,11,10,16,82,44,122,0,0,0,0,0,0,11,9,25,14,5,16,10,32,43,7,10,12,5,0,5,0,4,9,39,64,106,0,0,0,7,5,14,33,0,36,44,0,43,17,0,18,3,0,3,6,7,8,7,10,16,125,23,142,0,0,0,0,5,10,8,34,37,7,7,10,0,0,0,9,6,13,21,49,72,0,0,0,3,26,32,0,8,8,4,24,23,0,3,3,3,28,34,4,0,8,0,11,11,13,108,122,0,0,0,3,3,8,6,3,6,0,0,0,9,10,15,9,0,16,12,0,14,19,0,22,70,4,74,0,0,0,117,9,129,0,0,0,7,10,13,17,0,17,5,0,8,22,0,22,0,6,3,10,4,11,62,16,75,4,0,7,5,3,9,475,326,808
106031124,external,4,0,4,10,0,10,13,4,14,29,13,43,46,32,77,95,59,150,0,0,3,4,0,7,18,7,30,13,3,19,3,25,29,15,39,55,0,4,4,6,3,13,68,84,155,9,0,7,4,4,6,23,3,27,37,0,34,9,0,9,30,19,50,25,12,33,0,3,9,133,43,178,0,0,0,7,24,33,13,101,117,25,48,72,4,4,10,11,13,22,51,191,245,0,0,0,4,20,20,0,13,13,0,22,26,0,33,31,0,18,19,5,4,7,3,3,4,14,109,123,0,0,0,12,20,32,28,62,98,5,13,22,46,94,145,0,0,0,10,0,5,7,0,7,18,0,22,3,0,3,38,0,35,0,0,3,15,30,44,10,0,14,3,6,10,15,0,14,15,22,34,31,13,41,91,71,163,7,8,19,6,6,4,548,669,1222
106031125,core,27,8,33,69,11,87,60,15,75,640,216,851,69,74,148,859,329,1190,9,4,17,9,15,20,167,134,302,489,68,553,53,124,184,55,101,159,198,40,233,21,37,59,1005,531,1534,42,6,39,163,15,175,768,44,812,130,0,133,146,8,149,41,17,65,66,43,107,28,29,54,1384,158,1539,0,0,0,10,35,43,23,207,229,20,96,113,439,165,605,43,19,64,539,515,1053,4,0,8,122,137,258,0,23,23,33,113,144,8,65,74,12,88,103,10,6,18,53,44,95,239,482,720,0,0,0,10,20,30,71,150,225,17,75,93,106,245,351,10,0,13,48,7,51,65,13,76,112,8,119,42,18,60,279,43,318,8,0,8,37,80,114,61,0,65,19,5,19,30,12,43,53,49,102,77,35,113,287,174,463,73,27,99,27,17,44,4789,2522,7307
106041126,external,7,3,13,31,12,39,29,12,37,235,104,335,99,103,200,401,234,632,4,4,6,10,14,24,57,102,161,169,57,224,55,198,250,39,152,186,12,3,15,16,67,90,368,586,955,27,0,34,249,62,306,1083,23,1110,54,0,54,258,21,282,32,31,68,31,32,71,152,58,208,1886,242,2129,0,0,0,15,81,99,35,300,340,17,86,103,96,51,148,13,42,57,184,563,754,7,6,4,39,100,135,0,29,29,4,163,169,10,106,114,9,117,133,10,21,35,33,50,86,112,588,697,0,0,0,24,28,51,133,293,428,17,60,76,173,384,552,42,0,47,1036,183,1220,100,11,111,321,132,455,59,11,63,1560,335,1896,16,6,20,38,148,182,168,11,174,33,33,67,38,12,46,55,54,111,148,48,192,489,305,795,75,32,112,46,29,75,5295,3306,8603
106041127,external,0,0,0,8,0,8,152,53,206,53,30,87,18,14,24,228,98,332,0,0,0,0,3,3,17,20,34,53,19,68,8,31,43,5,19,27,0,5,3,0,4,4,90,97,185,3,0,5,75,6,82,165,3,162,16,0,16,65,4,68,0,10,10,25,32,55,0,3,3,349,55,404,0,0,0,0,3,3,0,65,66,3,29,29,17,5,22,0,4,4,16,108,126,0,0,0,5,22,26,0,14,14,0,30,32,0,6,8,0,13,17,0,4,7,10,12,21,15,111,132,0,0,0,4,5,3,10,31,44,0,4,4,16,38,56,12,0,14,388,71,459,27,4,29,114,41,151,14,11,26,556,123,680,0,0,9,9,32,45,23,0,23,9,3,9,88,64,155,3,8,9,19,4,23,150,120,268,19,3,18,10,4,10,1443,764,2206
106041128,external,0,0,6,12,8,18,40,25,67,60,60,119,55,56,106,166,143,313,0,0,0,0,11,11,22,45,61,39,37,76,28,134,162,18,129,150,0,0,5,12,23,34,126,376,501,0,0,0,29,16,43,109,0,111,71,0,71,34,0,34,13,9,28,36,41,79,0,39,42,295,115,405,0,0,0,7,22,35,17,204,220,11,70,79,23,3,23,10,32,39,65,334,402,0,0,0,6,44,50,0,19,19,0,75,80,0,45,45,0,62,62,5,11,18,13,28,35,23,282,307,0,0,0,21,12,39,52,142,192,6,34,40,80,196,269,11,0,11,9,7,14,30,0,30,70,7,77,0,9,13,118,25,133,18,0,18,27,61,82,42,0,42,152,87,245,55,61,119,15,28,45,44,25,70,348,266,616,11,0,18,9,6,24,1248,1745,2989
106041129,external,5,0,8,13,5,18,364,153,521,36,30,64,41,37,82,460,228,681,4,0,3,0,4,4,8,22,30,14,17,34,32,109,141,9,39,41,7,0,6,0,0,0,70,196,264,3,0,3,10,11,14,58,0,58,33,0,33,13,0,13,18,24,40,86,55,137,4,13,20,220,99,322,0,0,0,10,14,26,0,96,96,9,50,57,13,8,23,3,9,9,31,169,206,0,0,0,0,41,39,0,25,25,4,41,40,0,20,20,3,32,38,4,0,9,0,0,4,17,168,184,0,0,0,3,3,12,17,58,78,3,4,9,26,68,95,0,0,0,12,0,12,39,4,39,67,11,77,0,3,3,119,12,132,10,3,12,4,76,79,28,0,28,3,0,9,186,138,326,5,20,26,24,5,31,265,239,501,13,6,18,15,19,37,1239,1203,2442
111011206,core,15,7,24,38,16,62,4,0,4,194,88,280,135,134,271,392,249,642,0,0,4,6,11,14,79,74,144,72,33,103,95,264,360,108,503,617,19,0,22,20,40,58,394,922,1314,11,0,12,104,55,166,186,4,186,314,8,323,165,0,168,61,37,95,19,34,54,40,65,101,899,204,1107,0,0,0,24,78,105,77,392,472,56,162,217,145,56,202,21,78,99,321,769,1092,0,3,3,28,123,153,0,41,41,24,205,228,10,136,147,19,110,128,8,13,22,33,42,76,130,671,800,0,0,0,44,50,89,291,510,805,30,144,175,367,702,1070,4,0,4,80,3,86,32,5,36,163,30,196,47,16,68,336,58,391,7,0,7,54,95,149,89,0,88,34,11,45,24,0,22,123,76,200,134,34,170,459,217,683,34,22,56,18,21,37,3359,3835,7190
111011207,core,0,0,0,7,4,4,0,0,0,24,7,32,22,19,40,53,29,80,0,0,0,0,3,5,15,5,23,17,0,25,10,42,49,7,11,16,3,0,3,3,9,16,50,76,124,0,0,0,8,3,12,16,0,16,49,0,52,13,0,13,20,11,32,13,0,11,7,13,17,122,26,150,0,0,0,4,4,10,9,49,61,21,31,53,0,0,0,8,6,16,52,96,147,0,0,0,0,17,20,0,0,0,3,8,13,0,4,5,0,17,19,3,0,3,4,0,5,11,62,71,0,0,0,3,5,6,19,30,45,0,0,0,23,36,58,0,0,0,3,0,4,3,0,3,8,0,13,0,0,0,15,3,23,0,0,0,6,12,23,12,0,12,0,0,0,7,0,7,4,20,21,11,4,15,43,42,80,4,0,5,4,5,6,374,367,742
111011208,core,19,18,36,67,32,105,0,0,0,300,277,576,198,335,536,584,668,1253,8,8,17,18,23,44,233,290,522,194,106,295,158,412,572,263,766,1025,82,23,102,97,254,350,1046,1876,2924,11,0,12,143,83,227,207,9,221,265,0,268,194,6,201,131,44,176,63,30,93,56,110,170,1073,289,1366,0,3,3,173,322,495,243,695,936,82,208,290,57,8,61,70,165,229,622,1396,2020,4,4,11,45,248,299,4,73,75,34,310,342,35,368,402,101,452,558,14,13,30,78,231,307,315,1713,2026,3,10,13,77,108,184,416,904,1321,58,142,197,550,1163,1709,3,0,3,69,27,96,12,0,12,176,33,204,33,11,42,286,70,360,12,0,16,105,154,259,94,3,93,41,22,65,28,5,35,113,98,210,144,66,207,532,352,885,53,69,120,28,33,61,5093,7631,12724
111011209,core,20,7,26,93,28,121,7,0,7,399,192,590,235,204,436,747,439,1183,5,0,8,17,18,36,122,102,227,147,58,201,143,380,526,108,293,403,39,3,45,39,84,120,612,946,1561,36,0,36,160,53,210,662,14,675,344,4,348,300,9,313,80,29,111,52,17,71,121,61,180,1754,197,1947,0,4,4,95,133,229,152,791,945,48,143,193,64,8,70,41,106,147,397,1186,1589,0,0,0,47,190,234,0,46,46,28,260,282,17,173,193,51,258,311,41,24,59,115,94,212,298,1050,1342,5,5,6,95,45,134,403,652,1055,60,146,200,557,846,1406,30,5,31,153,9,165,78,0,82,366,49,412,140,27,163,767,87,856,13,0,18,174,246,425,161,3,167,111,30,148,34,6,44,126,97,222,244,70,317,873,458,1331,54,31,86,45,23,74,6107,5268,11372
111011210,core,0,0,3,3,4,7,0,0,0,23,26,48,43,48,90,72,82,149,0,3,6,3,0,5,17,15,33,12,3,17,16,66,80,27,98,125,6,0,6,0,13,17,82,206,289,0,0,0,7,6,17,5,0,5,34,0,34,23,0,23,28,12,40,15,18,32,6,35,40,121,73,189,0,0,0,8,25,29,57,286,346,8,41,55,19,6,21,10,21,30,104,374,480,0,0,0,3,17,20,0,8,8,3,21,31,0,17,17,3,34,39,0,0,4,0,10,6,18,106,128,0,0,0,4,5,7,79,189,261,9,49,61,91,237,330,0,0,0,6,0,4,0,0,0,29,3,29,3,3,8,36,4,46,0,4,0,24,28,51,14,0,14,0,0,0,10,0,10,17,26,41,52,22,69,122,75,196,9,6,11,9,8,7,655,1174,1827
111011211,core,0,0,5,19,3,20,0,0,0,66,24,90,17,23,37,100,45,147,0,0,4,3,3,7,15,8,18,33,8,37,5,22,29,9,54,56,7,0,8,0,15,13,62,108,174,3,0,3,32,7,38,64,0,57,96,0,100,55,0,55,9,0,12,10,4,13,18,13,28,286,26,313,0,0,0,5,15,22,21,115,138,6,31,40,0,0,0,4,5,8,39,171,209,0,0,0,4,30,36,0,8,8,3,27,24,0,17,17,0,22,26,0,0,0,5,7,11,13,119,132,0,0,0,7,4,8,14,16,26,0,0,0,21,18,36,0,0,0,26,5,36,13,0,13,25,0,27,11,0,14,81,8,89,0,0,0,9,26,34,57,0,57,19,0,21,0,3,4,4,15,20,10,0,18,105,44,151,6,8,15,3,0,0,709,550,1260
111011212,core,3,5,14,11,7,16,0,0,0,64,42,102,52,58,116,138,112,244,0,0,0,12,11,20,40,31,75,21,13,37,49,124,176,13,62,82,17,0,16,11,20,27,158,272,435,0,0,0,34,15,44,34,0,40,124,0,122,48,0,51,36,19,57,19,8,24,10,13,25,307,64,368,0,0,0,0,12,15,19,149,160,27,88,115,6,0,6,11,27,38,58,276,336,0,0,0,4,41,44,0,12,11,3,55,61,0,35,36,6,57,64,7,5,13,6,9,14,27,210,237,0,0,0,16,25,37,70,148,217,13,46,54,95,222,309,3,0,3,9,0,9,6,0,6,26,7,30,9,4,14,47,9,55,4,0,4,29,46,73,41,0,43,0,3,5,9,0,9,39,47,85,49,24,71,172,120,288,11,5,23,11,5,13,1023,1286,2310
111011213,core,4,0,7,12,8,16,0,0,0,52,44,95,24,29,46,84,80,163,0,0,0,4,11,14,35,40,77,31,10,42,22,80,102,13,59,72,15,0,17,6,11,13,125,211,338,0,0,0,17,6,26,6,0,6,67,0,67,18,0,18,8,11,15,13,8,21,4,25,28,128,51,179,0,0,0,9,16,25,22,122,145,11,10,19,0,0,0,12,29,38,52,179,228,0,0,0,4,37,44,0,21,21,3,37,42,3,23,24,4,34,44,0,0,3,0,5,8,16,161,175,0,0,0,8,7,16,13,11,33,3,0,3,26,24,49,0,0,0,3,0,4,0,0,0,7,0,7,0,0,0,13,0,18,0,0,0,12,18,29,12,0,12,0,0,0,8,0,8,3,0,4,8,5,12,43,21,61,8,6,12,0,3,4,491,733,1230
111011214,core,16,6,26,63,26,86,0,0,0,232,157,391,199,205,404,514,392,901,4,13,17,12,13,17,130,177,310,144,108,254,72,222,300,114,263,377,47,20,62,35,97,134,553,913,1468,12,0,12,146,39,190,195,0,195,235,3,246,120,3,121,87,42,126,51,39,90,56,99,158,917,218,1135,0,0,0,20,87,104,45,376,421,59,180,237,9,0,10,75,121,204,210,775,980,0,3,3,37,153,194,0,54,54,23,220,240,22,188,211,17,196,217,31,27,52,63,82,142,196,922,1115,0,0,0,70,60,133,257,432,688,39,59,96,366,553,914,7,0,8,38,10,47,61,0,67,164,22,190,64,7,76,341,48,390,20,4,25,44,77,123,135,3,140,15,12,24,41,0,44,138,95,236,122,37,156,516,230,745,32,38,68,24,18,40,3668,4098,7765
111021215,core,9,0,9,10,3,9,0,0,0,49,49,103,26,13,42,97,71,162,0,0,0,6,4,12,15,33,43,48,34,84,64,152,217,11,87,97,11,0,12,8,20,30,163,333,496,6,0,6,27,13,40,51,6,52,84,0,84,12,0,12,9,15,17,17,12,26,10,11,26,206,53,259,0,0,5,8,49,58,65,303,369,4,15,22,0,0,0,6,14,20,84,386,466,0,0,0,9,36,45,0,10,14,0,52,50,0,19,21,4,46,46,0,6,3,4,8,15,26,167,191,0,0,0,3,7,9,16,31,41,3,9,11,25,41,62,7,0,10,20,4,23,22,0,22,52,0,51,4,0,4,110,3,118,7,0,7,11,31,40,50,0,50,10,0,10,4,0,7,5,17,26,21,10,30,108,62,166,11,10,15,9,4,12,830,1113,1949
111021216,core,3,0,4,12,6,14,0,0,0,36,22,63,21,31,53,67,56,130,0,0,0,4,3,11,19,12,28,10,9,14,10,39,51,15,48,59,6,0,4,3,7,17,70,120,186,3,0,3,8,10,14,7,0,9,70,6,75,24,0,24,28,11,37,11,6,20,3,17,14,157,37,194,0,0,0,6,22,25,28,139,164,11,26,39,4,0,4,7,11,15,52,203,253,0,0,0,3,25,24,0,15,15,0,20,21,3,17,17,3,28,36,0,0,0,5,8,10,17,115,129,0,0,0,3,3,13,18,50,66,3,11,12,29,65,90,0,0,0,8,0,8,4,0,4,18,4,21,4,0,4,31,4,41,0,0,0,5,22,25,20,0,20,0,3,4,10,0,6,15,19,32,18,9,30,69,53,118,4,9,12,0,4,6,495,667,1157
111021217,core,12,9,19,29,9,42,7,0,5,149,78,230,65,78,135,263,172,430,0,0,0,3,12,11,42,34,84,89,16,107,16,119,136,38,94,131,21,0,25,8,77,86,228,354,582,17,0,17,116,20,144,129,4,131,142,7,145,127,10,134,21,18,43,28,23,51,8,29,31,592,96,689,0,0,0,14,50,64,54,372,428,11,29,40,3,0,3,13,16,32,101,474,575,0,0,0,23,76,98,0,17,17,3,76,81,5,68,75,16,75,89,71,22,94,31,35,63,150,361,509,0,0,0,28,26,57,103,197,309,22,58,79,154,282,441,7,0,7,47,8,51,28,4,35,289,23,312,31,9,34,407,34,442,3,0,8,31,38,65,94,3,91,36,3,41,19,0,22,66,42,103,70,20,90,316,111,429,28,9,40,10,10,18,2242,1903,4144
111021218,core,21,3,27,47,14,63,32,14,48,245,115,359,124,121,242,466,261,731,0,0,3,14,17,31,66,92,154,115,45,153,121,254,371,112,239,346,28,3,31,46,73,119,499,714,1210,19,0,19,181,42,218,403,8,403,287,5,295,244,3,254,45,23,67,87,56,138,104,34,142,1370,168,1544,0,0,0,40,82,120,99,433,532,19,70,84,52,10,56,19,53,77,228,650,874,0,0,0,27,128,157,0,41,41,6,140,144,6,110,118,15,158,172,20,15,33,21,44,67,97,630,729,0,0,0,36,44,76,155,316,463,30,55,85,221,418,631,13,0,13,494,4,500,79,4,87,246,31,278,32,8,48,869,54,921,12,5,18,58,85,141,200,4,197,35,32,64,51,24,73,79,83,157,115,33,152,547,263,809,51,17,75,32,18,44,4382,3186,7568
111021219,core,13,6,18,20,18,30,3,0,3,142,80,222,83,103,184,255,206,456,4,5,3,10,10,14,65,91,152,60,20,76,77,211,286,64,256,324,23,7,26,28,62,93,320,656,974,10,0,9,45,20,63,139,4,143,129,4,132,38,0,38,67,27,91,45,9,57,11,61,79,483,126,613,0,5,5,33,91,121,59,432,490,36,85,123,66,20,84,21,67,90,208,697,911,0,0,0,20,80,92,0,42,46,8,91,94,3,99,108,20,87,104,20,7,21,17,54,73,81,464,546,0,0,3,30,37,56,101,261,360,13,62,73,135,358,496,0,0,0,42,4,50,31,0,33,164,14,176,9,0,10,251,18,271,8,0,12,35,85,121,74,5,78,13,5,17,18,0,18,58,54,116,81,24,105,282,177,462,22,14,34,23,9,38,2056,2734,4790
111021220,core,7,0,8,8,0,5,0,0,0,55,32,87,23,24,54,97,59,158,3,0,3,6,5,11,28,19,48,26,5,33,13,61,78,12,20,33,9,0,14,3,10,13,100,127,228,5,0,5,27,4,31,98,0,98,59,4,63,65,0,65,21,6,31,22,6,28,3,17,18,302,40,341,0,0,0,3,7,10,8,72,83,14,38,49,6,0,3,5,8,14,36,127,164,0,0,0,9,23,34,0,11,11,3,30,30,0,11,15,3,29,36,0,0,0,0,3,3,19,107,129,0,0,0,9,5,8,24,50,69,0,4,8,28,64,90,0,0,0,141,0,142,4,0,6,15,7,28,7,11,13,166,18,183,0,0,0,13,19,37,20,0,20,10,0,11,13,0,13,6,10,17,9,0,14,80,34,110,19,4,20,3,4,9,850,582,1436
111021221,core,3,0,3,7,0,7,0,0,0,30,24,60,14,20,31,60,45,103,0,0,0,0,3,3,10,19,27,14,11,23,44,88,130,0,16,22,7,0,8,7,11,16,82,146,229,3,0,3,11,0,11,43,0,43,61,4,61,20,0,20,9,3,11,8,10,25,4,17,21,158,37,196,0,0,0,0,8,8,29,119,144,6,21,28,26,4,29,5,14,23,68,167,233,0,0,0,8,27,33,0,9,9,0,29,29,0,12,11,0,25,25,3,5,5,0,5,7,12,106,118,0,0,0,3,5,5,11,37,49,0,9,9,10,50,63,0,0,0,25,4,24,9,0,9,23,6,28,3,0,3,60,12,72,0,0,0,9,25,39,31,0,31,5,0,5,8,0,8,9,6,16,18,5,22,85,36,121,7,3,7,5,4,6,541,604,1149
111031222,core,10,7,19,25,16,41,0,0,0,160,102,259,207,318,525,397,448,843,0,3,3,17,21,35,74,73,146,77,66,140,97,293,393,87,202,292,41,7,51,29,81,106,421,747,1171,6,0,6,63,64,128,70,0,70,121,0,120,100,0,103,81,41,122,34,47,87,33,106,138,510,261,770,4,0,9,16,48,63,43,244,288,63,219,280,42,10,48,55,168,220,226,690,911,0,0,0,19,106,125,0,25,28,15,119,135,24,200,230,19,127,140,28,35,66,74,123,193,182,735,912,0,5,5,46,39,85,407,1109,1522,43,148,195,502,1306,1806,0,0,4,8,11,15,8,0,8,77,8,89,63,9,73,166,28,188,9,0,7,52,63,114,47,0,47,17,6,32,5,0,9,103,74,179,127,64,195,364,214,579,28,23,50,10,20,34,2804,4466,7269
111031223,core,27,6,32,73,12,80,9,4,14,473,138,614,130,77,211,709,242,947,5,0,3,11,6,13,137,93,226,199,46,249,55,146,198,26,36,61,31,3,36,9,15,18,470,344,814,41,0,41,263,27,291,781,24,801,206,9,213,312,8,318,17,18,42,42,0,50,43,25,66,1707,106,1811,0,0,0,10,16,28,21,111,133,25,64,84,29,0,29,11,20,36,101,217,318,0,10,10,55,117,172,0,11,11,18,132,152,11,91,104,29,155,184,74,26,101,125,88,208,309,628,940,5,0,5,95,32,126,130,132,260,19,35,54,250,197,442,29,0,32,204,33,244,218,7,221,532,18,544,189,34,224,1175,92,1260,33,0,39,102,102,197,188,0,191,541,517,1062,66,7,76,32,30,66,180,55,231,1152,716,1862,85,26,110,41,24,70,5994,2591,8579
111031224,core,42,26,63,124,55,179,0,0,0,619,440,1060,282,242,523,1068,764,1829,13,13,29,56,55,119,496,650,1147,443,222,666,196,520,716,175,326,495,254,49,308,134,296,428,1770,2134,3899,20,0,20,267,73,347,400,8,406,174,0,173,229,6,236,120,46,164,59,87,146,68,74,138,1336,295,1624,0,10,10,133,247,376,172,649,822,90,229,322,58,17,70,95,126,223,548,1274,1821,0,7,7,126,308,427,0,126,129,43,388,439,47,369,417,96,404,500,20,41,54,143,128,267,470,1768,2239,3,0,3,107,88,200,299,337,639,37,40,79,454,476,924,9,0,9,135,32,167,32,0,34,346,38,393,72,10,80,599,83,683,25,4,32,138,109,246,134,5,143,65,24,87,41,32,77,152,85,233,118,39,157,683,288,964,66,58,118,36,38,75,7016,7168,14182
111031225,core,11,14,21,52,26,79,0,0,0,230,230,454,128,110,240,422,373,791,10,48,63,23,19,41,137,166,307,162,217,376,87,297,385,911,3238,4146,41,19,64,48,191,245,1423,4204,5623,6,3,11,118,247,363,177,9,187,156,4,158,84,3,89,74,53,128,24,22,48,33,68,109,675,405,1083,3,6,10,50,226,275,172,406,576,98,203,301,81,5,83,34,69,106,430,916,1348,0,3,3,28,161,192,0,99,99,34,345,380,18,341,357,18,129,151,23,52,82,50,79,126,174,1213,1387,0,0,0,48,41,84,146,162,311,28,33,67,227,236,463,10,0,11,48,43,94,14,0,14,96,6,102,77,9,83,242,62,305,13,0,12,88,216,306,49,0,49,50,41,89,27,4,30,59,118,178,100,27,130,377,413,791,49,29,73,29,22,49,4037,7868,11905
111031226,core,0,3,5,14,3,17,0,0,0,54,42,97,29,24,52,102,68,170,3,0,0,4,3,11,22,28,57,30,11,43,42,146,187,5,28,34,14,10,21,11,15,29,138,248,384,0,0,0,10,4,15,83,0,83,71,0,77,28,0,28,15,15,34,9,14,19,11,20,29,220,55,276,0,0,0,9,20,33,55,274,331,3,29,34,0,0,0,12,16,28,80,338,422,0,4,4,9,38,51,0,8,8,4,46,45,0,28,27,9,42,52,8,6,7,7,8,19,37,172,208,0,0,0,7,13,21,51,82,138,7,46,53,72,138,211,0,0,3,20,3,24,8,0,8,129,14,143,8,3,15,170,24,193,0,0,0,26,32,57,30,0,29,12,17,29,8,0,7,7,11,21,47,13,54,130,73,206,4,15,18,8,11,16,955,1147,2100
111031227,core,35,13,43,86,27,115,0,0,0,490,247,733,185,120,308,796,407,1198,23,15,33,38,31,69,205,184,393,523,146,667,60,199,259,86,224,306,148,18,164,59,207,270,1144,1020,2166,28,3,32,300,58,359,304,3,303,185,0,182,315,13,323,66,28,93,27,29,53,85,32,115,1308,163,1470,0,5,3,38,137,167,146,641,788,55,94,146,68,11,73,95,64,160,393,955,1345,0,6,8,59,157,210,0,52,52,36,180,219,14,142,153,27,159,184,254,113,369,92,86,183,470,897,1373,0,0,6,55,45,95,192,248,436,24,89,109,271,378,644,28,0,28,363,18,380,59,0,59,531,65,602,109,21,129,1084,105,1192,11,0,14,94,106,200,112,8,117,107,15,117,19,3,22,89,55,145,144,44,194,580,226,807,67,30,98,31,25,62,6147,4210,10357
111031228,core,6,11,14,33,17,49,3,0,3,109,93,200,98,111,215,244,233,485,4,5,14,18,25,46,135,109,245,80,58,143,41,147,192,109,332,447,10,7,18,27,43,74,437,725,1163,3,0,3,34,15,53,17,0,17,138,4,136,49,0,47,92,37,130,9,13,26,14,58,78,345,139,483,0,0,0,13,66,83,62,241,305,64,156,215,10,0,13,25,81,111,169,551,723,0,0,0,19,88,102,0,37,39,4,99,106,9,121,128,9,72,84,5,6,9,10,20,38,61,444,501,0,0,0,40,45,87,51,143,196,19,22,37,117,210,326,0,0,0,12,18,29,4,0,0,33,3,34,3,3,8,48,22,74,7,0,8,27,44,74,30,0,30,0,3,9,4,0,4,76,35,110,34,12,50,183,101,284,10,13,28,7,9,18,1629,2454,4087
111031229,core,62,56,114,155,78,239,3,3,6,834,788,1622,361,440,802,1413,1371,2784,32,40,80,110,93,205,950,1182,2130,779,377,1154,179,318,494,209,637,844,435,150,581,431,847,1274,3122,3643,6769,13,5,19,326,128,458,73,6,75,236,0,237,75,4,79,283,112,398,28,25,52,68,132,202,1103,415,1519,0,6,3,72,216,286,92,423,518,274,571,844,295,98,392,84,192,273,814,1502,2320,10,18,24,153,446,597,6,283,289,101,654,760,236,851,1084,319,1129,1446,13,42,55,290,657,940,1125,4065,5193,3,0,8,187,232,422,239,417,653,45,128,174,475,783,1262,12,0,12,74,9,77,29,0,29,89,17,108,22,7,27,214,36,251,13,0,13,104,166,264,109,4,112,16,14,31,20,0,22,189,103,291,151,50,203,602,339,946,99,166,265,50,63,115,9039,12382,21415
111031230,core,15,0,15,24,8,28,0,0,0,241,45,283,30,9,40,317,56,374,0,0,5,0,0,0,53,57,112,214,29,240,0,0,3,5,23,29,19,5,29,0,7,6,295,131,428,38,0,38,104,12,122,321,3,323,20,0,21,128,6,135,0,0,0,0,0,0,77,10,85,692,30,722,0,0,0,0,5,3,3,12,10,0,0,6,20,0,24,7,6,10,32,20,49,0,0,0,38,28,64,0,3,3,6,43,45,12,19,30,8,34,42,37,3,36,73,34,105,171,164,329,0,0,0,9,10,16,19,19,40,3,8,7,29,31,62,23,0,23,265,14,281,67,0,64,305,25,326,34,0,38,695,43,731,12,0,12,20,29,55,54,0,59,47,6,51,5,0,5,13,3,20,94,4,102,257,46,302,39,12,54,15,3,20,2539,534,3070
111031231,core,17,8,28,40,10,55,0,0,0,248,187,439,106,88,194,419,297,714,142,158,302,30,29,55,101,188,288,143,107,246,463,595,1054,62,228,292,65,23,89,28,89,117,1040,1414,2449,11,4,15,128,74,200,119,0,122,199,4,199,72,4,76,51,19,71,31,9,40,51,47,95,663,158,815,0,0,0,16,57,69,57,309,370,34,92,126,48,5,56,37,51,83,195,511,704,0,0,5,31,178,205,0,66,70,19,245,264,34,121,151,16,87,101,9,9,19,71,64,140,181,768,955,0,0,0,38,35,74,130,243,370,23,62,84,191,336,526,7,0,7,24,8,42,65,7,69,302,23,332,58,8,63,461,42,509,11,0,12,67,100,165,53,0,53,40,15,54,39,4,38,62,50,107,90,18,109,358,189,550,33,34,71,29,14,40,3575,3765,7339
111031232,core,4,0,3,3,6,12,5,0,5,27,27,58,29,32,58,70,60,136,0,0,0,3,13,13,13,24,41,22,10,32,6,47,56,13,49,61,11,0,13,10,22,28,71,163,237,0,0,0,7,4,14,16,0,16,38,3,40,15,0,15,22,10,29,19,4,21,4,12,13,128,31,158,0,0,0,16,37,47,45,157,200,20,44,64,9,0,12,3,10,14,93,251,341,0,0,0,4,22,25,0,12,12,0,23,27,0,20,22,0,20,25,0,0,0,11,11,17,15,98,118,0,0,0,7,8,15,27,30,60,4,9,13,39,50,90,0,0,0,3,0,6,3,0,3,22,4,24,0,0,0,33,3,42,6,0,6,8,25,28,18,0,18,0,0,3,4,0,4,9,10,25,14,4,19,49,42,98,6,4,13,3,0,6,510,719,1227
111031233,core,9,11,17,30,10,40,0,0,0,125,122,247,102,113,210,267,256,517,10,18,29,13,18,31,85,103,190,120,31,153,96,276,369,92,378,471,85,11,97,65,159,228,574,1001,1575,3,0,3,62,31,93,70,0,74,115,0,118,152,5,152,53,37,88,29,11,40,40,59,98,522,148,666,0,0,0,46,119,170,139,627,762,27,92,121,13,4,16,14,42,61,242,886,1127,0,5,3,25,91,121,0,47,52,24,148,173,13,142,148,15,127,141,11,10,26,31,87,119,132,648,779,0,0,0,31,19,53,145,272,413,20,57,82,201,346,546,0,0,0,30,3,32,18,0,20,85,6,93,19,6,15,147,21,159,5,8,7,59,92,151,42,0,39,14,5,16,8,0,13,68,84,150,70,22,95,271,210,479,30,29,64,21,10,32,2403,3545,5946
111031234,core,11,9,20,29,14,40,3,0,3,151,148,302,45,46,95,237,219,459,14,21,35,8,11,13,52,137,196,112,62,172,120,292,407,321,1076,1403,41,24,69,27,104,130,695,1727,2423,14,5,19,90,43,133,132,0,137,153,4,156,124,3,130,26,23,51,33,8,39,22,43,65,599,124,728,0,0,0,17,104,125,183,646,832,23,59,81,119,50,166,17,33,43,360,889,1244,0,0,0,30,88,116,0,50,50,15,192,206,7,169,179,21,112,123,10,14,21,25,51,77,107,673,778,0,0,0,12,4,16,73,186,253,12,55,72,94,245,345,13,0,16,110,9,113,37,0,41,93,4,102,21,0,22,273,18,291,31,0,30,61,85,141,71,4,73,16,8,22,31,4,37,29,82,113,89,25,113,338,201,539,34,16,48,23,11,32,2756,4137,6892
111031235,core,16,17,35,86,30,115,0,0,0,362,200,557,128,106,235,597,354,946,3,10,14,38,29,64,151,185,336,210,94,304,113,186,297,32,36,67,109,26,135,43,80,126,695,645,1339,12,0,12,138,34,175,302,6,310,182,3,187,164,0,165,54,25,78,17,14,33,58,54,108,923,135,1062,3,0,5,35,87,124,129,321,454,59,113,167,51,9,60,26,31,49,295,558,856,0,5,6,37,133,172,0,31,32,20,191,219,14,86,94,26,150,177,13,11,28,80,61,140,191,673,864,0,0,0,75,57,128,155,75,233,32,10,42,263,140,401,11,5,12,65,14,76,25,0,28,312,24,334,93,18,110,503,55,557,12,4,14,73,87,152,92,6,95,32,5,36,22,0,22,37,28,62,155,18,171,418,137,559,40,23,59,19,9,30,3944,2736,6680
