SA1_CODE_2021,zone_tier,Median_age_persons,Median_mortgage_repay_monthly,Median_tot_prsnl_inc_weekly,Median_rent_weekly,Median_tot_fam_inc_weekly,Average_num_psns_per_bedroom,Median_tot_hhd_inc_weekly,Average_household_size
10601110701,core,30,1733,859,385,2169,0.8,1901,2.8
10601110702,core,36,1517,659,350,1759,0.8,1381,2.5
10601110703,core,31,2167,982,370,2555,0.7,2344,2.8
10601110704,external,46,2188,903,300,2899,0.8,2374,2.9
10601110705,external,45,2340,938,400,2700,0.8,2818,3.0
10601110706,core,45,2167,848,350,2250,0.8,1921,2.7
10601110707,core,55,2787,906,260,2178,0.7,1575,2.4
10601110708,core,44,2659,811,320,2208,0.8,2071,2.9
10601110709,core,41,1517,694,350,1946,0.8,1531,2.4
10601110710,core,34,1733,860,370,2050,0.8,1899,2.6
10601110712,core,37,1733,740,350,2156,0.8,1825,2.7
10601110713,core,39,1630,805,350,2031,0.8,1604,2.7
10601110714,core,32,1658,842,400,2058,0.8,1882,2.8
10601110716,external,38,2383,923,415,3008,0.8,3007,3.3
10601110717,external,42,2871,768,400,2428,0.9,2550,3.2
10601110718,external,43,2449,857,350,2824,0.8,2591,2.9
10601110719,core,32,1733,1030,380,2384,0.8,2125,2.8
10601110720,core,33,1690,812,360,2066,0.8,1875,2.7
10601110722,core,37,1400,807,345,2100,0.8,1937,2.6
10601110723,core,34,1712,781,380,2125,0.9,1974,3.0
10601110725,core,31,1733,995,380,2285,0.7,1949,2.6
10601110726,core,32,2015,947,390,2750,0.8,2514,2.9
10601110727,core,28,2167,1216,450,2512,0.8,2310,2.8
10601110728,core,56,2167,968,313,2333,0.7,2050,2.4
10601110729,core,30,2167,1102,450,2537,0.7,2413,2.9
10601110730,core,56,2351,1166,690,3463,0.6,3156,2.5
10601110731,core,42,2167,859,463,2681,0.8,2318,2.9
10601110732,core,29,2167,1157,450,2432,0.7,2266,2.8
10601110733,core,59,2500,1042,660,2356,0.6,2218,2.3
10601110801,core,44,1300,561,290,1216,0.8,946,2.1
10601110806,core,40,1400,532,288,1194,0.8,1053,2.4
10601110807,core,37,1300,601,318,1411,0.8,1241,2.4
10601110808,core,34,1278,665,310,1524,0.8,1312,2.4
10601110809,core,37,1478,622,310,1463,0.8,1286,2.4
10601110810,core,39,1446,745,300,1759,0.8,1321,2.5
10601110811,core,45,1509,611,355,1477,0.8,1399,2.5
10601110812,core,51,1473,490,230,1224,0.8,912,2.1
10601110813,core,52,1465,509,328,1476,0.8,1321,2.3
10601110814,core,49,1430,585,290,1275,0.7,822,2.0
10601110815,core,41,1300,725,345,1839,0.8,1375,2.3
10601110816,core,37,1549,667,310,1797,0.8,1292,2.5
10601110817,core,44,1509,607,315,1542,0.7,1158,2.4
10601110818,core,82,3609,463,121,3750,0.9,3625,2.2
10601110819,core,38,1462,652,290,1481,0.8,1275,2.4
10601110820,core,45,1387,523,310,1317,0.8,1068,2.3
10601110821,core,44,1415,551,305,1325,0.7,1132,2.2
10601110822,core,36,1434,677,315,1696,0.8,1359,2.6
10601110823,core,38,2167,624,300,2031,0.8,1625,3.0
10601110824,core,38,1279,589,335,1468,0.8,1270,2.5
10601110825,core,27,1157,489,340,1088,0.9,1064,3.0
10601110826,core,43,2167,762,330,2036,0.8,1696,2.7
10601110827,core,39,2124,575,370,1281,0.9,1300,3.0
10601110828,core,63,2200,1013,530,2083,0.6,1833,1.9
10601110829,core,39,1344,646,335,1583,0.8,1317,2.5
10601110830,core,35,1500,586,348,1509,0.8,1239,2.5
10601110831,core,42,1509,640,310,1458,0.8,1321,2.2
10601110832,core,35,1387,617,290,1406,0.9,992,2.3
10601110833,core,47,1443,604,310,1402,0.7,1228,2.2
10601110834,core,41,1408,667,300,1458,0.8,1143,2.2
10601110835,core,40,1539,643,330,1767,0.8,1343,2.4
10601110836,core,39,1511,695,310,1847,0.8,1382,2.4
10601110837,core,47,1300,532,295,1309,0.8,900,2.0
10601110838,core,38,1376,639,310,1474,0.8,1147,2.3
10601110839,core,34,1452,600,310,1625,0.8,1307,2.5
10601110840,core,40,1517,627,303,1375,0.8,1237,2.5
10601110841,core,33,1509,547,285,1521,0.8,1078,2.6
10601110842,core,39,1873,671,300,2203,0.8,2150,3.2
10601110843,core,43,1387,647,310,1575,0.8,1295,2.3
10601110844,core,40,1500,622,330,1649,0.8,1385,2.5
10601110845,core,67,1083,442,290,1260,0.8,717,1.8
10601110847,core,36,1517,653,343,1550,0.9,1437,2.8
10601110848,core,34,1344,622,313,1687,1.0,1449,2.8
10601110850,core,40,1708,722,370,1902,0.7,1758,2.6
10601110852,core,39,1733,654,310,1906,0.7,1458,2.4
10601110855,core,39,1950,788,380,2230,0.7,2083,2.9
10601110858,core,34,1333,541,300,1145,0.8,992,2.4
10601110859,core,24,1733,790,420,1823,0.9,1867,3.6
10601110860,core,35,1430,665,330,1442,0.8,1242,2.5
10601110861,core,38,0,0,0,0,0.0,0,0.0
10601110862,core,58,867,450,255,1125,0.9,1125,3.1
10601110863,core,30,1755,715,378,1803,0.9,1767,3.0
10601110864,core,42,2000,841,350,2363,0.8,2261,3.0
10601110865,core,36,1517,594,320,1286,0.7,1137,2.4
10601110866,core,43,1733,690,403,1906,0.7,1445,2.6
10601110901,core,33,1733,701,365,1773,0.8,1669,3.0
10601110902,core,32,1733,652,405,1485,0.8,1454,3.0
10601110903,core,39,1463,558,325,1821,0.9,1778,2.9
10601110904,core,36,1549,708,360,2227,0.9,2062,3.0
10601110905,core,44,1858,754,373,2166,0.8,2029,2.8
10601110906,core,43,2297,860,345,2603,0.8,2359,3.1
10601110907,core,33,1436,554,335,1770,0.9,1468,2.9
10601110908,core,39,1517,652,300,1681,0.8,1548,2.7
10601110909,core,33,1387,677,310,1580,0.8,1382,2.6
10601110911,core,40,1900,779,200,2150,0.8,1875,2.9
10601110912,core,42,3115,935,450,2656,0.8,2424,3.1
10601110913,core,51,2392,751,100,1930,0.7,1843,2.8
10601110914,core,46,2000,727,350,2281,0.8,2250,2.9
10601110915,core,47,2450,918,365,2575,0.8,2525,2.9
10601110916,core,47,2327,783,400,2187,0.9,2156,2.9
10601110917,core,42,1733,725,310,1803,0.8,1733,2.7
10601110918,core,53,1798,616,315,1724,0.9,1525,2.5
10601110920,core,56,1842,746,400,1946,0.8,1640,2.1
10601110921,core,57,1509,691,413,1924,0.8,1339,2.0
10601110922,core,53,1674,637,300,1910,0.7,1390,2.1
10601110924,core,19,3900,1499,0,2750,1.0,2750,4.0
10601110925,core,32,2708,1104,650,2843,0.8,2856,3.5
10601110926,core,32,2290,833,150,2799,0.8,2562,3.4
10601110927,core,48,2000,642,525,2100,0.8,2045,3.1
10601110928,core,33,2167,920,440,2840,1.0,2899,3.9
10601110929,core,32,1733,706,395,1946,0.8,1726,2.9
10601110930,core,52,1744,747,400,2125,0.8,1728,2.4
10601111001,external,42,2029,784,425,2194,0.8,2111,2.9
10601111002,external,39,1667,711,360,1846,0.8,1583,2.7
10601111003,external,42,1604,677,320,1728,0.8,1454,2.5
10601111004,external,39,1690,563,325,1843,0.8,1531,2.5
10601111006,external,57,1673,618,350,1403,0.7,1158,2.3
10601111007,external,53,1300,567,278,1240,0.7,960,2.2
10601111008,external,58,1000,534,250,1187,0.7,820,1.9
10601111009,external,49,1213,635,323,1359,0.7,1089,2.1
10601111010,external,50,1116,542,320,1187,0.7,1052,2.2
10601111011,external,40,2600,869,300,2457,0.8,2176,2.9
10601111012,external,40,1780,706,335,1958,0.8,1485,2.6
10601111013,external,46,2445,841,350,2027,0.9,1843,2.7
10601111014,external,41,2383,826,295,1937,0.8,1733,2.6
10601111015,external,57,2086,700,265,1699,0.7,1325,2.1
10601111016,external,52,1842,591,150,1478,0.8,1174,2.3
10601111017,external,53,2400,720,230,1562,0.8,1541,2.5
10601111018,external,54,1767,636,330,1916,0.7,1449,2.5
10601111019,external,53,1858,737,290,1895,0.7,1446,2.2
10601111020,external,48,2109,803,350,2023,0.8,1571,2.5
10601111021,external,38,2275,891,450,2416,0.8,2299,2.9
10601111022,external,41,1441,549,280,1553,0.8,1042,2.4
10601111023,external,44,1343,770,300,1931,0.8,1670,2.4
10601111024,external,41,2347,949,525,2678,0.8,2562,2.9
10601111025,external,49,2084,773,320,1968,0.9,1833,2.7
10601111026,external,42,2004,768,350,1931,0.9,2150,3.0
10601111027,external,42,2167,791,250,2025,0.8,1821,2.8
10601111028,external,45,1083,708,345,1562,0.7,1102,2.1
10601111029,external,36,1647,706,393,1937,0.9,1625,3.4
10601111101,core,37,1517,702,305,1887,0.8,1424,2.6
10601111102,core,46,1517,700,350,1458,0.8,1386,2.5
10601111103,core,27,1387,418,300,900,0.9,791,2.7
10601111104,core,40,1107,556,290,971,0.8,900,2.2
10601111105,core,33,1356,790,320,1625,0.8,1209,2.2
10601111106,core,36,1465,768,340,1854,0.8,1365,2.3
10601111107,core,36,1313,555,300,1275,0.8,1085,2.2
10601111108,core,43,1365,582,320,1440,0.8,1174,2.3
10601111109,core,37,1300,653,280,1892,0.8,1354,2.4
10601111110,core,37,1304,629,308,1521,0.8,1229,2.3
10601111111,core,34,1300,549,310,1350,0.9,1214,2.6
10601111112,core,33,2418,952,485,2732,0.8,2838,3.5
10601111113,core,41,1539,627,310,1476,0.7,1337,2.5
10601111114,core,43,1400,632,325,1759,0.8,1201,2.4
10601111115,core,37,1517,621,310,1521,0.8,1159,2.5
10601111116,core,46,1430,483,360,1545,0.8,1346,2.6
10601111117,core,37,1625,781,385,1937,0.8,1833,2.6
10601111118,core,41,1733,735,380,2166,0.8,2053,2.9
10601111121,core,41,1300,665,348,1547,0.9,1394,2.5
10601111122,core,39,1083,597,320,1542,0.8,1068,2.4
10601111123,core,38,1306,636,323,1670,0.8,1312,2.6
10601111124,core,34,1330,591,255,1593,0.9,1470,2.9
10601111125,core,55,1114,534,255,1325,0.9,789,2.1
10601111126,core,43,1733,645,375,1843,0.7,1515,2.6
10601111127,core,38,1512,627,320,1683,0.8,1358,2.4
10601111128,core,35,1282,632,290,1437,0.9,1044,2.2
10601111129,core,38,1399,710,340,1694,0.8,1375,2.2
10601111130,core,39,1560,657,320,1656,0.8,1492,2.5
10601111131,core,39,1509,725,300,1770,0.8,1394,2.4
10601111132,core,35,1517,691,350,1625,0.8,1262,2.4
10601111133,core,34,1330,554,300,1395,0.8,945,2.4
10601111134,core,38,1408,656,320,1275,0.8,1144,2.4
10601111135,core,39,1437,698,315,1713,0.8,1514,2.7
10601111136,core,44,1474,592,340,1383,0.8,1069,2.1
10601111137,core,0,0,0,0,0,0.0,0,0.0
10601111138,core,40,1742,782,358,2022,0.8,1781,2.8
10601111139,core,22,3467,2500,0,4750,1.0,4750,4.0
10601111140,core,38,1566,673,340,1493,0.8,1375,2.7
10601111141,core,37,2167,791,300,2634,0.8,2481,3.2
10601111142,core,32,2535,537,350,1208,1.1,2124,3.7
10601111143,core,39,1517,556,290,1399,0.8,1149,2.5
10601111144,core,37,1300,566,300,1550,0.9,1136,2.4
10601111146,core,32,0,0,0,0,0.0,0,0.0
10601111147,core,42,2156,700,320,1924,0.9,1833,3.1
10601111148,core,31,1784,872,390,1944,0.8,1763,2.8
10601111149,core,32,2167,973,390,2583,0.8,2426,3.2
10601111150,core,28,2123,1056,455,2397,0.8,2358,3.0
10601111151,core,43,1811,596,460,1687,0.7,1476,2.8
10601111152,core,28,1983,1090,478,2416,0.7,2321,2.8
10601111153,core,26,1800,839,430,2077,0.8,1921,3.2
10601111154,core,28,2100,1172,490,2302,0.7,2256,2.9
10601111155,core,25,2000,873,430,1666,0.8,1577,2.8
10601111156,core,27,2072,1006,448,2194,0.8,2172,3.1
10601111157,core,44,3000,1749,0,3250,0.5,3250,2.0
10601111158,core,35,2000,856,380,2391,0.8,2297,2.9
10601111159,core,0,0,0,0,0,0.0,0,0.0
10601111201,external,34,1733,808,400,2299,0.7,2237,2.7
10601111202,external,33,1755,872,400,2617,0.8,2374,3.0
10601111203,external,39,1847,832,300,2404,0.8,1737,2.4
10601111204,external,42,2112,939,420,2441,0.7,2264,2.6
10601111205,external,36,1463,762,360,2187,0.7,1589,2.2
10601111206,external,39,1733,661,245,1812,0.8,1350,2.5
10601111207,external,38,1788,580,264,1645,0.8,1341,2.3
10601111208,external,31,1279,521,271,1196,0.8,1009,2.3
10601111209,external,44,1712,690,330,2333,0.7,1483,2.3
10601111210,external,22,2167,910,320,2125,0.8,1937,2.8
10601111211,external,50,2167,883,400,2049,0.7,1949,2.3
10601111213,external,41,1733,639,290,1348,0.8,1101,2.3
10601111214,external,37,1733,911,330,2428,0.8,2012,2.4
10601111215,external,40,1733,765,315,1954,0.8,1569,2.1
10601111216,external,38,1733,779,232,2025,0.7,1416,2.2
10601111217,external,30,2058,1117,360,2681,0.8,2321,2.9
10601111218,external,42,1517,735,290,2173,0.8,1399,2.2
10601111219,external,42,1649,695,300,1875,0.8,1458,2.2
10601111220,external,42,2392,784,340,2333,0.7,2374,2.8
10601111221,external,32,1733,958,315,2478,0.7,2173,2.6
10601111222,external,31,1300,539,265,1218,0.8,1042,2.4
10601111223,external,37,1863,814,300,2388,0.7,2015,2.3
10601111224,external,38,2167,978,454,2978,0.8,2874,3.3
10601111225,external,41,2100,795,640,3024,0.8,3027,3.2
10601111226,external,38,2383,961,600,2905,0.8,2916,3.2
10601111227,external,33,1652,903,340,2237,0.8,2031,2.8
10601111228,external,33,1733,947,300,2594,0.7,2178,2.7
10601111229,external,38,1517,705,335,1921,0.7,1575,2.5
10601111230,external,33,1430,566,250,1462,0.8,1125,2.3
10601111231,external,44,2167,1018,350,2615,0.8,2420,2.8
10601111232,external,48,1733,815,350,2100,0.7,1875,2.5
10601111233,external,37,1621,758,325,1802,0.8,1568,2.3
10601111234,external,32,1565,772,345,1916,0.8,1542,2.5
10601111235,external,34,1630,845,390,2250,0.7,1942,2.6
10601111237,external,32,1983,1149,410,2487,0.7,2475,2.9
10601111238,external,31,1582,879,400,2396,0.8,2285,2.8
10601111240,external,41,1733,498,310,2272,0.7,1924,2.4
10601111241,external,43,1452,566,230,1812,1.0,787,2.1
10601111242,external,36,1647,829,350,2579,0.8,2053,2.6
10601111244,external,30,1733,960,395,2555,0.7,2229,2.9
10601111245,external,30,1928,1347,320,2916,0.8,2884,3.1
10601111246,external,30,1793,825,400,2367,0.8,2175,2.8
10601111247,external,32,1767,924,430,2516,0.8,2387,2.9
10601111248,external,31,1950,1129,340,2654,0.8,2542,3.3
10601111249,external,34,1733,875,400,2270,0.8,2211,2.9
10601111250,external,32,2025,912,400,2529,0.8,2374,3.0
10601111251,external,31,2167,1202,400,3083,0.7,2765,2.8
10601111301,external,42,1500,687,373,1812,0.8,1458,2.6
10601111302,external,43,2238,760,355,2096,0.8,1847,2.5
10601111303,external,36,2210,725,300,2107,0.9,2187,3.3
10601111304,external,48,1560,578,340,1375,0.8,1160,2.3
10601111305,external,37,2092,760,423,2299,0.9,2062,3.0
10601111306,external,38,1517,776,340,2136,0.8,1937,2.7
10601111307,external,35,2692,841,330,2083,0.9,2200,3.2
10601111308,external,41,1517,687,368,1437,0.8,1624,2.6
10601111309,external,42,2167,940,428,2568,0.8,2291,2.9
10601111310,external,47,2265,725,107,2274,0.9,1875,2.5
10601111311,external,47,2450,817,220,2392,0.8,2041,2.7
10601111312,external,40,2600,884,300,2512,0.8,2250,2.9
10601111313,external,44,2600,813,330,2840,0.8,2772,2.9
10601111314,external,42,2342,833,385,2416,0.8,2323,3.0
10601111315,external,41,2167,699,450,2250,1.0,2250,3.2
10602111401,core,39,1333,537,330,1292,0.8,1010,2.1
10602111402,core,43,1300,581,280,1483,0.8,1042,2.1
10602111403,core,30,1560,850,400,1687,0.8,1625,2.8
10602111408,core,40,1344,676,330,1763,0.8,1364,2.4
10602111409,core,42,1300,612,247,1583,0.8,1045,1.9
10602111410,core,41,1452,630,315,1478,0.8,1206,2.0
10602111411,core,50,1456,549,340,1437,0.8,1220,2.1
10602111412,core,51,1891,725,430,2062,0.8,1704,2.6
10602111415,core,42,2600,1072,531,3421,0.8,3430,3.4
10602111416,core,31,1929,1002,445,2431,0.8,2341,3.2
10602111417,core,26,1918,996,400,1757,0.8,1656,2.5
10602111418,core,37,1733,687,380,1781,0.7,1386,2.4
10602111419,core,31,1975,853,300,1937,0.9,2333,3.3
10602111420,core,30,1956,1087,448,2453,0.8,2346,3.2
10602111421,core,31,1924,993,450,2354,0.8,2319,3.1
10602111422,core,38,2000,795,440,2266,0.8,2312,3.1
10602111423,core,29,2000,1105,440,2380,0.8,2329,2.9
10602111424,core,31,2600,1211,670,3410,0.9,3428,3.7
10602111425,core,29,1998,1070,450,2273,0.8,2232,3.0
10602111426,core,73,737,527,179,825,0.7,596,1.3
10602111601,core,42,1830,883,380,2235,0.7,1949,2.8
10602111602,core,49,2167,965,134,2905,0.7,2750,2.8
10602111603,core,40,1920,847,388,2203,0.7,2100,2.7
10602111604,core,38,2167,934,420,2666,0.7,2336,2.9
10602111605,core,37,2025,906,420,2250,0.8,2157,2.8
10602111606,core,35,2280,1058,480,3164,0.8,3145,3.5
10602111607,core,43,1835,791,350,2416,0.8,1468,2.4
10602111608,core,41,1950,873,345,2150,0.8,1763,2.5
10602111609,core,39,1817,984,450,3024,0.8,2531,2.7
10602111610,core,46,2167,971,400,2853,0.7,1920,2.5
10602111611,core,41,1733,769,330,2053,0.8,1437,2.4
10602111612,core,38,2149,870,430,2475,0.7,2250,2.8
10602111613,core,34,2300,1034,440,2401,0.7,2319,2.9
10602111614,core,50,1768,880,425,2600,0.7,2137,2.6
10602111615,core,46,1950,725,445,2218,0.8,1971,2.9
10602111617,core,35,2500,879,380,2783,0.8,2750,3.1
10602111618,core,29,2167,1230,450,2750,0.8,2567,3.2
10602161401,core,33,1083,453,250,955,0.8,772,2.3
10602161402,core,37,2167,1011,500,2839,0.8,2803,3.4
10602161403,core,34,1430,489,265,1199,0.8,822,2.2
10602161404,core,43,1484,640,300,1625,0.8,1406,2.6
10602161405,core,47,1430,654,330,1562,0.8,1118,1.8
10602161406,core,34,2000,1099,470,3125,0.8,3017,3.1
10602161407,core,37,1670,806,383,2036,0.7,1662,2.5
10602161408,core,43,1863,706,273,1819,0.8,1184,2.1
10602161409,core,35,1733,861,390,2226,0.7,1726,2.8
10602161410,core,38,1733,725,350,1800,0.8,1740,2.9
10602161411,core,45,2167,783,490,2625,0.7,2437,3.0
10602161412,core,41,1733,796,350,2018,0.8,1395,2.2
10602161413,core,49,1733,644,358,1612,0.7,1171,2.1
10602161414,core,45,1755,633,393,1525,0.7,1199,2.3
10602161415,core,35,1733,803,400,1704,0.8,1765,3.0
10602161416,core,41,1415,622,253,1583,0.8,1273,2.1
10602161417,core,39,1517,862,340,1819,0.8,1406,2.2
10602161418,core,43,2167,952,498,2766,0.7,2730,3.0
10602161419,core,32,2000,844,410,2312,0.8,2071,2.9
10602161420,core,46,1950,876,460,2360,0.7,1921,2.6
10602161421,core,34,2167,1190,500,3363,0.8,3270,3.4
10602161422,core,58,4333,900,0,1625,0.5,1625,2.0
10602161423,core,32,1733,876,390,2092,0.8,1890,3.0
10602161424,core,22,3225,941,300,1999,1.2,2749,4.2
10602161425,core,40,1625,794,440,1766,0.7,1575,2.7
10602161426,core,48,1517,497,200,1265,0.8,811,1.8
10602161427,core,33,1509,784,370,1902,0.8,1795,2.8
10602161428,core,31,2167,919,375,2410,0.8,2250,3.1
10602161429,core,43,2060,819,410,2240,0.8,2129,2.8
10602161430,core,35,1950,866,423,2321,0.8,2083,2.9
10602161431,core,46,2167,708,470,1952,0.7,1890,2.9
10602161432,core,38,1733,722,300,1674,0.7,1190,2.1
10602161433,core,35,1589,787,380,1843,0.7,1528,2.5
10602161434,core,37,2087,1087,465,2774,0.7,2607,3.0
10602161435,core,36,1544,871,340,1803,0.7,1213,2.0
10602161436,core,33,1329,700,383,1562,0.8,1516,2.7
10602161437,core,37,1733,911,435,2139,0.7,1899,2.7
10602161438,core,46,1780,558,370,1416,0.7,1337,2.5
10602161439,core,44,1600,629,260,1470,0.8,981,1.9
10602161440,core,69,1083,575,280,1474,0.7,706,1.6
10602161441,core,37,1950,727,390,2158,0.8,1666,2.6
10602161442,core,49,1365,689,360,1388,0.8,1109,2.0
10602161443,core,50,1755,681,440,1958,0.6,1841,2.3
10602161444,core,40,2328,964,465,3062,0.8,2916,3.2
10602161445,core,36,1560,818,400,1968,0.7,1769,2.6
10602161446,core,40,1950,855,520,2387,0.7,2236,3.0
10602161447,core,43,1509,1043,468,2550,0.7,2431,2.9
10602161448,core,37,1733,844,430,2166,0.8,1988,3.0
10602161449,core,35,1517,756,340,1683,0.8,1418,2.4
10602161501,core,31,1842,818,440,2125,0.8,2018,2.9
10602161502,core,46,2167,1115,550,2781,0.7,2399,2.7
10602161503,core,30,2167,909,430,2250,0.8,2147,3.0
10602161504,core,34,1517,687,350,1463,0.8,1402,2.6
10602161505,core,43,1410,590,181,1792,0.9,771,1.9
10602161506,core,40,2429,1022,400,2815,0.8,2904,3.3
10602161507,core,33,1831,913,420,2307,0.7,2196,3.0
10602161508,core,36,1961,406,430,1912,0.8,1906,3.3
10602161509,core,34,1473,611,320,1511,0.8,1224,2.5
10602161510,core,35,1359,654,285,1445,0.8,1197,2.3
10602161511,core,36,1789,784,450,2542,0.8,2433,3.2
10602161512,core,35,1700,756,320,1575,0.8,1281,2.1
10602161513,core,32,1987,967,440,2366,0.7,2205,2.8
10602161514,core,40,2750,949,395,2650,0.8,2524,3.2
10602161515,core,35,1366,691,350,1625,0.7,1307,2.2
10602161516,core,42,1700,812,360,2211,0.8,1970,2.7
10602161517,core,37,1923,762,390,2098,0.8,1981,2.9
10602161518,core,31,2200,962,423,2285,0.8,2177,3.0
10602161519,core,27,1811,780,430,1875,0.8,1840,3.2
10602161520,core,47,2167,806,430,2176,0.7,2062,2.8
10602161521,core,42,1970,599,428,1287,0.8,1062,2.3
10602161522,core,28,2067,1095,465,2318,0.7,2202,2.8
10602161523,core,30,1550,857,400,1803,0.8,1681,2.8
10602161524,core,40,1825,820,368,2150,0.7,1921,2.7
10602161525,core,35,1506,710,320,1779,0.8,1240,2.4
10602161526,core,33,1733,949,430,2480,0.8,2267,3.1
10602161527,core,29,2156,972,443,2428,0.8,2429,3.5
10602161528,core,29,1854,844,430,2143,0.8,2021,3.2
10602161529,core,73,1820,475,390,966,0.6,803,1.6
10602161530,core,43,1800,884,400,2233,0.7,1875,2.4
10602161531,core,48,1979,881,310,3250,0.7,2349,2.8
10602161532,core,30,1950,919,445,2225,0.8,2190,3.1
10602161533,core,44,2713,743,430,2476,0.8,2474,3.2
10602161534,core,35,2000,892,440,2250,0.7,2134,2.9
10602161535,core,35,2357,1060,525,2600,0.7,2625,2.9
10602161536,core,42,1655,774,415,2250,0.8,2132,2.9
10602161537,core,44,1700,632,370,1974,0.7,1731,2.7
10602161538,core,42,1570,670,305,1489,0.7,1171,2.1
10602161539,core,35,1820,848,355,2159,0.8,1963,3.1
10602161601,core,34,1430,745,350,1768,0.8,1437,2.4
10602161602,core,37,1526,710,260,1542,0.8,1053,2.2
10602161603,core,34,2019,752,475,1899,0.7,1738,2.8
10602161604,core,34,1517,462,233,1212,0.9,818,2.4
10602161605,core,40,1493,701,323,1550,0.7,1275,2.2
10602161606,core,34,1440,589,345,1485,0.8,1461,2.7
10602161607,core,36,1422,710,320,1768,0.8,1416,2.2
10602161608,core,37,1668,586,325,1525,0.8,1403,2.7
10602161609,core,38,1500,758,306,1781,0.8,1412,2.3
10602161610,core,36,1602,736,323,1681,0.8,1571,2.4
10602161611,core,38,0,1125,295,2750,0.8,1699,1.5
10602161612,core,38,1437,632,250,1407,0.8,1100,2.2
10602161613,core,32,1733,842,340,1921,0.8,1656,2.6
10602161614,core,35,1480,596,300,1394,0.8,1255,2.5
10602161615,core,31,2167,905,440,2137,0.7,2015,2.6
10602161616,core,35,1387,631,340,1463,0.7,1178,2.4
10602161617,core,29,2069,1097,450,2471,0.8,2463,3.2
10602161618,core,39,1509,652,320,1821,0.7,1235,2.3
10602161619,core,31,1733,821,385,1984,0.8,1842,2.8
10602161620,core,43,2000,762,185,2139,0.8,1949,2.8
10602161701,core,66,1863,536,375,1358,0.7,952,2.0
10602161702,core,41,1549,738,335,1825,0.7,1295,2.1
10602161703,core,32,1937,926,436,2393,0.7,2059,2.8
10602161704,core,44,1705,725,340,1738,0.7,1487,2.4
10602161705,core,41,1733,762,360,1775,0.7,1414,2.4
10602161706,core,38,1771,725,360,1875,0.7,1380,2.2
10602161707,core,37,1517,613,372,1562,0.7,1318,2.4
10602161708,core,49,1701,672,370,1430,0.7,1199,2.1
10602161709,core,29,1213,495,275,887,0.8,765,2.6
10602161710,core,43,1924,900,375,2749,0.8,2250,3.3
10602161711,core,43,1870,756,250,2024,0.8,1125,2.0
10602161712,core,40,1733,806,268,2094,0.8,1420,2.2
10602161713,core,37,1975,931,445,2451,0.7,2250,2.8
10602161714,core,40,1733,871,363,2011,0.7,1641,2.3
10602161715,core,37,1478,738,350,1724,0.7,1351,2.2
10602161716,core,44,1692,794,400,2225,0.7,1735,2.4
10602161717,core,37,1517,532,300,1271,0.8,1077,2.5
10602161718,core,49,1800,725,368,1875,0.7,1449,2.3
10602161719,core,41,2178,916,430,2397,0.8,2319,3.0
10602161720,core,0,0,0,0,0,0.0,0,0.0
10602161721,core,37,1733,850,400,2347,0.8,1762,2.4
10602161722,core,67,2167,524,160,1268,0.7,746,1.7
10602161723,core,42,1530,702,410,1763,0.7,1329,2.4
10602161801,core,36,1541,797,370,1660,0.8,1397,2.2
10602161802,core,56,2167,659,300,1575,0.7,1208,2.4
10602161803,core,38,2084,892,493,2473,0.7,2394,3.2
10602161804,core,45,2424,1039,0,3100,0.7,2916,3.1
10602161805,core,36,2225,1184,525,3028,0.8,2944,3.2
10602161806,core,38,1863,894,403,2283,0.7,2094,2.7
10602161807,core,32,2320,1090,493,2728,0.8,2652,3.2
10602161808,core,0,0,0,0,0,0.0,0,0.0
10602161809,core,37,1553,548,220,1328,0.8,1104,2.3
10602161810,core,27,2250,1273,260,2550,0.8,2485,2.9
10602161811,core,37,1768,748,370,1859,0.8,1600,2.6
10602161812,core,38,1733,832,415,2291,0.8,2144,2.9
10602161813,core,40,1733,1024,400,2533,0.8,2374,2.8
10602161814,core,56,2167,768,535,2428,0.7,2285,2.8
10602161815,core,27,2100,1185,430,2648,0.8,2601,3.1
10602161816,core,36,1610,868,420,2152,0.7,1942,2.7
10602161817,core,30,2367,1220,560,2869,0.8,2899,3.3
10602161818,core,31,2348,1153,535,2774,0.8,2787,3.3
10602161819,core,35,2018,958,300,2397,0.7,2461,3.1
10602161820,core,39,2167,786,380,2957,0.8,2937,3.5
10602161821,core,31,1720,878,435,2090,0.8,2045,2.9
10602161822,core,34,1517,829,400,1890,0.8,1771,2.6
10602161823,core,30,2382,1306,550,2944,0.8,2934,3.2
10602161824,core,25,1817,926,420,1850,0.8,1713,2.5
10602161825,core,38,2100,928,500,2896,0.8,2874,3.3
10602161826,core,47,2059,781,395,1916,0.9,1971,2.9
10602161827,core,28,2000,981,440,2107,0.7,2007,2.6
10602161828,core,36,2167,929,490,2750,0.7,2697,3.1
10602161829,core,32,2253,1307,550,2856,0.7,2535,2.7
10602161830,core,27,2266,1112,420,2374,0.8,1952,2.6
10602161831,core,29,2167,940,480,2256,0.8,2146,3.0
10602161832,core,33,2383,1148,550,2714,0.8,2629,3.3
10602161833,core,38,1874,865,500,2519,0.7,2397,3.1
10602161834,core,36,1310,669,350,1429,0.8,1370,2.5
10602161835,core,34,2362,1168,540,3033,0.8,2937,3.3
10602161836,core,0,0,0,0,0,0.0,0,0.0
10602161837,core,27,2500,1117,550,2579,0.9,2662,3.6
10602161838,core,29,2490,1231,260,2451,0.8,2392,3.0
10602161839,core,35,1569,715,310,1454,0.8,1336,2.5
10603111901,core,46,2113,754,413,2105,0.8,1937,2.7
10603111902,core,37,1733,775,440,2015,0.8,1886,2.9
10603111903,core,47,2100,730,460,1949,0.7,1648,2.7
10603111904,core,47,2134,818,470,2097,0.7,1921,2.6
10603111906,core,49,2102,652,360,1910,0.8,1399,2.5
10603111907,core,71,1842,507,199,1068,0.7,903,1.8
10603111908,core,0,0,0,0,0,0.0,0,0.0
10603111909,core,73,806,448,168,886,0.6,697,1.6
10603111910,core,62,1808,516,231,1232,0.8,989,2.1
10603111911,core,53,1733,725,385,1952,0.7,1483,2.3
10603111912,core,46,1950,764,450,1978,0.7,1708,2.6
10603111913,core,38,1694,656,450,2069,0.8,1765,2.8
10603111914,core,39,1669,761,383,1775,0.8,1466,2.6
10603111915,core,42,1742,684,380,1726,0.8,1408,2.4
10603111916,core,40,1750,725,400,1593,0.8,1366,2.6
10603111917,core,0,0,0,0,0,0.0,0,0.0
10603111918,core,48,2100,833,390,2446,0.7,2481,3.4
10603111919,core,0,0,0,0,0,0.0,0,0.0
10603111921,core,69,0,470,0,737,0.6,578,1.3
10603111922,core,62,2167,563,213,1234,0.7,795,2.1
10603112001,core,40,1980,525,190,1187,0.9,1187,3.1
10603112002,core,54,1155,541,355,1275,0.7,1092,2.2
10603112003,core,55,1603,498,383,1187,0.6,891,2.0
10603112004,core,52,1517,527,350,1318,0.7,980,2.2
10603112005,core,56,0,450,0,0,0.2,450,1.0
10603112006,core,47,1473,506,348,1168,0.7,969,2.3
10603112007,core,56,1398,572,360,1562,0.7,1187,2.3
10603112008,core,49,1517,570,380,1445,0.7,1239,2.4
10603112009,core,39,1733,631,400,1557,0.7,1271,2.6
10603112010,core,47,1517,550,350,1381,0.7,1125,2.4
10603112011,core,55,1825,485,385,1208,0.8,1039,2.4
10603112012,core,50,1679,570,365,1350,0.7,1234,2.5
10603112013,core,54,1660,585,375,1444,0.7,1297,2.3
10603112014,core,48,1400,520,360,1305,0.7,972,2.2
10603112015,core,61,1600,603,400,1624,0.6,1286,2.1
10603112016,core,47,1261,561,373,1341,0.8,1141,2.5
10603112017,core,51,0,850,0,1375,1.5,2250,3.0
10603112018,core,54,1550,640,255,1427,0.8,1016,2.2
10603112101,core,61,1767,671,380,1676,0.7,1394,2.2
10603112102,core,59,1972,764,360,1600,0.7,1316,1.9
10603112103,core,49,2034,711,450,1825,0.7,1612,2.6
10603112104,core,49,2158,900,400,1958,0.7,1680,2.4
10603112105,core,48,1538,539,403,1323,0.7,1152,2.5
10603112106,core,73,1682,564,220,1192,0.7,839,1.7
10603112107,core,50,1894,608,350,1958,0.7,1018,2.1
10603112108,core,63,1733,557,390,1261,0.7,810,1.9
10603112109,core,48,1647,645,410,1625,0.7,1256,2.4
10603112110,core,48,1450,642,390,1666,0.7,1424,2.4
10603112111,core,0,0,0,0,0,0.0,0,0.0
10603112112,core,0,0,0,0,0,0.0,0,0.0
10603112113,core,58,2534,564,560,1312,0.6,1166,2.3
10603112114,core,48,867,774,0,2750,0.9,900,2.3
10603112115,core,47,2050,685,400,1483,0.7,1229,2.1
10603112116,core,59,1344,762,390,1694,0.6,1362,2.0
10603112117,core,67,0,949,330,1375,0.8,2999,2.5
10603112118,core,55,1733,735,430,1978,0.6,1482,2.2
10603112119,core,61,2106,564,360,1408,0.7,1006,2.2
10603112120,core,40,2000,630,400,1478,0.8,1325,2.7
10603112121,core,51,1600,742,370,2062,0.7,1791,2.3
10603112122,core,63,2000,608,400,1286,0.7,1125,2.0
10603112123,core,71,1517,498,345,1149,0.7,903,1.8
10603112124,core,59,1500,610,410,1368,0.7,1307,2.3
10603112125,core,58,2084,622,405,1458,0.7,1358,2.4
10603112126,core,54,2167,806,508,2656,0.7,2324,2.7
10603112127,core,58,2167,753,450,1833,0.6,1494,2.3
10603112128,core,40,1907,754,400,1770,0.8,1587,2.6
10603112129,core,41,1625,697,380,1728,0.8,1481,2.7
10603112130,core,57,2167,646,463,1775,0.6,1528,2.4
10603112131,core,57,1600,711,340,1451,0.7,1145,1.8
10603112133,core,62,1950,669,415,1483,0.6,1368,2.2
10603112134,core,61,1963,487,465,1731,0.7,1562,2.4
10603112135,core,48,2392,828,550,2322,0.7,2234,2.7
10603112136,core,43,1733,681,440,1962,0.7,1687,2.6
10603112137,core,50,2000,691,505,1637,0.7,1437,2.6
10603112138,core,53,1768,704,450,1875,0.7,1683,2.4
10603112139,core,48,1644,669,400,1735,0.7,1458,2.5
10603112140,core,53,1694,629,360,1355,0.7,1115,2.1
10603112141,core,50,1985,710,460,1928,0.7,1592,2.5
10603112142,core,64,2100,728,355,1981,0.6,1593,2.2
10603112143,core,53,1740,644,353,1416,0.7,1118,2.2
10603112144,core,49,1798,676,400,1462,0.7,1163,2.2
10603112145,core,50,1654,697,353,1678,0.7,1340,2.1
10603112146,core,79,693,509,265,875,0.7,663,1.4
10603112147,core,43,1950,691,400,1708,0.7,1375,2.5
10603112148,core,54,1559,624,388,1444,0.7,1085,2.2
10603112149,core,55,1800,604,398,1589,0.7,1312,2.3
10603112150,core,58,1874,545,360,1702,0.7,1375,2.3
10603112151,core,47,1800,626,358,1366,0.7,979,2.1
10603112152,core,47,1734,589,410,1625,0.7,1330,2.5
10603112153,core,40,1950,814,440,2166,0.7,1666,2.5
10603112154,core,51,2000,624,430,1812,0.7,1449,2.5
10603112155,core,48,1896,705,450,1575,0.7,1458,2.4
10603112156,core,62,2184,608,400,1300,0.7,1066,2.1
10603112157,core,50,1603,667,420,1515,0.7,1304,2.2
10603112158,core,56,1120,602,335,1262,0.8,938,1.8
10603112201,core,36,1300,697,320,1431,0.7,1266,2.4
10603112202,core,60,2297,561,250,1107,1.0,788,1.7
10603112203,core,58,1733,1374,0,2750,0.5,2750,2.0
10603112204,core,34,1300,584,310,1333,0.8,1022,2.2
10603112205,core,38,1517,729,355,1465,0.7,1298,2.3
10603112206,core,42,1566,671,305,1518,0.8,1316,2.4
10603112207,core,41,1096,498,239,1021,0.8,742,2.0
10603112208,core,47,1353,487,250,1352,0.8,935,2.0
10603112209,core,43,1406,628,325,1460,0.7,1057,2.0
10603112210,core,45,1300,619,338,1383,0.7,1077,2.1
10603112211,core,57,1517,486,310,1471,0.9,1260,2.3
10603112212,core,36,1300,548,305,1213,0.8,1125,2.5
10603112213,core,48,1311,711,355,1483,0.6,1237,2.1
10603112214,core,28,1387,531,328,1178,0.9,1097,2.9
10603112215,core,37,1300,487,300,1010,0.8,966,2.6
10603112216,core,40,1602,737,350,1645,0.7,1346,2.5
10603112217,core,29,1789,871,430,2049,0.8,2022,3.1
10603112218,core,42,1723,738,435,2019,0.7,1859,2.8
10603112219,core,43,1482,728,308,1759,0.7,1364,2.2
10603112220,core,40,1213,722,310,1674,0.7,1059,2.1
10603112221,core,38,1573,645,350,1708,0.7,1411,2.6
10603112222,core,34,1387,575,300,1211,0.8,1066,2.5
10603112223,core,30,1300,456,284,1008,0.9,926,2.9
10603112224,core,32,1300,549,280,1292,0.8,900,2.4
10603112225,core,41,1733,703,350,2050,0.7,1775,2.7
10603112226,core,38,1500,610,318,1391,0.7,1187,2.4
10603112227,core,41,1733,844,430,2233,0.7,2070,2.8
10603112228,core,38,1642,789,420,1766,0.7,1637,2.7
10603112230,core,47,2000,601,320,1461,1.0,1066,2.0
10603112232,core,57,0,762,0,2149,0.8,2149,3.0
10603112233,core,36,1737,805,450,2229,0.8,1963,3.0
10603112234,core,34,1517,610,290,1437,0.8,1452,2.6
10603112235,core,30,1829,863,430,2110,0.8,2005,3.0
10603112236,core,50,1573,667,325,1781,0.7,1483,2.5
10603112301,core,36,2167,764,360,2204,0.9,1949,3.1
10603112302,core,47,2167,943,350,2732,0.8,2589,2.8
10603112303,core,36,2115,853,300,2381,0.8,2250,3.1
10603112304,core,39,2500,1030,250,2983,0.8,3022,3.4
10603112305,core,40,2100,853,370,2515,0.8,2218,3.0
10603112306,core,46,2167,769,450,3094,0.8,3031,3.3
10603112307,core,49,2500,773,475,2200,0.7,2250,3.0
10603112308,core,49,2102,862,625,2446,0.7,2392,2.9
10603112309,core,42,1647,934,380,2536,0.7,2178,2.7
10603112310,core,46,2167,894,440,2566,0.8,2345,2.9
10603112311,core,42,2167,890,375,2285,0.8,2269,3.0
10603112312,core,39,2167,814,380,2159,0.9,2187,3.4
10603112313,core,42,2126,877,360,2455,0.8,2277,3.0
10603112314,core,47,1969,844,550,2333,0.8,2312,3.0
10603112315,core,46,2000,972,360,2308,0.8,2250,3.1
10603112402,external,53,1733,506,335,1226,0.7,1044,2.2
10603112403,external,68,1300,534,400,1254,0.5,1077,2.0
10603112404,external,67,1430,521,360,1258,0.6,1073,2.0
10603112405,external,75,1200,500,400,1042,0.6,795,1.8
10603112406,external,63,1517,481,378,1100,0.6,905,2.1
10603112407,external,61,1333,561,345,1263,0.7,1045,1.9
10603112408,external,62,1950,537,350,1355,0.7,1029,1.9
10603112409,external,52,2167,569,390,1368,0.7,1329,2.3
10603112411,external,63,1534,665,310,1544,0.7,1087,1.8
10603112412,external,60,1569,554,350,1341,0.7,1079,2.0
10603112413,external,58,1950,618,335,1392,0.7,1242,2.2
10603112414,external,50,998,622,475,1463,0.9,1625,3.0
10603112415,external,0,0,0,0,0,0.0,0,0.0
10603112416,external,0,0,0,0,0,0.0,0,0.0
10603112417,external,69,2084,569,360,1166,0.6,1114,2.2
10603112418,external,61,1885,571,335,1218,0.6,976,2.0
10603112419,external,62,3033,383,340,1124,0.7,1125,2.0
10603112420,external,74,683,546,179,1138,0.7,1062,1.8
10603112421,external,60,1447,660,320,1687,0.7,1042,2.0
10603112422,external,63,1192,575,322,1199,0.6,1042,1.8
10603112501,core,43,870,493,310,1303,0.9,991,2.5
10603112502,core,47,1733,597,330,1537,0.7,1237,2.4
10603112503,core,40,2300,803,365,2523,0.8,2533,3.1
10603112505,core,0,0,0,0,0,0.0,0,0.0
10603112506,core,44,2080,619,415,1759,0.8,1583,2.8
10603112507,core,48,1733,599,300,1625,0.7,1387,2.7
10603112508,core,0,0,0,0,0,0.0,0,0.0
10603112509,core,21,0,1216,0,0,0.0,0,0.0
10603112510,core,46,1582,645,300,1593,0.9,1009,2.3
10603112512,core,46,2275,739,510,2374,0.7,2211,2.9
10603112513,core,43,2074,914,570,2511,0.8,2441,3.2
10603112514,core,34,0,560,229,1416,0.8,949,2.5
10603112515,core,62,1456,517,200,1179,0.8,850,2.0
10603112516,core,49,2167,679,400,1778,0.8,1666,2.9
10603112517,core,59,1733,523,250,1375,0.7,759,1.9
10603112518,core,44,2150,787,475,2053,0.8,2058,2.9
10603112519,core,49,1875,736,505,2104,0.7,1968,2.8
10603112520,core,45,1929,645,350,1859,0.8,1781,2.8
10603112521,core,44,2210,860,595,2382,0.7,2289,3.1
10603112522,core,38,1733,886,313,2156,0.7,2150,2.8
10603112523,core,34,1668,858,390,2036,0.8,1792,3.0
10603112524,core,32,1900,945,450,2130,0.8,2043,3.0
10603112525,core,36,1509,642,410,1465,0.8,1375,2.7
10603112526,core,31,1668,900,430,2048,0.8,1733,2.7
10603112527,core,32,1700,933,430,2011,0.8,1894,2.8
10603112528,core,34,1560,722,400,1978,0.8,1552,2.7
10603112529,core,30,1600,887,440,1807,0.8,1602,2.7
10603112530,core,32,1656,881,420,1861,0.8,1728,2.9
10603112531,core,45,2167,768,565,2194,0.7,2173,3.0
10603112532,core,42,2167,754,425,2107,0.8,2107,3.2
10603112533,core,0,0,0,0,0,0.0,0,0.0
10603112534,core,49,1950,653,430,1833,0.8,1312,2.7
10603112535,core,31,1909,984,266,2211,0.7,2036,3.0
10603112536,core,44,2314,687,595,2062,0.8,2146,3.3
10603112537,core,42,2000,783,450,2392,0.8,1983,2.9
10603112538,core,30,2427,1188,565,2882,0.8,2762,3.3
10603112539,core,54,2247,982,550,2154,0.6,1920,2.4
10603112540,core,52,1400,495,350,1333,0.9,1156,2.5
10603112541,core,36,2300,1041,375,2678,0.8,2654,3.2
10603112542,core,50,1404,575,300,1666,0.8,1375,2.6
10604112601,external,39,2383,515,250,1781,0.8,924,2.6
10604112602,external,34,1601,1062,420,2343,0.7,2125,2.7
10604112603,external,47,1044,579,210,1312,0.7,909,1.9
10604112604,external,36,1317,747,280,1946,0.7,1625,2.3
10604112605,external,36,1585,972,335,2318,0.7,1974,2.6
10604112606,external,51,1083,661,288,1375,0.7,1147,2.1
10604112607,external,39,1560,653,190,2083,0.7,768,2.2
10604112608,external,40,1500,746,255,1781,0.7,1357,2.2
10604112609,external,33,1495,900,330,2229,0.7,2055,2.6
10604112610,external,32,1517,871,368,2235,0.7,2146,2.7
10604112611,external,35,1474,880,300,1781,0.7,1550,2.2
10604112612,external,35,1517,670,300,1463,0.7,1412,2.4
10604112613,external,45,1733,804,300,2092,0.7,1875,2.5
10604112614,external,41,1300,804,263,1946,0.7,1544,2.1
10604112615,external,50,1733,814,323,2178,0.6,1687,2.3
10604112617,external,31,1083,474,270,866,0.8,808,2.5
10604112618,external,36,1753,1027,380,2833,0.7,2396,2.7
10604112619,external,38,1632,871,370,2416,0.7,2125,2.7
10604112620,external,36,1627,663,350,1892,0.7,1766,2.7
10604112621,external,27,926,513,250,886,0.8,875,2.6
10604112622,external,39,1131,543,205,1297,0.9,827,2.2
10604112623,external,45,1148,659,330,1704,0.7,1433,2.2
10604112624,external,39,1283,820,258,2019,0.8,1337,2.2
10604112625,external,38,1300,714,250,1625,0.8,1097,2.2
10604112626,external,32,1500,772,318,2134,0.8,2132,2.8
10604112627,external,34,2000,1098,360,2821,0.8,2486,3.1
10604112628,external,40,1192,628,260,1474,0.7,1171,2.4
10604112629,external,37,1300,751,300,1708,0.7,1414,2.2
10604112630,external,30,1517,926,400,2350,0.7,2217,3.0
10604112632,external,43,1293,462,203,1062,0.7,669,2.0
10604112633,external,43,1733,833,310,2374,0.7,1902,2.3
10604112634,external,41,1257,817,330,1708,0.7,1375,2.4
10604112635,external,64,0,350,0,1125,0.7,1125,2.3
10604112636,external,37,1500,566,300,1212,0.7,944,2.2
10604112637,external,30,1636,968,400,2112,0.8,2063,2.8
10604112638,external,31,1950,970,360,2553,0.7,2220,2.7
10604112639,external,32,2500,1573,490,3687,0.8,3444,3.5
10604112701,external,49,1554,582,260,1649,0.7,1218,2.2
10604112702,external,35,3600,1045,300,2139,0.7,1875,2.5
10604112704,external,0,0,0,0,0,0.0,0,0.0
10604112705,external,50,1800,627,280,1916,0.8,1625,2.6
10604112706,external,40,1809,795,275,1916,0.8,1555,2.6
10604112707,external,42,1442,669,300,2062,0.7,1518,2.3
10604112708,external,45,1968,826,280,2316,0.8,2067,2.7
10604112709,external,41,1716,698,260,2285,0.7,1593,2.5
10604112710,external,40,2300,1081,300,2884,0.8,2781,3.0
10604112711,external,43,1300,630,300,1428,0.7,1224,2.3
10604112712,external,42,1422,763,265,1850,0.7,1258,2.3
10604112713,external,45,2000,1005,312,2583,0.7,2225,2.6
10604112714,external,33,1812,949,410,3156,0.7,2750,3.0
10604112801,external,43,1271,687,235,1562,0.8,1017,2.1
10604112802,external,42,1300,701,260,1511,0.8,1219,2.3
10604112803,external,41,1300,595,260,1487,0.7,1153,2.1
10604112804,external,42,1398,740,290,1721,0.8,1298,2.2
10604112805,external,42,2167,869,400,2374,0.8,1968,2.8
10604112806,external,40,2167,1054,420,3055,0.8,2773,2.9
10604112807,external,49,1800,926,400,2550,0.6,2156,2.6
10604112808,external,34,1473,815,320,1862,0.7,1680,2.6
10604112809,external,36,1621,895,340,2352,0.7,1920,2.5
10604112810,external,38,2000,1088,450,2990,0.7,2812,2.8
10604112811,external,35,1354,797,275,1562,0.8,1297,2.3
10604112812,external,38,1578,714,300,1812,0.7,1395,2.4
10604112813,external,40,1467,740,250,1645,0.8,1210,2.1
10604112901,external,49,1559,569,230,1430,0.8,942,2.1
10604112902,external,39,1570,719,290,2021,0.7,1516,2.5
10604112903,external,36,1430,766,305,2117,0.7,1807,2.6
10604112904,external,44,1300,694,230,1833,0.8,1368,2.2
10604112905,external,41,2000,974,300,2416,0.7,1983,2.5
10604112906,external,39,2367,1033,250,1974,0.7,1645,2.4
10604112907,external,48,3000,895,238,2229,0.8,1805,2.3
10604112908,external,50,1517,815,235,2144,0.7,1463,2.2
10604112909,external,41,1517,804,290,1718,0.8,1571,2.5
10604112910,external,42,1744,852,250,2289,0.8,2059,2.7
10604112911,external,50,1600,762,250,1937,0.7,1525,2.3
10604112912,external,49,1420,622,190,1724,0.8,1430,2.4
10604112913,external,45,2000,875,230,1949,0.7,1510,2.3
10604112914,external,39,1235,550,245,1562,0.8,1112,2.5
10604112915,external,47,930,490,210,1062,0.7,911,2.1
10604112916,external,45,1192,496,250,1509,0.7,1093,2.3
10604112917,external,41,1138,709,180,1771,0.8,1406,2.7
10604112918,external,39,1625,888,220,1687,0.8,1479,2.4
10604112919,external,48,809,533,175,1281,0.8,1050,2.3
10604112920,external,38,2383,1054,300,2515,0.7,2125,2.6
10604112921,external,52,997,533,249,1320,0.7,892,2.1
10604112922,external,56,1083,488,250,1156,0.7,775,1.9
10604112923,external,48,1733,575,280,1485,0.8,1286,2.6
11101120601,core,74,2200,610,129,1237,0.7,1019,1.9
11101120602,core,46,2200,1009,420,2687,0.8,2613,2.9
11101120603,core,38,1929,752,430,2312,0.8,1843,2.7
11101120604,core,46,2000,900,420,2399,0.8,2274,2.7
11101120605,core,36,2008,630,210,1760,0.8,1399,2.5
11101120606,core,57,1517,630,340,1358,0.8,1026,1.9
11101120607,core,0,0,0,0,0,0.0,0,0.0
11101120608,core,39,1733,718,260,2276,0.8,1239,2.2
11101120609,core,44,1733,739,375,1781,0.9,1375,2.4
11101120610,core,40,2167,804,500,2196,0.8,1953,2.8
11101120611,core,39,1800,851,420,2250,0.8,1839,2.7
11101120612,core,41,2167,889,480,2250,0.8,2193,2.9
11101120613,core,35,1924,756,285,2147,0.9,1649,2.6
11101120614,core,46,2044,829,398,2031,0.7,1607,2.5
11101120615,core,42,1733,743,445,2106,0.8,1968,2.7
11101120616,core,40,2167,804,485,2264,0.7,2015,2.9
11101120617,core,46,2100,646,400,1589,0.7,1410,2.6
11101120618,core,39,1890,691,310,1954,0.9,1787,2.8
11101120619,core,43,2000,764,450,2016,0.7,1614,2.6
11101120620,core,45,2000,843,450,2125,0.7,1971,2.7
11101120621,core,46,2204,936,630,2650,0.7,2416,3.0
11101120622,core,45,2433,765,468,2225,0.8,2020,2.8
11101120623,core,47,1950,797,320,2238,0.7,1463,2.3
11101120624,core,43,2600,809,595,2381,0.7,2305,2.9
11101120625,core,37,2167,977,500,2896,0.8,2666,3.2
11101120626,core,37,1975,905,410,2304,0.8,2111,2.7
11101120627,core,47,1990,850,360,2235,0.7,1648,2.6
11101120628,core,35,1898,719,385,2077,0.9,1593,2.8
11101120629,core,66,1517,510,225,1080,0.8,671,1.7
11101120630,core,53,2901,827,350,1843,0.7,1390,2.1
11101120631,core,40,1894,572,317,1275,0.8,1038,2.1
11101120632,core,38,1950,787,400,2055,0.8,1670,2.5
11101120633,core,50,1697,651,340,1493,0.9,1016,1.9
11101120634,core,36,1896,767,415,1985,0.8,1595,2.5
11101120635,core,68,1950,480,221,2071,0.8,850,2.1
11101120636,core,34,1800,578,175,1375,0.8,919,2.3
11101120637,core,40,1900,751,410,1981,0.8,1517,2.5
11101120638,core,45,1989,776,400,1819,0.8,1493,2.4
11101120639,core,54,2492,634,360,1491,0.8,1054,1.9
11101120640,core,53,3088,1038,475,2666,0.7,2302,2.6
11101120641,core,47,2450,859,660,2433,0.7,2328,2.9
11101120642,core,50,2167,634,373,1958,0.7,1170,2.1
11101120701,core,51,2000,732,405,1848,0.8,1537,2.4
11101120702,core,46,1733,739,450,2111,0.8,1899,2.7
11101120703,core,47,1517,658,423,1771,0.7,1375,2.5
11101120704,core,47,1800,742,360,1906,0.8,1458,2.5
11101120705,core,52,2167,737,353,1792,0.8,1478,2.3
11101120706,core,44,1800,579,283,1649,0.9,1097,2.3
11101120707,core,51,1423,498,220,1181,0.8,782,1.8
11101120708,core,53,1800,693,325,1625,0.9,1369,2.2
11101120709,core,42,1950,535,250,1235,0.8,986,2.3
11101120710,core,0,0,0,0,0,0.0,0,0.0
11101120711,core,52,1950,602,343,1524,0.7,1318,2.5
11101120712,core,59,1785,533,240,1375,0.8,752,1.8
11101120713,core,46,1500,780,405,2062,0.8,1607,2.4
11101120714,core,0,0,0,0,0,0.0,0,0.0
11101120715,core,46,1742,752,350,1701,0.8,1341,2.2
11101120716,core,43,1777,736,345,2107,0.8,1468,2.3
11101120801,core,36,2148,973,410,2592,0.8,1653,2.4
11101120802,core,36,1666,857,385,1708,0.8,1562,2.2
11101120803,core,37,2070,854,310,2200,0.8,1812,2.5
11101120804,core,34,1733,881,460,2550,0.8,2075,2.8
11101120806,core,39,2236,900,390,2594,0.8,1850,2.4
11101120807,core,37,2080,910,445,2233,0.8,2083,2.8
11101120808,core,45,3000,1455,825,3607,0.7,3535,3.0
11101120809,core,36,2227,1140,455,3214,0.9,3156,3.1
11101120810,core,36,2167,931,395,2366,0.8,1958,2.6
11101120811,core,42,2167,962,400,2527,0.8,2276,2.7
11101120812,core,38,2095,1069,405,2523,0.9,2232,2.7
11101120813,core,45,1944,549,151,1803,0.8,900,2.1
11101120814,core,44,1820,879,440,2125,0.8,1926,2.5
11101120815,core,40,2037,833,470,2191,0.8,1593,2.4
11101120816,core,37,2090,958,443,2587,0.8,2143,2.6
11101120817,core,35,2167,902,400,2374,0.9,1989,2.7
11101120818,core,42,2058,885,400,2183,0.7,1399,2.1
11101120819,core,35,1728,958,418,2341,0.9,1963,2.5
11101120820,core,36,1733,918,380,2349,0.8,1462,2.0
11101120821,core,39,2134,775,420,1958,0.8,1573,2.4
11101120822,core,40,1954,838,385,2136,0.8,1682,2.6
11101120823,core,0,0,0,0,0,0.0,0,0.0
11101120824,core,38,1733,671,370,1562,0.9,1347,2.5
11101120825,core,35,1733,620,350,1437,0.8,1359,2.6
11101120826,core,38,2427,958,450,2661,0.9,2380,2.9
11101120827,core,37,2288,1154,420,3017,0.8,2583,2.7
11101120828,core,38,2100,960,425,2198,0.8,2092,2.8
11101120829,core,34,2124,983,400,2523,0.8,2200,2.8
11101120830,core,38,2136,900,440,2666,0.8,2307,2.7
11101120831,core,39,2063,659,340,2250,0.9,1875,2.7
11101120832,core,46,1771,1038,550,2937,0.8,2562,2.9
11101120833,core,40,2100,1055,350,2437,0.8,2178,2.8
11101120834,core,42,2167,872,458,2727,0.8,2156,2.8
11101120835,core,44,1975,702,405,1708,0.8,1305,2.4
11101120836,core,31,1690,567,247,1201,0.9,1138,2.7
11101120837,core,39,1517,495,260,1406,0.8,1187,2.7
11101120838,core,43,1692,612,380,1525,0.7,1312,2.4
11101120839,core,47,2167,644,390,2214,0.8,1583,2.2
11101120840,core,39,1998,869,400,2288,0.8,1767,2.5
11101120841,core,39,2148,791,450,1981,0.8,1875,2.7
11101120842,core,36,2167,967,400,2125,0.8,1908,2.5
11101120844,core,47,1665,756,400,1819,0.8,1406,1.7
11101120845,core,44,2000,972,460,2356,0.7,2156,2.6
11101120846,core,40,2184,1110,520,3197,0.8,3075,3.2
11101120847,core,34,1847,904,413,2583,0.8,2303,2.8
11101120848,core,40,2285,927,174,2318,0.7,1562,2.4
11101120849,core,38,2036,938,500,2452,0.8,2187,2.7
11101120850,core,39,2112,1044,430,2446,0.8,2233,2.7
11101120851,core,40,1907,752,400,1708,0.8,1419,2.5
11101120852,core,37,1808,750,380,2018,0.8,1485,2.3
11101120853,core,45,2485,1255,490,3333,0.7,3111,2.8
11101120854,core,41,2146,1054,450,2949,0.8,2428,2.7
11101120855,core,38,1863,906,360,2385,0.8,1738,2.4
11101120856,core,40,2221,1159,440,3075,0.8,2812,2.8
11101120857,core,40,2182,933,222,2541,0.8,1963,2.5
11101120858,core,35,1557,759,410,1952,0.8,1612,2.5
11101120859,core,36,1900,986,420,2240,0.8,1708,2.3
11101120860,core,34,1733,735,350,1718,0.9,1481,2.6
11101120861,core,34,1733,725,400,1518,0.8,1375,2.3
11101120862,core,34,1733,560,250,1465,0.8,1036,2.4
11101120863,core,39,1810,888,385,2015,0.9,1531,2.0
11101120864,core,39,1952,903,400,2323,0.8,2250,3.1
11101120865,core,37,1900,900,150,2250,0.8,1874,1.8
11101120866,core,41,1582,762,350,2083,0.8,1333,2.3
11101120867,core,33,1734,819,350,1781,0.8,1204,2.0
11101120868,core,36,1985,1024,380,2028,1.0,1483,1.5
11101120869,core,50,2409,804,418,1781,0.7,1399,2.4
11101120870,core,33,2136,1190,555,2916,0.8,2250,2.5
11101120871,core,0,0,0,0,0,0.0,0,0.0
11101120901,core,41,1800,900,400,2135,0.8,1863,2.5
11101120902,core,20,2167,350,0,3249,1.1,3249,5.0
11101120903,core,42,1950,803,360,2068,0.8,1843,2.8
11101120904,core,39,1911,866,453,2534,0.7,2023,2.6
11101120905,core,42,1625,607,305,1536,0.8,1151,2.3
11101120906,core,41,1517,625,350,1546,0.8,1316,2.4
11101120907,core,35,1550,617,300,1583,0.9,1118,2.2
11101120908,core,42,1658,551,200,1375,0.8,942,2.0
11101120909,core,36,1733,708,350,1958,0.9,1330,2.2
11101120910,core,35,1517,739,375,1946,0.8,1647,2.4
11101120911,core,34,1800,938,480,2250,0.8,2058,2.8
11101120912,core,32,1710,942,445,2134,0.8,1983,2.7
11101120913,core,33,2160,971,465,2335,0.8,2271,2.9
11101120914,core,39,1742,838,460,2120,0.8,1916,2.7
11101120915,core,42,2167,796,440,2441,0.7,2283,2.9
11101120916,core,40,1641,764,358,1674,0.8,1375,2.3
11101120917,core,39,2041,1003,420,2684,0.8,2394,2.9
11101120918,core,40,1950,890,475,2364,0.8,2077,2.7
11101120919,core,40,2167,920,520,2486,0.8,2356,3.0
11101120920,core,39,2448,1014,450,3172,0.8,2963,3.1
11101120921,core,36,1733,776,395,2069,0.8,1676,2.7
11101120922,core,37,1712,842,400,2069,0.8,1728,2.5
11101120923,core,36,1967,831,430,2263,0.8,2125,2.8
11101120924,core,35,1751,902,440,2107,0.8,1888,2.6
11101120925,core,36,1625,738,400,1558,0.8,1410,2.1
11101120926,core,37,1600,757,410,1767,0.8,1432,2.4
11101120927,core,45,1833,900,400,2308,0.7,1887,2.5
11101120928,core,37,1810,831,420,2130,0.8,1858,2.7
11101120929,core,41,1517,738,400,1875,0.8,1687,2.7
11101120930,core,35,1820,861,380,2265,0.8,2131,2.9
11101120931,core,40,1800,741,420,1699,0.7,1366,2.4
11101120932,core,35,1889,815,400,2064,0.8,1595,2.4
11101120933,core,40,1478,589,307,1389,0.9,1016,1.9
11101120934,core,40,1625,717,388,1625,0.8,1320,2.2
11101120935,core,40,1733,620,370,1721,0.8,1027,2.2
11101120936,core,33,1701,863,395,1897,0.8,1525,2.5
11101120937,core,51,1950,850,140,1124,1.0,1024,1.8
11101120938,core,0,0,0,0,0,0.0,0,0.0
11101120939,core,33,2167,1137,510,2686,0.8,2512,3.0
11101120940,core,39,1517,617,380,1763,0.8,1460,2.3
11101120941,core,33,2015,955,445,2524,0.8,2374,3.0
11101120942,core,41,2167,1117,500,3062,0.8,2812,2.9
11101120943,core,41,2200,964,380,2340,0.8,2102,2.7
11101120944,core,46,2000,943,405,2356,0.7,2261,2.6
11101120945,core,37,2167,1057,500,2722,0.8,2404,2.9
11101120946,core,40,2167,1064,520,2451,0.7,2293,2.9
11101120947,core,40,2123,935,390,2703,0.8,2327,2.8
11101120948,core,36,2040,855,400,2407,0.8,2083,2.7
11101120949,core,36,1900,862,430,2250,0.8,2143,2.8
11101120950,core,36,1733,957,360,2329,0.8,1875,2.3
11101120951,core,65,1667,488,255,2083,0.7,817,2.0
11101120952,core,40,1975,814,360,2205,0.8,1855,2.7
11101120953,core,42,2000,900,410,2402,0.7,2141,2.7
11101120954,core,37,1907,866,430,2080,0.8,1855,2.5
11101120955,core,41,2167,1107,513,2770,0.7,2654,2.8
11101120956,core,40,2503,1026,400,2916,0.8,2791,2.9
11101121001,core,31,0,396,173,783,0.8,748,2.5
11101121002,core,37,1733,939,425,2204,0.9,2062,2.7
11101121003,core,44,1925,789,435,2303,0.7,1687,2.6
11101121004,core,40,1863,786,420,1958,0.7,1625,2.6
11101121005,core,36,1700,833,373,2098,0.8,1828,2.7
11101121006,core,42,1733,718,420,1640,0.7,1237,2.2
11101121007,core,50,1800,765,390,1812,0.7,1300,2.1
11101121008,core,37,1917,886,375,2155,0.9,2016,2.8
11101121010,core,69,1726,483,400,1583,0.8,1292,2.4
11101121011,core,34,1950,657,330,1536,0.9,1472,2.8
11101121012,core,36,1218,433,179,949,0.9,694,2.4
11101121013,core,40,954,435,200,970,0.8,828,2.5
11101121014,core,49,1892,687,340,1797,0.7,1317,2.0
11101121015,core,68,1950,710,280,1735,0.8,1208,2.1
11101121016,core,42,2000,882,198,2514,0.8,2083,2.8
11101121017,core,44,1950,771,508,2410,0.8,2321,3.1
11101121018,core,39,1571,457,169,1075,0.9,734,2.1
11101121019,core,43,1636,457,193,1149,0.8,762,1.9
11101121020,core,39,1560,477,197,1091,0.9,710,2.0
11101121021,core,35,1300,517,237,1108,0.9,847,2.2
11101121022,core,30,1517,473,191,953,0.8,891,2.4
11101121023,core,37,1970,725,336,2420,0.8,1958,2.6
11101121024,core,33,1600,789,400,1886,0.8,1575,2.4
11101121101,core,43,2184,869,425,2750,0.8,2568,2.8
11101121102,core,40,2778,765,595,2536,0.7,2333,3.1
11101121103,core,70,767,521,200,974,0.7,588,1.3
11101121104,core,44,2167,1062,530,3214,0.8,3068,3.2
11101121105,core,69,1800,804,493,2607,0.7,1833,2.4
11101121106,core,43,2773,943,365,3021,0.9,2538,2.8
11101121107,core,40,2450,980,425,2589,0.8,2218,2.6
11101121108,core,38,2260,929,445,2805,0.8,2394,2.9
11101121109,core,45,0,449,360,1149,1.7,1375,2.5
11101121110,core,44,2640,876,600,3150,0.7,2527,2.8
11101121201,core,50,1600,771,650,1951,0.7,1954,3.0
11101121202,core,51,2167,760,500,2166,0.7,1696,2.5
11101121203,core,43,2167,795,425,1875,0.8,1488,2.5
11101121204,core,52,2080,617,400,1410,0.8,1312,2.4
11101121205,core,53,1733,516,350,1375,0.8,1016,2.4
11101121206,core,53,1950,527,300,1514,0.8,1156,2.2
11101121207,core,51,1993,553,298,1437,0.8,1052,2.1
11101121208,core,47,2442,833,500,2343,0.7,2066,2.6
11101121209,core,45,2557,691,485,2035,0.7,1478,2.8
11101121210,core,41,2383,718,450,2096,0.8,1854,2.8
11101121212,core,51,2100,836,585,2279,0.7,2139,2.8
11101121213,core,53,1842,847,401,2386,0.7,2091,2.6
11101121215,core,49,1950,643,355,1625,0.8,1231,2.3
11101121216,core,60,1344,489,275,1113,0.8,661,1.7
11101121217,core,46,1733,580,370,1375,0.8,1176,2.4
11101121218,core,68,1343,458,225,972,0.8,638,1.5
11101121219,core,42,1950,698,390,1674,0.8,1468,2.5
11101121220,core,0,0,0,0,0,0.0,0,0.0
11101121222,core,43,2167,789,373,2271,0.8,2065,2.7
11101121223,core,57,1755,687,310,1600,0.8,1276,2.0
11101121224,core,50,2167,747,400,1726,0.7,1552,2.5
11101121225,core,42,2080,580,300,1784,0.8,1350,2.5
11101121226,core,47,1733,561,303,1263,0.8,1071,2.5
11101121227,core,45,1950,735,385,1971,0.8,1757,2.6
11101121228,core,39,2587,1230,560,2884,0.8,2750,3.0
11101121229,core,58,1040,599,225,1437,1.5,724,1.7
11101121230,core,58,1400,792,435,1649,0.7,1385,1.9
11101121231,core,36,2654,1042,690,2833,0.8,2766,3.1
11101121232,core,32,2878,1286,658,2729,0.8,2791,3.3
11101121233,core,50,2167,915,620,2172,0.7,2015,2.6
11101121234,core,47,2026,785,493,1708,0.8,1593,2.1
11101121235,core,53,1744,609,410,1660,0.8,1267,2.4
11101121236,core,47,2752,1062,425,3083,0.7,2750,2.8
11101121237,core,57,1631,605,420,1718,0.7,1297,2.2
11101121238,core,46,2400,767,360,1937,0.8,1524,2.3
11101121301,core,0,0,0,0,0,0.0,0,0.0
11101121302,core,0,0,0,0,0,0.0,0,0.0
11101121303,core,43,1975,915,455,2223,0.8,1910,2.6
11101121304,core,42,2130,925,540,2654,0.8,2420,2.9
11101121305,core,43,2209,1057,590,3133,0.7,2963,3.0
11101121306,core,45,2143,752,420,2178,0.7,1738,2.5
11101121307,core,43,2022,1005,433,2370,0.8,2250,2.7
11101121308,core,41,2100,766,478,2261,0.8,2010,2.8
11101121309,core,44,2014,949,550,2714,0.7,2471,2.9
11101121310,core,42,2395,1064,525,2696,0.7,2683,3.0
11101121311,core,46,1896,777,530,2136,0.7,2010,2.8
11101121312,core,51,1733,855,390,2307,0.7,1708,2.4
11101121313,core,45,1863,790,420,2029,0.8,1974,2.8
11101121314,core,53,1993,711,525,2652,0.7,2211,2.6
11101121315,core,41,2360,859,620,2575,0.8,2437,3.1
11101121316,core,41,2600,1017,615,3536,0.8,3250,3.3
11101121317,core,45,2159,869,568,2484,0.7,2374,2.9
11101121318,core,40,2585,1053,655,2783,0.8,2839,3.2
11101121319,core,40,2080,1036,620,2700,0.8,2394,2.8
11101121320,core,50,2124,841,450,2274,0.7,1687,2.4
11101121321,core,41,1733,867,500,2550,0.8,2227,2.9
11101121322,core,42,2195,908,525,2513,0.7,2337,2.9
11101121323,core,44,2000,918,640,2823,0.7,2578,3.0
11101121324,core,50,2184,986,480,2899,0.7,2420,2.6
11101121325,core,46,2300,958,495,2397,0.7,2172,2.7
11101121326,core,50,2167,838,460,2250,0.7,1800,2.4
11101121327,core,51,2167,1052,450,2839,0.7,2078,2.3
11101121328,core,42,2275,955,525,3250,0.8,2971,3.0
11101121329,core,62,2100,607,385,1489,0.7,923,2.0
11101121330,core,45,1950,937,478,2455,0.7,2147,2.8
11101121401,core,43,2175,941,450,2605,0.8,2237,2.5
11101121402,core,44,2679,982,558,2558,0.7,2285,2.7
11101121403,core,48,2448,954,473,2466,0.7,1983,2.5
11101121404,core,43,2336,886,500,2422,0.7,1911,2.6
11101121405,core,27,0,1125,0,0,1.0,575,1.0
11101121406,core,46,2167,936,670,2708,0.7,2528,3.0
11101121407,core,44,1993,751,350,2067,0.8,1403,2.3
11101121408,core,39,1997,825,448,2028,0.8,1662,2.6
11101121409,core,42,1997,717,450,1916,0.8,1550,2.6
11101121410,core,53,1675,719,420,1531,0.7,1206,2.1
11101121411,core,41,2114,962,450,3014,0.8,2562,3.0
11101121412,core,49,1961,783,390,2125,0.6,1305,2.2
11101121413,core,42,2313,1056,450,2732,0.7,2481,2.8
11101121414,core,47,2167,703,390,1718,0.8,1331,2.3
11101121415,core,42,1517,677,384,1697,0.8,1327,2.3
11101121416,core,47,2100,647,370,1841,0.8,1536,2.5
11101121417,core,52,1750,695,410,1458,0.8,1198,1.9
11101121419,core,38,1820,762,400,1906,0.8,1578,2.3
11101121420,core,47,3500,1187,288,1624,0.7,1125,1.8
11101121421,core,49,2089,705,420,1843,0.7,1238,2.1
11101121422,core,47,1600,710,395,2015,0.7,1375,2.3
11101121423,core,42,2184,883,460,2924,0.8,2222,2.8
11101121424,core,51,2000,600,350,1553,0.8,1259,2.2
11101121425,core,47,2167,718,320,2020,0.7,1763,2.5
11101121426,core,38,2040,951,420,2437,0.8,2125,2.6
11101121427,core,45,2113,794,400,2135,0.8,1662,2.2
11101121428,core,47,1993,677,310,2132,0.8,1208,2.2
11101121429,core,44,2180,862,500,2267,0.7,2107,2.7
11101121430,core,45,2167,987,405,2359,0.8,2059,2.6
11101121431,core,38,1885,879,438,2318,0.8,1937,2.6
11101121432,core,43,1950,746,440,1990,0.8,1544,2.4
11101121433,core,41,1980,968,385,2485,0.8,2277,2.9
11101121435,core,36,2200,948,560,2580,0.7,1912,2.5
11101121436,core,50,2167,852,470,1944,0.8,1480,2.0
11101121437,core,60,1867,970,520,2200,0.9,1687,1.9
11101121438,core,0,0,0,0,0,0.0,0,0.0
11102121501,core,48,1950,721,380,1875,0.8,1541,2.5
11102121502,core,49,1805,813,350,2053,0.8,1637,2.5
11102121503,core,44,1621,590,300,1611,0.7,918,2.2
11102121504,core,40,1875,1017,490,2513,0.7,2381,2.8
11102121505,core,50,1993,748,355,1988,0.7,1612,2.3
11102121506,core,33,1513,775,385,1875,0.8,1555,2.8
11102121507,core,50,1690,700,250,1762,0.7,1258,2.2
11102121508,core,58,1517,579,290,1366,0.9,1067,2.3
11102121509,core,46,1517,661,325,1562,0.8,1333,2.5
11102121510,core,34,1459,597,231,1320,0.8,1168,2.7
11102121511,core,37,1872,934,340,2269,0.9,2171,3.0
11102121512,core,39,1600,806,395,1812,0.9,1781,2.9
11102121513,core,39,1560,612,345,1875,0.8,1583,2.7
11102121514,core,36,1523,673,338,1430,0.9,1375,2.8
11102121515,core,61,0,824,165,1625,1.1,1312,1.4
11102121516,core,49,1387,567,277,1192,0.8,954,2.1
11102121517,core,73,1790,582,370,1541,0.9,1083,2.2
11102121518,core,35,2350,925,530,2588,0.8,2327,2.7
11102121519,core,47,1659,645,281,2066,0.9,1070,2.1
11102121520,core,40,1613,670,340,1875,0.8,1625,2.5
11102121521,core,54,1950,706,200,1624,0.7,1375,2.7
11102121522,core,34,1733,705,315,1671,0.8,1521,2.6
11102121523,core,0,0,0,0,0,0.0,0,0.0
11102121524,core,39,1789,695,425,1781,0.8,1416,2.5
11102121525,core,50,1620,624,410,1687,0.7,1287,2.4
11102121601,core,50,1680,669,381,1792,0.7,1395,2.4
11102121602,core,46,1517,677,370,1448,0.7,1316,2.3
11102121603,core,42,1755,727,368,1853,0.8,1557,2.5
11102121604,core,50,1733,729,400,1687,0.8,1575,2.5
11102121605,core,51,1625,578,380,1593,0.7,1387,2.4
11102121606,core,38,1733,721,410,1921,0.8,1580,2.5
11102121607,core,42,1733,761,410,1721,0.7,1504,2.3
11102121608,core,35,2123,714,415,1841,0.8,1604,2.8
11102121609,core,49,2188,782,380,1987,0.7,1437,2.3
11102121610,core,51,1875,689,400,1589,0.7,1401,2.5
11102121611,core,39,2002,709,460,1562,0.7,1442,2.9
11102121612,core,44,2029,777,440,1945,0.8,1823,2.8
11102121613,core,33,1794,782,475,1816,0.8,1669,2.8
11102121614,core,39,1700,707,390,1531,0.8,1312,2.5
11102121615,core,40,1600,652,370,1692,0.7,1409,2.4
11102121616,core,51,1652,678,370,1649,0.7,1416,2.3
11102121617,core,54,1950,595,420,1625,0.6,1323,2.5
11102121701,core,84,520,487,175,850,0.9,494,1.2
11102121702,core,42,2000,796,450,2277,0.8,2055,3.0
11102121703,core,34,1780,759,403,1875,0.7,1578,2.5
11102121704,core,41,1800,792,430,1843,0.7,1804,2.6
11102121705,core,37,1478,770,370,1651,0.8,1242,2.1
11102121706,core,36,1733,701,418,1800,0.8,1625,2.6
11102121707,core,39,1517,483,181,1187,0.8,794,2.0
11102121708,core,38,1517,839,350,1937,0.7,1287,2.2
11102121709,core,39,1950,803,390,1916,0.8,1875,2.9
11102121710,core,43,1414,626,370,1406,0.8,1202,2.3
11102121711,core,35,1800,779,423,2022,0.8,1855,2.7
11102121714,core,43,1903,777,425,2222,0.8,2125,2.9
11102121718,core,24,2073,900,450,4374,1.0,3750,3.4
11102121719,core,39,1733,674,370,1680,0.8,1169,2.3
11102121720,core,35,1733,706,350,1625,0.9,1624,2.8
11102121721,core,43,1733,702,375,1666,0.8,1429,2.4
11102121722,core,34,1681,809,415,2083,0.8,1968,2.8
11102121723,core,39,1664,732,403,1687,0.8,1521,2.6
11102121724,core,37,2184,978,465,2845,0.8,2558,3.1
11102121727,core,30,2167,1101,528,2428,0.7,2327,2.7
11102121729,core,45,1950,859,470,2478,0.7,2269,2.8
11102121730,core,39,1733,764,400,2363,0.8,2019,2.8
11102121731,core,46,1772,793,450,2237,0.7,2091,2.8
11102121732,core,35,2167,992,540,2777,0.8,2696,3.4
11102121734,core,0,0,0,0,0,0.0,0,0.0
11102121736,core,32,1950,863,500,2521,0.8,2381,3.3
11102121737,core,33,2209,1112,525,3013,0.8,2978,3.2
11102121738,core,29,2274,830,510,2511,0.8,2457,3.5
11102121739,core,23,0,1374,0,2750,0.5,2750,2.0
11102121740,core,32,2167,1069,535,2589,0.8,2545,3.4
11102121741,core,30,2100,1112,520,2640,0.8,2586,3.3
11102121742,core,0,0,0,0,0,0.0,0,0.0
11102121743,core,30,2297,1189,540,2812,0.8,2808,3.3
11102121744,core,30,2221,1064,530,2658,0.8,2637,3.5
11102121745,core,34,2167,1029,525,2852,0.9,2923,3.6
11102121746,core,30,2532,1166,483,2628,0.8,2529,2.9
11102121747,core,46,1950,687,400,1605,0.8,1312,2.2
11102121748,core,48,2208,894,530,2656,0.8,2531,3.2
11102121749,core,31,2300,1202,530,2692,0.8,2651,3.3
11102121750,core,32,1828,815,510,2071,0.8,1861,2.9
11102121801,core,40,2292,805,375,2656,0.8,3013,3.4
11102121803,core,46,2600,736,350,1968,0.9,1890,3.1
11102121804,core,58,0,417,272,725,1.1,687,1.6
11102121805,core,38,2058,727,380,2279,0.8,2066,2.9
11102121807,core,43,1700,628,380,1343,0.8,1213,2.3
11102121809,core,50,2169,686,196,2250,0.8,2018,2.7
11102121810,core,44,2544,646,440,1728,0.8,1724,3.2
11102121811,core,42,1833,750,400,1770,0.7,1548,2.5
11102121812,core,61,2167,555,400,1318,0.8,984,2.2
11102121813,core,39,1950,579,410,1792,0.8,1792,3.1
11102121814,core,38,2000,674,400,1942,0.7,1733,2.7
11102121815,core,44,1950,658,350,1833,0.8,1463,2.7
11102121816,core,47,2383,710,410,2130,0.8,1906,3.0
11102121817,core,45,0,725,245,2250,1.0,1649,3.0
11102121819,core,52,1733,753,380,1906,0.7,1537,2.2
11102121820,core,62,2500,669,453,1708,0.6,1575,2.4
11102121822,core,53,1704,709,350,1523,0.7,1308,2.3
11102121823,core,46,2059,735,410,1946,0.8,1645,2.5
11102121824,core,38,1993,692,450,1899,0.7,1843,2.7
11102121825,core,53,2149,743,323,1981,0.8,1828,2.8
11102121827,core,69,1100,494,189,909,0.7,638,1.7
11102121828,core,46,1700,628,380,1604,0.8,1458,2.7
11102121829,core,40,1381,543,350,1208,0.8,1067,2.2
11102121830,core,82,484,469,115,980,0.6,710,1.4
11102121831,core,76,1759,498,340,1083,0.7,714,1.7
11102121832,core,77,374,472,225,1145,0.8,725,1.7
11102121833,core,36,1983,789,305,2181,0.8,1583,2.5
11102121835,core,45,1409,565,335,1674,0.8,1323,2.4
11102121836,core,42,1733,705,360,1583,0.8,1363,2.3
11102121837,core,33,2015,850,420,2099,0.8,1843,2.8
11102121838,core,46,1975,564,588,1437,0.8,1424,3.0
11102121839,core,42,1517,660,360,1792,0.9,1303,2.7
11102121840,core,39,1755,725,460,1921,0.8,2024,3.2
11102121841,core,49,2000,682,293,1843,0.8,1488,2.6
11102121842,core,62,1653,546,395,1279,0.8,961,2.2
11102121843,core,41,1767,697,335,2166,0.8,2071,3.0
11102121844,core,34,1409,739,518,1749,0.8,1624,3.3
11102121845,core,0,0,0,0,0,0.0,0,0.0
11102121846,core,31,2167,1009,480,2413,0.8,2304,3.2
11102121847,core,40,2000,743,390,2449,0.7,1812,2.8
11102121848,core,60,2167,679,140,2068,0.7,1981,2.5
11102121849,core,38,1811,763,380,1924,0.8,1596,2.7
11102121850,core,31,2345,1161,550,2547,0.8,2455,3.1
11102121851,core,52,2002,857,335,1875,0.9,1699,2.7
11102121852,core,57,1733,571,355,1292,0.7,904,2.0
11102121853,core,32,1722,738,380,1609,0.8,1386,2.3
11102121854,core,41,2305,605,220,1625,1.0,1329,2.5
11102121855,core,28,2159,737,453,1758,0.9,1511,2.9
11102121856,core,48,1586,577,412,1221,0.8,868,1.9
11102121901,core,58,1339,603,350,1458,0.7,1115,2.2
11102121902,core,57,1517,616,350,1350,0.8,1198,2.0
11102121903,core,62,1495,684,368,1771,0.7,1538,2.2
11102121904,core,35,1575,685,320,1800,0.8,1557,2.5
11102121905,core,44,1354,627,345,2025,0.8,1281,2.5
11102121906,core,47,1400,752,345,1892,0.8,1305,2.3
11102121907,core,50,1300,557,293,1449,0.7,937,2.2
11102121908,core,48,2016,1003,450,2618,0.7,2315,2.6
11102121909,core,45,2167,876,370,2416,0.7,2062,2.7
11102121910,core,63,1694,669,350,1479,0.6,1104,1.8
11102121911,core,50,1972,793,383,2386,0.7,2018,2.5
11102121912,core,43,1200,532,350,1361,0.8,1208,2.3
11102121913,core,58,2410,866,550,2125,0.7,1906,2.3
11102121914,core,51,2100,962,355,2799,0.7,2020,2.3
11102121915,core,41,2102,794,398,2650,0.8,2343,2.7
11102121916,core,63,1582,475,330,1662,0.8,949,2.0
11102121917,core,47,1733,627,365,1699,0.8,1256,2.4
11102121918,core,43,1500,496,231,1208,0.8,806,2.2
11102121919,core,58,2107,795,550,2166,0.7,1958,2.4
11102121921,core,74,0,350,0,725,1.3,725,2.0
11102121922,core,46,2059,754,590,2583,0.8,2250,3.1
11102121923,core,48,2167,949,420,2676,0.8,2444,2.6
11102121924,core,46,1993,888,470,2395,0.8,2291,2.9
11102121925,core,39,1738,777,300,2115,0.9,1671,2.8
11102121926,core,38,1757,830,370,2160,0.8,1589,2.6
11102121927,core,0,0,0,0,0,0.0,0,0.0
11102121929,core,41,1733,473,320,1260,0.8,1016,2.6
11102121930,core,36,1083,475,249,1174,0.8,1131,2.7
11102121931,core,38,1777,711,430,1825,0.7,1682,2.7
11102121933,core,47,1733,947,390,2173,0.7,1613,2.2
11102121934,core,58,2062,697,385,1937,0.7,1194,2.1
11102121935,core,53,1900,725,315,1715,0.8,1348,2.1
11102121936,core,41,2100,695,340,1987,0.8,1516,2.6
11102121937,core,45,1733,760,380,1875,0.7,1454,2.3
11102121938,core,40,1733,715,395,1848,0.8,1735,2.7
11102121939,core,49,1539,654,365,1800,0.8,1275,2.6
11102121940,core,50,1929,625,182,1562,0.7,1125,2.2
11102121941,core,39,1965,793,450,2083,0.8,2028,3.0
11102121942,core,41,1733,604,313,1687,0.8,1224,2.4
11102121943,core,72,741,430,450,785,0.7,755,1.7
11102121944,core,47,1400,468,167,1062,0.8,698,2.0
11102122001,core,46,1885,732,358,1958,0.7,1812,2.6
11102122002,core,43,2167,778,390,1983,0.7,1778,2.7
11102122003,core,54,2167,792,428,2146,0.7,2015,2.3
11102122004,core,47,1853,745,450,2048,0.8,1843,2.7
11102122005,core,50,1929,722,420,1974,0.7,1854,2.6
11102122006,core,45,1700,747,380,1640,0.7,1312,2.4
11102122007,core,45,1640,681,370,1625,0.8,1440,2.5
11102122009,core,46,1950,602,240,1702,0.8,1110,2.1
11102122010,core,46,1733,738,378,1765,0.8,1418,2.4
11102122011,core,43,2210,778,450,2008,0.7,1807,2.7
11102122012,core,43,1647,727,450,1786,0.8,1645,2.6
11102122013,core,49,1680,772,378,1976,0.8,1637,2.5
11102122014,core,57,2089,789,475,1857,0.6,1625,2.3
11102122015,core,47,2124,717,358,2068,0.8,1857,2.5
11102122016,core,39,2000,851,420,2213,0.7,2065,2.7
11102122017,core,48,1733,683,350,1478,0.7,1321,2.4
11102122018,core,57,1733,733,358,1825,0.8,1431,2.3
11102122019,core,54,2227,812,370,2018,0.7,1713,2.4
11102122020,core,54,1733,664,345,1557,0.8,1335,2.3
11102122021,core,58,1882,682,370,1658,0.7,1339,2.2
11102122022,core,0,0,0,0,0,0.0,0,0.0
11102122023,core,0,0,0,0,0,0.0,0,0.0
11102122024,core,31,2427,833,390,2124,0.9,1687,3.5
11102122101,core,46,1837,736,430,2094,0.8,2031,2.9
11102122102,core,44,1733,725,360,1781,0.8,1446,2.6
11102122103,core,37,1647,818,403,1774,0.8,1625,2.7
11102122104,core,32,1571,863,360,2125,0.9,1666,2.8
11102122105,core,39,1560,827,350,1792,0.8,1625,2.6
11102122106,core,38,1733,820,375,2058,0.8,1864,2.7
11102122107,core,47,2063,769,350,2104,0.8,1958,2.8
11102122108,core,40,1950,620,475,1518,0.7,1163,2.4
11102122109,core,33,1754,783,415,1924,0.9,1854,3.0
11102122110,core,40,1950,769,543,2187,0.8,2116,3.1
11102122111,core,38,1929,803,338,2131,0.8,2100,3.1
11102122112,core,39,1733,776,370,2152,0.8,1924,2.8
11102122113,core,37,1733,679,385,1892,0.9,1767,2.8
11102122114,core,31,2100,959,453,2312,0.8,2081,2.8
11102122115,core,40,1712,679,350,1792,0.9,1476,2.7
11102122116,core,36,1571,743,365,1562,0.8,1399,2.6
11102122117,core,40,1666,786,385,2025,0.8,1828,2.5
11102122118,core,44,1997,728,385,2125,0.8,1899,2.8
11102122119,core,34,1634,823,340,2115,0.8,1724,2.5
11102122120,core,42,2550,926,305,2333,0.8,2333,3.1
11103122201,core,35,2288,1086,420,3107,0.9,2730,2.8
11103122202,core,41,2167,873,490,2750,0.7,1937,2.4
11103122203,core,39,1783,885,425,2097,0.8,1740,2.3
11103122204,core,37,2234,996,510,2666,0.8,2339,2.8
11103122205,core,42,2227,890,530,2519,0.8,2315,2.8
11103122206,core,44,2000,879,560,2227,0.7,1981,2.7
11103122207,core,41,2289,907,410,2736,0.7,2194,2.7
11103122208,core,32,2200,977,475,2262,0.8,1981,2.3
11103122209,core,38,2470,1181,650,3571,0.9,3374,3.4
11103122210,core,33,2000,917,400,2267,0.8,1767,2.2
11103122211,core,37,2740,1037,530,3281,0.8,3013,2.9
11103122212,core,38,2275,797,375,2237,0.8,1583,2.3
11103122213,core,39,2197,1056,400,2791,0.8,2176,2.3
11103122214,core,38,1936,781,378,2222,0.8,1678,2.3
11103122215,core,35,2167,1014,350,3192,0.9,2481,2.8
11103122216,core,35,2080,908,493,2392,0.8,2250,2.8
11103122217,core,35,2100,1070,450,2710,0.8,2250,2.6
11103122218,core,32,1863,972,395,2524,0.9,1712,2.3
11103122219,core,35,1950,1039,380,2283,0.8,1875,2.2
11103122220,core,32,2000,772,430,2210,0.9,1768,2.6
11103122221,core,45,2817,2250,0,6500,0.8,5749,2.5
11103122222,core,29,0,1125,350,0,0.2,1125,1.0
11103122223,core,40,2307,821,500,2515,0.8,1942,2.7
11103122224,core,39,2167,845,470,2318,0.7,1829,2.6
11103122225,core,37,2167,978,488,2470,0.8,2250,2.7
11103122226,core,40,2367,953,360,2750,0.7,2521,2.8
11103122227,core,46,2383,890,550,2349,0.7,2131,2.8
11103122228,core,41,2000,921,390,2326,0.9,2178,2.9
11103122229,core,37,2167,867,270,2426,0.8,1857,2.5
11103122230,core,35,2167,980,420,2845,0.9,2426,3.0
11103122231,core,38,2166,977,471,2631,0.8,2446,2.9
11103122232,core,37,2167,980,443,2304,0.8,2089,2.7
11103122233,core,41,2167,911,505,2454,0.7,2073,2.5
11103122234,core,35,2392,1140,470,3115,0.9,2812,3.0
11103122235,core,36,2383,1120,490,3069,0.8,2597,2.8
11103122236,core,35,2492,1210,400,3172,0.9,2750,2.7
11103122237,core,0,0,0,0,0,0.0,0,0.0
11103122238,core,0,0,0,0,0,0.0,0,0.0
11103122239,core,41,1500,748,330,1731,0.8,1239,1.7
11103122240,core,43,2167,963,400,2533,0.8,1946,2.4
11103122301,core,39,1647,741,340,1800,0.8,1520,2.7
11103122302,core,35,1517,740,340,1718,0.8,1454,2.4
11103122303,core,38,1517,676,350,1605,0.8,1301,2.3
11103122304,core,50,1653,656,360,1593,0.7,1298,2.3
11103122306,core,47,1517,588,250,1513,0.8,1125,2.3
11103122307,core,39,1300,739,370,1568,0.8,1325,2.5
11103122308,core,39,1300,742,340,1687,0.9,1451,2.8
11103122309,core,56,1083,478,400,1125,0.7,899,1.9
11103122310,core,38,1476,638,350,1366,0.8,1173,2.4
11103122311,core,36,1300,691,345,1692,0.8,1243,2.3
11103122312,core,39,1517,639,330,1523,0.7,1258,2.3
11103122313,core,57,1641,561,335,1394,0.7,804,1.9
11103122314,core,47,2450,900,696,3091,0.8,3181,3.3
11103122315,core,46,1534,669,321,1474,0.7,1406,2.6
11103122316,core,35,1733,623,310,1416,0.9,1187,2.4
11103122317,core,32,1235,511,300,1312,0.8,1069,2.5
11103122318,core,43,1460,555,355,1281,0.7,1151,2.4
11103122319,core,34,1278,492,305,1266,0.8,1138,2.7
11103122320,core,47,1300,572,320,1241,0.8,1078,2.3
11103122321,core,25,1300,557,300,1062,0.9,1020,3.1
11103122322,core,31,1310,541,320,1192,0.8,1092,2.8
11103122323,core,44,1365,679,355,1666,0.7,1437,2.4
11103122324,core,46,1733,668,365,1399,0.7,1273,2.4
11103122325,core,48,1257,656,350,1624,0.7,1375,2.4
11103122401,core,41,2232,1221,460,3140,0.8,2519,2.6
11103122402,core,41,2500,1004,540,2777,0.8,2457,2.8
11103122403,core,56,4000,418,116,743,0.8,443,1.3
11103122404,core,47,1820,614,135,2295,0.8,785,2.0
11103122405,core,44,1955,432,115,966,0.9,508,1.7
11103122406,core,25,2637,478,187,743,0.8,762,2.7
11103122407,core,49,1900,838,430,2184,0.8,1371,1.6
11103122408,core,38,1560,881,400,2675,0.8,2146,2.4
11103122409,core,21,0,1125,210,2250,0.8,3499,2.5
11103122410,core,39,1267,649,0,0,0.5,899,1.7
11103122411,core,39,2029,1004,400,2250,0.7,1843,2.2
11103122412,core,35,2167,935,460,2294,0.8,1941,2.4
11103122413,core,34,1733,895,360,2131,0.9,1607,2.1
11103122414,core,34,1950,850,390,2183,0.8,1573,2.3
11103122415,core,35,1950,945,420,2208,0.9,1759,2.3
11103122416,core,0,0,0,0,0,0.0,0,0.0
11103122417,core,35,2184,956,400,2166,0.8,1625,1.9
11103122418,core,42,1900,791,423,2263,0.9,1735,2.2
11103122419,core,36,2100,903,475,1958,0.8,1731,2.1
11103122420,core,33,2014,829,388,2050,0.9,1452,2.0
11103122421,core,40,2037,823,430,2143,0.8,1581,2.2
11103122422,core,38,2000,997,428,2766,0.8,1947,2.5
11103122423,core,39,1928,827,420,2020,0.8,1573,2.0
11103122424,core,35,2124,1043,458,2333,0.8,1968,2.2
11103122425,core,37,2167,911,461,2045,0.8,1678,2.1
11103122426,core,44,2167,855,340,2277,0.8,1516,2.0
11103122427,core,42,2167,1057,470,3225,0.8,2273,2.6
11103122428,core,46,2709,1157,550,3208,0.8,2527,2.7
11103122429,core,48,3250,1034,515,2931,0.8,2449,2.7
11103122430,core,46,2600,1365,680,3727,0.7,2807,2.6
11103122431,core,41,2800,940,558,3109,0.8,2678,2.8
11103122432,core,46,2500,915,480,2849,0.8,2178,2.6
11103122501,core,41,2027,1003,450,2526,0.8,2195,2.6
11103122502,core,40,2167,1119,438,2714,0.8,2104,2.6
11103122503,core,40,1774,1006,450,2547,0.9,2234,2.6
11103122504,core,36,1767,892,330,2154,0.8,1638,2.2
11103122505,core,38,2167,961,420,2700,0.8,2264,2.7
11103122506,core,36,2126,980,488,2333,0.9,2150,2.7
11103122507,core,47,1900,787,415,2333,0.8,1636,2.1
11103122508,core,42,2804,1007,430,3270,0.8,2524,2.9
11103122509,core,45,2167,857,400,2636,0.8,1671,2.3
11103122510,core,48,1950,914,418,2666,0.8,2013,2.3
11103122511,core,38,2366,949,420,2807,0.9,2192,2.7
11103122512,core,43,2037,855,420,2175,0.8,1812,2.5
11103122513,core,42,2412,985,495,3045,0.8,2180,2.6
11103122514,core,42,2167,847,410,1862,0.8,1416,2.2
11103122515,core,37,2210,981,430,2941,0.8,2558,2.6
11103122516,core,37,1713,876,340,2113,0.9,1444,2.1
11103122517,core,40,2200,629,320,2305,0.9,1321,2.3
11103122518,core,40,2110,851,400,2673,0.8,1642,2.4
11103122519,core,38,1950,907,420,2150,0.8,1687,2.2
11103122520,core,45,2167,893,418,2571,0.8,2094,2.6
11103122521,core,40,1900,864,500,2650,0.8,2531,2.9
11103122522,core,42,2029,1090,700,3225,0.8,3100,3.0
11103122523,core,41,1912,493,190,1163,0.8,753,2.0
11103122524,core,35,2167,933,410,2426,0.8,1974,2.5
11103122525,core,42,1863,781,410,2166,0.8,1403,2.2
11103122526,core,40,2167,1071,440,2824,0.8,2271,2.7
11103122527,core,44,2000,854,398,2150,0.8,1325,2.2
11103122528,core,42,2600,1370,520,3480,0.8,3312,2.9
11103122529,core,46,1767,945,385,2583,0.8,2028,2.6
11103122530,core,44,1733,879,380,2428,0.8,1833,2.4
11103122531,core,39,2550,914,400,2291,0.8,1724,2.4
11103122532,core,44,2163,900,345,2395,0.8,1428,2.4
11103122533,core,28,0,1812,0,0,0.0,0,0.0
11103122534,core,43,3434,1370,490,3860,0.7,3481,3.0
11103122535,core,0,0,0,0,0,0.0,0,0.0
11103122536,core,39,2167,1074,575,2818,0.8,2687,2.9
11103122537,core,35,2184,1125,390,2954,0.9,2522,2.8
11103122538,core,39,2048,883,310,2235,1.0,1309,2.1
11103122539,core,42,1733,762,305,1765,0.8,1148,2.0
11103122540,core,37,2000,959,430,2445,0.9,2086,2.5
11103122541,core,44,1950,848,385,2143,0.8,1728,2.4
11103122542,core,39,2167,880,400,2222,0.8,1771,2.5
11103122543,core,39,2109,778,340,2270,0.8,1478,2.4
11103122601,core,42,1733,791,370,2091,0.7,1602,2.6
11103122602,core,36,1720,794,460,2062,0.8,1910,3.0
11103122603,core,35,1961,735,450,2174,0.8,1922,2.9
11103122604,core,37,1800,622,400,2104,0.8,1916,2.8
11103122605,core,42,2000,915,503,2473,0.8,2333,3.0
11103122606,core,40,2143,779,450,2143,0.8,2071,3.0
11103122608,core,36,1733,826,400,2180,0.7,1762,2.6
11103122609,core,38,1790,782,425,2198,0.8,2150,3.0
11103122610,core,36,1835,757,365,1656,0.8,1508,2.5
11103122611,core,36,1733,706,405,1768,0.9,1645,2.8
11103122613,core,34,1975,912,490,2362,0.8,2215,2.9
11103122614,core,37,1800,763,438,2194,0.8,2118,3.1
11103122615,core,39,1824,816,413,2296,0.8,2050,2.9
11103122616,core,35,1975,815,465,2250,0.8,2374,3.2
11103122617,core,37,1950,921,410,2449,0.8,2223,2.6
11103122618,core,38,1595,705,403,1637,0.7,1510,2.5
11103122619,core,38,1733,654,430,1562,0.8,1307,2.6
11103122620,core,38,1733,725,400,1770,0.7,1562,2.5
11103122621,core,45,1766,749,350,1924,0.8,1800,2.7
11103122622,core,27,1766,725,505,1124,0.6,1437,2.0
11103122623,core,36,1950,766,400,1921,0.8,1770,2.7
11103122624,core,35,1842,825,395,2437,0.8,1958,3.0
11103122625,core,37,1602,737,410,1937,0.8,1625,2.6
11103122626,core,37,1742,785,373,1965,0.8,1833,2.7
11103122627,core,39,1820,942,355,2232,0.7,1963,2.7
11103122628,core,34,1733,841,400,2055,0.8,1678,2.6
11103122629,core,33,2275,884,520,2641,0.8,2608,3.2
11103122631,core,34,2925,725,0,2874,1.1,3374,5.3
11103122632,core,33,2120,767,435,2343,0.9,2365,3.6
11103122633,core,0,0,0,0,0,0.0,0,0.0
11103122634,core,31,2184,944,505,2515,0.9,2236,3.1
11103122635,core,32,2400,1132,560,2720,0.8,2705,3.4
11103122636,core,28,2400,952,485,2278,0.9,2196,3.2
11103122637,core,29,2392,1100,505,2630,0.8,2521,3.2
11103122638,core,35,2252,1049,550,2761,0.8,2784,3.3
11103122639,core,33,2245,1077,540,2785,0.8,2750,3.4
11103122640,core,31,2032,996,490,2827,0.8,2641,3.2
11103122641,core,28,2340,1237,535,2874,0.9,2762,3.7
11103122642,core,32,2383,1165,525,3008,0.8,3008,3.4
11103122701,core,44,2000,1017,410,2111,0.7,1937,2.5
11103122702,core,65,0,575,0,0,0.0,0,0.0
11103122703,core,33,1600,1056,410,2524,0.8,1774,2.2
11103122704,core,36,1992,982,400,2449,0.8,1901,2.1
11103122705,core,35,2167,986,440,2416,0.8,1833,2.2
11103122706,core,36,1967,865,400,2265,0.8,1651,2.3
11103122707,core,36,1915,866,420,1888,0.8,1681,2.2
11103122708,core,36,1712,874,370,2204,0.9,1733,2.3
11103122709,core,35,1961,974,420,2236,0.9,1821,2.4
11103122710,core,33,1781,830,410,2162,0.8,1676,2.3
11103122711,core,34,1997,869,385,2237,0.8,1768,2.1
11103122712,core,36,1845,885,350,2143,0.9,1875,2.4
11103122713,core,34,1997,809,300,2200,0.9,1510,2.3
11103122714,core,34,1865,815,375,2010,0.9,1568,2.4
11103122715,core,64,1867,719,430,1542,0.7,1482,2.4
11103122716,core,54,1600,484,150,1649,0.7,954,2.1
11103122717,core,33,1900,825,410,2147,0.9,1946,2.6
11103122718,core,36,1858,820,380,1983,0.8,1375,2.1
11103122719,core,38,1931,867,390,2437,0.8,1625,2.4
11103122720,core,36,1950,876,400,2078,0.8,1646,2.4
11103122721,core,36,1950,759,369,1812,0.9,1421,2.1
11103122722,core,37,1654,623,300,1812,0.9,922,1.8
11103122723,core,55,1735,496,260,1899,0.8,1224,1.9
11103122724,core,42,1764,756,370,2103,0.8,1199,2.0
11103122725,core,35,1517,767,405,1937,0.8,1763,2.3
11103122726,core,41,1480,828,380,1708,0.7,1413,2.1
11103122727,core,34,1975,764,450,2027,0.8,1987,2.9
11103122728,core,38,1800,780,368,2087,0.7,1821,2.6
11103122729,core,38,1800,950,400,2420,0.8,1884,2.3
11103122730,core,35,1969,840,351,2146,0.9,1708,2.2
11103122731,core,34,1757,737,350,1758,0.8,1408,2.1
11103122732,core,39,1820,667,233,2166,0.9,1073,2.1
11103122733,core,39,1766,794,390,2192,0.8,1702,2.2
11103122734,core,36,2000,884,410,2117,0.8,1728,2.3
11103122735,core,36,1863,931,390,2171,0.9,1482,2.1
11103122736,core,36,2100,837,420,2437,0.9,1875,2.3
11103122801,core,39,2817,1302,545,3523,0.8,3324,3.1
11103122802,core,42,2383,1113,590,3069,0.8,2750,2.9
11103122803,core,0,0,0,0,0,0.0,0,0.0
11103122804,core,40,3750,1244,450,3785,0.8,3150,2.8
11103122805,core,51,2167,1701,500,4681,0.7,4083,2.5
11103122806,core,45,3017,1363,700,4250,0.7,3874,2.9
11103122807,core,43,2839,1096,470,3305,0.8,2720,2.8
11103122808,core,40,2695,1177,630,3968,0.8,3374,2.9
11103122809,core,40,2384,924,370,2636,0.8,1448,2.1
11103122810,core,46,2383,879,390,2250,0.8,1531,2.1
11103122811,core,40,2817,1068,605,3437,0.9,2899,3.1
11103122812,core,42,3033,1028,660,3283,0.8,2840,2.9
11103122813,core,37,2518,1014,448,2488,0.8,2196,2.5
11103122814,core,38,2659,1169,473,2542,0.8,2321,2.4
11103122815,core,33,1799,1029,380,2520,0.9,1770,2.0
11103122816,core,42,1544,909,283,2750,0.9,1281,1.8
11103122817,core,31,2000,1020,400,2473,0.9,1812,2.1
11103122818,core,36,2453,1084,500,3130,0.9,2774,2.9
11103122819,core,36,3000,1034,490,3125,0.8,2600,2.7
11103122820,core,44,2377,1068,440,3125,0.8,2583,2.8
11103122821,core,41,2881,1050,450,3050,0.8,2833,2.8
11103122822,core,38,2000,851,440,2283,0.8,2162,2.6
11103122823,core,31,2097,1109,395,2727,0.9,1642,1.9
11103122824,core,34,1988,1078,400,2856,0.9,1968,2.0
11103122825,core,38,2078,1168,450,2625,0.8,2055,2.2
11103122826,core,40,2383,1106,420,2884,0.8,2069,2.3
11103122827,core,46,3527,909,152,4250,0.8,1187,2.1
11103122828,core,47,2708,1156,440,4937,0.9,3150,2.5
11103122829,core,36,2221,1190,425,2826,0.8,2200,2.3
11103122830,core,39,2167,984,450,2553,0.8,1778,2.1
11103122831,core,43,2600,1076,550,2839,0.8,2250,2.5
11103122832,core,38,2500,1346,440,3208,0.9,2666,2.3
11103122901,core,35,1867,982,390,2250,0.8,1365,1.8
11103122902,core,35,3033,1082,450,2750,0.9,1926,2.0
11103122903,core,50,2135,1348,548,2702,0.9,2003,1.7
11103122905,core,37,2308,1110,440,2571,1.0,1728,1.8
11103122906,core,33,1733,1111,428,2218,0.9,1892,1.8
11103122908,core,45,2200,1079,500,2639,0.9,2028,2.1
11103122909,core,44,2084,1202,400,3025,0.8,2094,2.2
11103122910,core,35,2167,1149,410,2440,0.8,1887,1.9
11103122911,core,31,2000,1174,403,2859,0.9,1931,2.1
11103122912,core,48,3500,1164,485,2611,0.8,2218,2.1
11103122913,core,48,3176,833,135,2916,0.9,1160,2.0
11103122914,core,0,0,0,0,0,0.0,0,0.0
11103122916,core,32,2167,1107,450,2922,0.9,2211,2.3
11103122917,core,35,1997,1034,480,2774,0.9,2107,2.2
11103122918,core,31,2102,1194,464,2486,0.9,2166,2.1
11103122919,core,35,2209,1191,466,2901,0.9,2325,2.2
11103122920,core,40,3000,1146,520,3428,0.9,2799,2.5
11103122921,core,42,3727,1359,435,3750,0.8,3333,2.5
11103122922,core,44,2800,1466,465,3916,0.8,3083,2.6
11103122923,core,37,2250,991,293,2821,0.9,1355,1.8
11103122924,core,38,2385,764,265,2343,0.8,1542,2.3
11103122925,core,38,2249,942,400,2683,0.9,1716,1.9
11103122926,core,32,2300,1056,360,2833,0.9,1837,2.1
11103122927,core,39,2167,1152,450,2536,0.9,1968,2.0
11103122928,core,45,2383,1217,425,3349,0.9,1902,1.6
11103122929,core,43,2600,1112,528,2524,0.9,1812,1.8
11103122930,core,45,3000,1532,500,3068,0.9,1969,1.4
11103122931,core,35,1688,1212,450,2368,1.0,1796,1.7
11103122932,core,34,2050,1283,500,2573,1.0,2097,1.8
11103123001,core,42,2546,1062,550,1937,0.7,1875,2.1
11103123101,core,28,1733,664,300,1708,0.9,1259,2.2
11103123102,core,29,1700,779,385,1875,0.8,1579,2.6
11103123103,core,28,1508,722,330,1550,1.0,1404,2.3
11103123104,core,26,1640,660,410,1775,0.8,1572,2.6
11103123105,core,69,1684,541,288,1208,0.8,687,2.0
11103123106,core,73,1024,466,143,982,0.8,864,1.7
11103123107,core,43,1300,599,370,1625,0.8,1292,2.3
11103123108,core,32,1695,791,390,1904,0.8,1633,2.5
11103123109,core,34,1733,758,380,1786,0.7,1514,2.4
11103123110,core,29,1738,663,390,1458,0.8,1345,2.3
11103123111,core,41,1613,685,420,1640,0.8,1322,2.3
11103123112,core,0,0,0,0,0,0.0,0,0.0
11103123113,core,32,1700,718,420,1843,0.8,1445,2.4
11103123114,core,26,1545,626,360,1711,0.9,1386,2.7
11103123115,core,32,1560,632,300,1431,0.8,1228,2.3
11103123116,core,32,1733,685,393,1859,0.8,1472,2.6
11103123117,core,34,1750,711,430,1875,0.8,1600,2.5
11103123118,core,31,1608,599,320,1375,0.8,1083,2.2
11103123119,core,29,1300,503,330,1178,0.9,1059,2.5
11103123120,core,30,1450,551,360,1333,1.1,979,2.2
11103123121,core,28,1763,612,338,1348,1.1,1172,2.5
11103123122,core,30,1605,725,375,1819,0.9,1511,2.5
11103123123,core,30,1820,591,400,1519,1.0,1414,2.7
11103123124,core,25,1907,585,390,1768,0.8,1462,2.8
11103123125,core,20,0,302,0,0,0.0,0,0.0
11103123126,core,44,1924,468,225,1424,0.9,870,2.1
11103123201,core,47,1777,880,440,2353,0.8,2115,2.5
11103123202,core,45,2167,738,390,2102,0.8,1625,2.4
11103123203,core,56,1950,781,390,2125,0.8,1421,2.2
11103123204,core,48,2500,582,270,1437,0.7,926,1.9
11103123205,core,47,1733,750,338,2059,0.8,1381,2.2
11103123206,core,46,2221,907,430,2062,0.8,1692,2.4
11103123207,core,42,2383,775,445,2516,0.8,2112,2.7
11103123208,core,56,1715,789,390,2125,0.9,1770,2.6
11103123209,core,43,2167,769,350,2214,0.8,1523,2.4
11103123210,core,43,2279,693,430,1875,0.8,1343,2.3
11103123211,core,43,2084,524,250,2074,0.6,575,1.7
11103123213,core,72,758,479,185,921,0.7,636,1.5
11103123216,core,0,0,0,0,0,0.0,0,0.0
11103123217,core,73,816,498,188,1012,0.7,843,1.6
11103123218,core,33,2400,1132,520,2550,0.8,2513,3.1
11103123219,core,30,2500,1252,515,2509,0.7,2374,2.9
11103123220,core,35,2300,1217,510,3064,0.8,2957,3.4
11103123221,core,73,650,489,0,1039,0.8,946,1.8
11103123222,core,50,1950,737,300,1812,0.8,1562,2.7
11103123223,core,32,2500,1209,545,2849,0.8,2750,3.1
11103123224,core,44,1636,671,400,1779,0.8,1545,2.4
11103123301,core,33,1950,812,390,2053,0.8,1681,2.4
11103123302,core,35,1796,696,395,1580,0.9,1366,2.2
11103123303,core,37,1517,665,395,1787,0.8,1229,2.3
11103123304,core,35,1648,700,398,1937,0.8,1505,2.5
11103123305,core,40,1517,623,380,1589,0.8,1287,2.2
11103123306,core,51,1647,577,365,1474,0.8,966,2.0
11103123307,core,78,1717,453,235,891,0.7,763,1.6
11103123308,core,0,0,0,0,0,0.0,0,0.0
11103123309,core,55,1647,599,380,1481,0.7,1076,2.2
11103123310,core,38,1733,760,380,1831,0.8,1476,2.3
11103123311,core,60,0,450,0,0,0.0,450,1.0
11103123312,core,31,1690,810,425,2102,0.9,1642,2.5
11103123313,core,30,1300,826,340,1337,0.7,1267,2.1
11103123314,core,42,1668,722,370,1864,0.8,1408,2.2
11103123315,core,38,1717,699,350,1625,0.8,1258,2.3
11103123316,core,39,1800,716,450,2125,0.8,1866,2.8
11103123317,core,32,1647,528,310,1283,1.0,900,2.1
11103123318,core,48,1844,478,245,1461,0.8,1034,2.1
11103123319,core,44,1918,627,358,2237,0.8,1875,2.8
11103123320,core,33,1790,874,400,2132,0.8,2013,2.8
11103123321,core,40,1980,920,390,2289,0.7,1966,2.5
11103123322,core,36,1733,766,400,2023,0.8,1766,2.6
11103123323,core,36,2000,653,305,1818,0.8,1212,2.3
11103123324,core,41,1733,777,380,2152,0.8,1666,2.4
11103123325,core,38,1733,785,433,2102,0.8,1906,2.6
11103123326,core,38,2167,945,470,2441,0.7,2211,2.6
11103123327,core,39,1907,805,445,2119,0.8,1971,2.7
11103123328,core,43,2167,772,325,2441,0.8,1944,2.8
11103123329,core,47,2200,1011,575,2805,0.7,2550,2.9
11103123330,core,47,2112,1161,565,3225,0.7,3150,3.1
11103123331,core,38,1853,748,450,1886,0.8,1625,2.4
11103123332,core,37,1558,767,390,1781,0.8,1366,2.3
11103123333,core,39,2167,777,430,2214,0.8,2033,2.7
11103123334,core,38,1755,861,390,2202,0.8,1761,2.5
11103123335,core,41,1733,616,315,1587,0.9,1176,2.5
11103123336,core,35,1950,752,400,1847,0.8,1493,2.4
11103123337,core,37,1647,783,425,1841,0.7,1487,2.2
11103123338,core,47,2000,806,435,2611,0.8,2295,2.9
11103123339,core,32,1733,713,360,1731,1.0,1360,2.3
11103123340,core,38,2000,962,415,2437,0.8,2230,2.7
11103123341,core,43,1647,761,420,1987,0.8,1542,2.3
11103123342,core,38,1825,682,361,1757,0.8,1399,2.4
11103123343,core,37,1777,701,400,1733,0.8,1427,2.4
11103123344,core,54,1700,592,390,1946,0.7,1147,2.1
11103123401,core,38,2036,881,335,2374,0.9,1687,2.2
11103123402,core,33,2100,866,390,1987,0.8,1652,2.4
11103123403,core,30,1907,741,375,2155,0.9,1666,2.7
11103123404,core,29,2000,786,430,2117,0.8,1861,2.5
11103123405,core,35,1800,780,400,2232,0.8,1854,2.5
11103123406,core,37,1975,909,400,2275,0.8,1768,2.3
11103123407,core,39,2000,609,330,2170,0.9,1919,2.7
11103123408,core,39,1995,804,360,2266,0.8,1666,2.3
11103123409,core,33,1789,685,420,1944,0.8,1671,2.4
11103123410,core,74,1733,617,403,1946,0.8,1205,2.1
11103123411,core,33,1911,753,445,2062,0.7,1488,2.3
11103123412,core,27,1517,591,370,1640,0.9,1409,2.5
11103123413,core,32,1900,746,355,1724,0.8,1404,2.3
11103123414,core,36,1895,938,428,2323,0.8,1759,2.2
11103123415,core,34,2167,990,445,2513,0.8,2192,2.4
11103123416,core,34,2000,979,440,2383,0.8,2093,2.5
11103123417,core,39,2058,929,440,2576,0.8,2132,2.4
11103123418,core,36,1950,927,440,2307,0.9,2166,2.4
11103123419,core,40,1767,906,350,2021,0.8,1607,2.0
11103123420,core,37,1950,738,310,1767,0.9,1125,2.0
11103123421,core,34,1842,968,400,2396,0.9,1816,2.3
11103123422,core,65,1742,716,240,1895,0.9,1012,1.7
11103123423,core,33,1950,803,320,2125,0.8,1586,2.1
11103123424,core,42,1733,687,368,1874,0.8,1416,2.1
11103123425,core,35,1809,680,360,1899,0.9,1468,2.2
11103123426,core,30,1616,767,395,2062,0.9,1575,2.4
11103123427,core,35,1862,755,380,1775,0.8,1434,2.3
11103123501,core,51,2167,1173,540,2463,0.8,2125,1.9
11103123502,core,35,2000,1058,500,2685,0.9,2189,2.4
11103123503,core,36,1993,889,395,2343,0.9,1910,2.4
11103123504,core,36,1606,984,450,2516,0.8,2230,2.4
11103123505,core,53,1800,982,568,2192,0.7,1887,2.1
11103123506,core,0,0,0,0,0,0.0,0,0.0
11103123507,core,36,2000,863,380,2474,0.9,2136,2.5
11103123508,core,34,1886,930,390,2480,0.9,1586,1.9
11103123509,core,33,1916,982,450,2396,0.9,1852,2.3
11103123510,core,33,2134,997,450,2625,0.9,2108,2.3
11103123511,core,37,2184,1117,500,2526,0.9,2071,2.2
11103123512,core,33,1983,1021,465,2482,0.8,1912,2.1
11103123513,core,37,2167,917,400,2341,0.9,1921,2.2
11103123514,core,35,2119,963,420,2235,0.9,1895,2.3
11103123515,core,33,1913,909,400,2125,1.0,1656,2.1
11103123516,core,40,1900,791,368,2131,0.8,1544,2.2
11103123518,core,34,1733,1015,440,2023,0.8,1735,2.1
11103123519,core,37,2000,1025,478,2766,0.8,2057,2.3
11103123520,core,33,2120,1159,490,2694,0.9,2100,1.9
11103123521,core,29,1950,1166,455,2374,0.9,1646,1.6
11103123522,core,30,1648,949,243,2749,1.1,2124,1.9
