SA1_CODE21,zone_tier,lga_name,lga_code
10601110701,core,Cessnock,11720
10601110702,core,Cessnock,11720
10601110703,core,Cessnock,11720
10601110704,external,Singleton,17000
10601110705,external,Singleton,17000
10601110706,core,Maitland,15050
10601110707,core,Cessnock,11720
10601110708,core,Cessnock,11720
10601110709,core,Cessnock,11720
10601110710,core,Cessnock,11720
10601110712,core,Cessnock,11720
10601110713,core,Cessnock,11720
10601110714,core,Cessnock,11720
10601110716,external,Singleton,17000
10601110717,external,Singleton,17000
10601110718,external,Singleton,17000
10601110719,core,Cessnock,11720
10601110720,core,Cessnock,11720
10601110722,core,Cessnock,11720
10601110723,core,Cessnock,11720
10601110725,core,Cessnock,11720
10601110726,core,Cessnock,11720
10601110727,core,Cessnock,11720
10601110728,core,Cessnock,11720
10601110729,core,Cessnock,11720
10601110730,core,Cessnock,11720
10601110731,core,Cessnock,11720
10601110732,core,Cessnock,11720
10601110733,core,Cessnock,11720
10601110801,core,Cessnock,11720
10601110806,core,Cessnock,11720
10601110807,core,Cessnock,11720
10601110808,core,Cessnock,11720
10601110809,core,Cessnock,11720
10601110810,core,Cessnock,11720
10601110811,core,Cessnock,11720
10601110812,core,Cessnock,11720
10601110813,core,Cessnock,11720
10601110814,core,Cessnock,11720
10601110815,core,Cessnock,11720
10601110816,core,Cessnock,11720
10601110817,core,Cessnock,11720
10601110818,core,Cessnock,11720
10601110819,core,Cessnock,11720
10601110820,core,Cessnock,11720
10601110821,core,Cessnock,11720
10601110822,core,Cessnock,11720
10601110823,core,Cessnock,11720
10601110824,core,Cessnock,11720
10601110825,core,Cessnock,11720
10601110826,core,Cessnock,11720
10601110827,core,Cessnock,11720
10601110828,core,Cessnock,11720
10601110829,core,Cessnock,11720
10601110830,core,Cessnock,11720
10601110831,core,Cessnock,11720
10601110832,core,Cessnock,11720
10601110833,core,Cessnock,11720
10601110834,core,Cessnock,11720
10601110835,core,Cessnock,11720
10601110836,core,Cessnock,11720
10601110837,core,Cessnock,11720
10601110838,core,Cessnock,11720
10601110839,core,Cessnock,11720
10601110840,core,Cessnock,11720
10601110841,core,Cessnock,11720
10601110842,core,Cessnock,11720
10601110843,core,Cessnock,11720
10601110844,core,Cessnock,11720
10601110845,core,Cessnock,11720
10601110847,core,Cessnock,11720
10601110848,core,Cessnock,11720
10601110850,core,Cessnock,11720
10601110852,core,Cessnock,11720
10601110855,core,Cessnock,11720
10601110858,core,Cessnock,11720
10601110859,core,Cessnock,11720
10601110860,core,Cessnock,11720
10601110861,core,Cessnock,11720
10601110862,core,Cessnock,11720
10601110863,core,Cessnock,11720
10601110864,core,Cessnock,11720
10601110865,core,Cessnock,11720
10601110866,core,Cessnock,11720
10601110901,core,Cessnock,11720
10601110902,core,Cessnock,11720
10601110903,core,Cessnock,11720
10601110904,core,Cessnock,11720
10601110905,core,Cessnock,11720
10601110906,core,Cessnock,11720
10601110907,core,Cessnock,11720
10601110908,core,Cessnock,11720
10601110909,core,Cessnock,11720
10601110911,core,Cessnock,11720
10601110912,core,Cessnock,11720
10601110913,core,Cessnock,11720
10601110914,core,Cessnock,11720
10601110915,core,Cessnock,11720
10601110916,core,Cessnock,11720
10601110917,core,Cessnock,11720
10601110918,core,Cessnock,11720
10601110920,core,Cessnock,11720
10601110921,core,Cessnock,11720
10601110922,core,Cessnock,11720
10601110924,core,Cessnock,11720
10601110925,core,Cessnock,11720
10601110926,core,Cessnock,11720
10601110927,core,Cessnock,11720
10601110928,core,Cessnock,11720
10601110929,core,Cessnock,11720
10601110930,core,Cessnock,11720
10601111001,external,Dungog,12700
10601111002,external,Dungog,12700
10601111003,external,Dungog,12700
10601111004,external,Dungog,12700
10601111006,external,Dungog,12700
10601111007,external,Dungog,12700
10601111008,external,Dungog,12700
10601111009,external,Dungog,12700
10601111010,external,Dungog,12700
10601111011,external,Dungog,12700
10601111012,external,Dungog,12700
10601111013,external,Dungog,12700
10601111014,external,Dungog,12700
10601111015,external,Dungog,12700
10601111016,external,Dungog,12700
10601111017,external,Dungog,12700
10601111018,external,Dungog,12700
10601111019,external,Dungog,12700
10601111020,external,Dungog,12700
10601111021,external,Dungog,12700
10601111022,external,Dungog,12700
10601111023,external,Dungog,12700
10601111024,external,Dungog,12700
10601111025,external,Dungog,12700
10601111026,external,Dungog,12700
10601111027,external,Dungog,12700
10601111028,external,Dungog,12700
10601111029,external,Dungog,12700
10601111101,core,Cessnock,11720
10601111102,core,Cessnock,11720
10601111103,core,Cessnock,11720
10601111104,core,Cessnock,11720
10601111105,core,Cessnock,11720
10601111106,core,Cessnock,11720
10601111107,core,Cessnock,11720
10601111108,core,Cessnock,11720
10601111109,core,Cessnock,11720
10601111110,core,Cessnock,11720
10601111111,core,Cessnock,11720
10601111112,core,Cessnock,11720
10601111113,core,Cessnock,11720
10601111114,core,Cessnock,11720
10601111115,core,Cessnock,11720
10601111116,core,Cessnock,11720
10601111117,core,Cessnock,11720
10601111118,core,Cessnock,11720
10601111121,core,Cessnock,11720
10601111122,core,Cessnock,11720
10601111123,core,Cessnock,11720
10601111124,core,Cessnock,11720
10601111125,core,Cessnock,11720
10601111126,core,Cessnock,11720
10601111127,core,Cessnock,11720
10601111128,core,Cessnock,11720
10601111129,core,Cessnock,11720
10601111130,core,Cessnock,11720
10601111131,core,Cessnock,11720
10601111132,core,Cessnock,11720
10601111133,core,Cessnock,11720
10601111134,core,Cessnock,11720
10601111135,core,Cessnock,11720
10601111136,core,Cessnock,11720
10601111137,core,Cessnock,11720
10601111138,core,Cessnock,11720
10601111139,core,Cessnock,11720
10601111140,core,Cessnock,11720
10601111141,core,Cessnock,11720
10601111142,core,Cessnock,11720
10601111143,core,Cessnock,11720
10601111144,core,Cessnock,11720
10601111146,core,Cessnock,11720
10601111147,core,Cessnock,11720
10601111148,core,Cessnock,11720
10601111149,core,Cessnock,11720
10601111150,core,Cessnock,11720
10601111151,core,Maitland,15050
10601111152,core,Cessnock,11720
10601111153,core,Cessnock,11720
10601111154,core,Cessnock,11720
10601111155,core,Cessnock,11720
10601111156,core,Cessnock,11720
10601111157,core,Cessnock,11720
10601111158,core,Cessnock,11720
10601111159,core,Cessnock,11720
10601111201,external,Singleton,17000
10601111202,external,Singleton,17000
10601111203,external,Singleton,17000
10601111204,external,Singleton,17000
10601111205,external,Singleton,17000
10601111206,external,Singleton,17000
10601111207,external,Singleton,17000
10601111208,external,Singleton,17000
10601111209,external,Singleton,17000
10601111210,external,Singleton,17000
10601111211,external,Singleton,17000
10601111213,external,Singleton,17000
10601111214,external,Singleton,17000
10601111215,external,Singleton,17000
10601111216,external,Singleton,17000
10601111217,external,Singleton,17000
10601111218,external,Singleton,17000
10601111219,external,Singleton,17000
10601111220,external,Singleton,17000
10601111221,external,Singleton,17000
10601111222,external,Singleton,17000
10601111223,external,Singleton,17000
10601111224,external,Singleton,17000
10601111225,external,Singleton,17000
10601111226,external,Singleton,17000
10601111227,external,Singleton,17000
10601111228,external,Singleton,17000
10601111229,external,Singleton,17000
10601111230,external,Singleton,17000
10601111231,external,Singleton,17000
10601111232,external,Singleton,17000
10601111233,external,Singleton,17000
10601111234,external,Singleton,17000
10601111235,external,Singleton,17000
10601111237,external,Singleton,17000
10601111238,external,Singleton,17000
10601111240,external,Singleton,17000
10601111241,external,Singleton,17000
10601111242,external,Singleton,17000
10601111244,external,Singleton,17000
10601111245,external,Singleton,17000
10601111246,external,Singleton,17000
10601111247,external,Singleton,17000
10601111248,external,Singleton,17000
10601111249,external,Singleton,17000
10601111250,external,Singleton,17000
10601111251,external,Singleton,17000
10601111301,external,Singleton,17000
10601111302,external,Singleton,17000
10601111303,external,Singleton,17000
10601111304,external,Singleton,17000
10601111305,external,Singleton,17000
10601111306,external,Singleton,17000
10601111307,external,Singleton,17000
10601111308,external,Singleton,17000
10601111309,external,Singleton,17000
10601111310,external,Singleton,17000
10601111311,external,Singleton,17000
10601111312,external,Singleton,17000
10601111313,external,Singleton,17000
10601111314,external,Singleton,17000
10601111315,external,Singleton,17000
10602111401,core,Maitland,15050
10602111402,core,Maitland,15050
10602111403,core,Maitland,15050
10602111408,core,Maitland,15050
10602111409,core,Maitland,15050
10602111410,core,Maitland,15050
10602111411,core,Maitland,15050
10602111412,core,Maitland,15050
10602111415,core,Maitland,15050
10602111416,core,Maitland,15050
10602111417,core,Maitland,15050
10602111418,core,Maitland,15050
10602111419,core,Maitland,15050
10602111420,core,Maitland,15050
10602111421,core,Maitland,15050
10602111422,core,Maitland,15050
10602111423,core,Maitland,15050
10602111424,core,Maitland,15050
10602111425,core,Maitland,15050
10602111426,core,Maitland,15050
10602111601,core,Maitland,15050
10602111602,core,Maitland,15050
10602111603,core,Maitland,15050
10602111604,core,Maitland,15050
10602111605,core,Maitland,15050
10602111606,core,Maitland,15050
10602111607,core,Maitland,15050
10602111608,core,Maitland,15050
10602111609,core,Maitland,15050
10602111610,core,Maitland,15050
10602111611,core,Maitland,15050
10602111612,core,Maitland,15050
10602111613,core,Maitland,15050
10602111614,core,Maitland,15050
10602111615,core,Maitland,15050
10602111617,core,Maitland,15050
10602111618,core,Maitland,15050
10602161401,core,Maitland,15050
10602161402,core,Maitland,15050
10602161403,core,Maitland,15050
10602161404,core,Maitland,15050
10602161405,core,Maitland,15050
10602161406,core,Maitland,15050
10602161407,core,Maitland,15050
10602161408,core,Maitland,15050
10602161409,core,Maitland,15050
10602161410,core,Maitland,15050
10602161411,core,Maitland,15050
10602161412,core,Maitland,15050
10602161413,core,Maitland,15050
10602161414,core,Maitland,15050
10602161415,core,Maitland,15050
10602161416,core,Maitland,15050
10602161417,core,Maitland,15050
10602161418,core,Maitland,15050
10602161419,core,Maitland,15050
10602161420,core,Maitland,15050
10602161421,core,Maitland,15050
10602161422,core,Maitland,15050
10602161423,core,Maitland,15050
10602161424,core,Maitland,15050
10602161425,core,Maitland,15050
10602161426,core,Maitland,15050
10602161427,core,Maitland,15050
10602161428,core,Maitland,15050
10602161429,core,Maitland,15050
10602161430,core,Maitland,15050
10602161431,core,Maitland,15050
10602161432,core,Maitland,15050
10602161433,core,Maitland,15050
10602161434,core,Maitland,15050
10602161435,core,Maitland,15050
10602161436,core,Maitland,15050
10602161437,core,Maitland,15050
10602161438,core,Maitland,15050
10602161439,core,Maitland,15050
10602161440,core,Maitland,15050
10602161441,core,Maitland,15050
10602161442,core,Maitland,15050
10602161443,core,Maitland,15050
10602161444,core,Maitland,15050
10602161445,core,Maitland,15050
10602161446,core,Maitland,15050
10602161447,core,Maitland,15050
10602161448,core,Maitland,15050
10602161449,core,Maitland,15050
10602161501,core,Maitland,15050
10602161502,core,Maitland,15050
10602161503,core,Maitland,15050
10602161504,core,Maitland,15050
10602161505,core,Maitland,15050
10602161506,core,Maitland,15050
10602161507,core,Maitland,15050
10602161508,core,Maitland,15050
10602161509,core,Maitland,15050
10602161510,core,Maitland,15050
10602161511,core,Maitland,15050
10602161512,core,Maitland,15050
10602161513,core,Maitland,15050
10602161514,core,Maitland,15050
10602161515,core,Maitland,15050
10602161516,core,Maitland,15050
10602161517,core,Maitland,15050
10602161518,core,Maitland,15050
10602161519,core,Maitland,15050
10602161520,core,Maitland,15050
10602161521,core,Maitland,15050
10602161522,core,Maitland,15050
10602161523,core,Maitland,15050
10602161524,core,Maitland,15050
10602161525,core,Maitland,15050
10602161526,core,Maitland,15050
10602161527,core,Maitland,15050
10602161528,core,Maitland,15050
10602161529,core,Maitland,15050
10602161530,core,Maitland,15050
10602161531,core,Maitland,15050
10602161532,core,Maitland,15050
10602161533,core,Maitland,15050
10602161534,core,Maitland,15050
10602161535,core,Maitland,15050
10602161536,core,Maitland,15050
10602161537,core,Maitland,15050
10602161538,core,Maitland,15050
10602161539,core,Maitland,15050
10602161601,core,Maitland,15050
10602161602,core,Maitland,15050
10602161603,core,Maitland,15050
10602161604,core,Maitland,15050
10602161605,core,Maitland,15050
10602161606,core,Maitland,15050
10602161607,core,Maitland,15050
10602161608,core,Maitland,15050
10602161609,core,Maitland,15050
10602161610,core,Maitland,15050
10602161611,core,Maitland,15050
10602161612,core,Maitland,15050
10602161613,core,Maitland,15050
10602161614,core,Maitland,15050
10602161615,core,Maitland,15050
10602161616,core,Maitland,15050
10602161617,core,Maitland,15050
10602161618,core,Maitland,15050
10602161619,core,Maitland,15050
10602161620,core,Maitland,15050
10602161701,core,Maitland,15050
10602161702,core,Maitland,15050
10602161703,core,Maitland,15050
10602161704,core,Maitland,15050
10602161705,core,Maitland,15050
10602161706,core,Maitland,15050
10602161707,core,Maitland,15050
10602161708,core,Maitland,15050
10602161709,core,Maitland,15050
10602161710,core,Maitland,15050
10602161711,core,Maitland,15050
10602161712,core,Maitland,15050
10602161713,core,Maitland,15050
10602161714,core,Maitland,15050
10602161715,core,Maitland,15050
10602161716,core,Maitland,15050
10602161717,core,Maitland,15050
10602161718,core,Maitland,15050
10602161719,core,Maitland,15050
10602161720,core,Maitland,15050
10602161721,core,Maitland,15050
10602161722,core,Maitland,15050
10602161723,core,Maitland,15050
10602161801,core,Maitland,15050
10602161802,core,Maitland,15050
10602161803,core,Maitland,15050
10602161804,core,Maitland,15050
10602161805,core,Maitland,15050
10602161806,core,Maitland,15050
10602161807,core,Maitland,15050
10602161808,core,Maitland,15050
10602161809,core,Maitland,15050
10602161810,core,Maitland,15050
10602161811,core,Maitland,15050
10602161812,core,Maitland,15050
10602161813,core,Maitland,15050
10602161814,core,Maitland,15050
10602161815,core,Maitland,15050
10602161816,core,Maitland,15050
10602161817,core,Maitland,15050
10602161818,core,Maitland,15050
10602161819,core,Maitland,15050
10602161820,core,Maitland,15050
10602161821,core,Maitland,15050
10602161822,core,Maitland,15050
10602161823,core,Maitland,15050
10602161824,core,Maitland,15050
10602161825,core,Maitland,15050
10602161826,core,Maitland,15050
10602161827,core,Maitland,15050
10602161828,core,Maitland,15050
10602161829,core,Maitland,15050
10602161830,core,Maitland,15050
10602161831,core,Maitland,15050
10602161832,core,Maitland,15050
10602161833,core,Maitland,15050
10602161834,core,Maitland,15050
10602161835,core,Maitland,15050
10602161836,core,Maitland,15050
10602161837,core,Maitland,15050
10602161838,core,Maitland,15050
10602161839,core,Maitland,15050
10603111901,core,Port Stephens,16400
10603111902,core,Port Stephens,16400
10603111903,core,Port Stephens,16400
10603111904,core,Port Stephens,16400
10603111906,core,Port Stephens,16400
10603111907,core,Port Stephens,16400
10603111908,core,Port Stephens,16400
10603111909,core,Port Stephens,16400
10603111910,core,Port Stephens,16400
10603111911,core,Port Stephens,16400
10603111912,core,Port Stephens,16400
10603111913,core,Port Stephens,16400
10603111914,core,Port Stephens,16400
10603111915,core,Port Stephens,16400
10603111916,core,Port Stephens,16400
10603111917,core,Port Stephens,16400
10603111918,core,Port Stephens,16400
10603111919,core,Port Stephens,16400
10603111921,core,Port Stephens,16400
10603111922,core,Port Stephens,16400
10603112001,core,Port Stephens,16400
10603112002,core,Port Stephens,16400
10603112003,core,Port Stephens,16400
10603112004,core,Port Stephens,16400
10603112005,core,Port Stephens,16400
10603112006,core,Port Stephens,16400
10603112007,core,Port Stephens,16400
10603112008,core,Port Stephens,16400
10603112009,core,Port Stephens,16400
10603112010,core,Port Stephens,16400
10603112011,core,Port Stephens,16400
10603112012,core,Port Stephens,16400
10603112013,core,Port Stephens,16400
10603112014,core,Port Stephens,16400
10603112015,core,Port Stephens,16400
10603112016,core,Port Stephens,16400
10603112017,core,Port Stephens,16400
10603112018,core,Port Stephens,16400
10603112101,core,Port Stephens,16400
10603112102,core,Port Stephens,16400
10603112103,core,Port Stephens,16400
10603112104,core,Port Stephens,16400
10603112105,core,Port Stephens,16400
10603112106,core,Port Stephens,16400
10603112107,core,Port Stephens,16400
10603112108,core,Port Stephens,16400
10603112109,core,Port Stephens,16400
10603112110,core,Port Stephens,16400
10603112111,core,Port Stephens,16400
10603112112,core,Port Stephens,16400
10603112113,core,Port Stephens,16400
10603112114,core,Port Stephens,16400
10603112115,core,Port Stephens,16400
10603112116,core,Port Stephens,16400
10603112117,core,Port Stephens,16400
10603112118,core,Port Stephens,16400
10603112119,core,Port Stephens,16400
10603112120,core,Port Stephens,16400
10603112121,core,Port Stephens,16400
10603112122,core,Port Stephens,16400
10603112123,core,Port Stephens,16400
10603112124,core,Port Stephens,16400
10603112125,core,Port Stephens,16400
10603112126,core,Port Stephens,16400
10603112127,core,Port Stephens,16400
10603112128,core,Port Stephens,16400
10603112129,core,Port Stephens,16400
10603112130,core,Port Stephens,16400
10603112131,core,Port Stephens,16400
10603112133,core,Port Stephens,16400
10603112134,core,Port Stephens,16400
10603112135,core,Port Stephens,16400
10603112136,core,Port Stephens,16400
10603112137,core,Port Stephens,16400
10603112138,core,Port Stephens,16400
10603112139,core,Port Stephens,16400
10603112140,core,Port Stephens,16400
10603112141,core,Port Stephens,16400
10603112142,core,Port Stephens,16400
10603112143,core,Port Stephens,16400
10603112144,core,Port Stephens,16400
10603112145,core,Port Stephens,16400
10603112146,core,Port Stephens,16400
10603112147,core,Port Stephens,16400
10603112148,core,Port Stephens,16400
10603112149,core,Port Stephens,16400
10603112150,core,Port Stephens,16400
10603112151,core,Port Stephens,16400
10603112152,core,Port Stephens,16400
10603112153,core,Port Stephens,16400
10603112154,core,Port Stephens,16400
10603112155,core,Port Stephens,16400
10603112156,core,Port Stephens,16400
10603112157,core,Port Stephens,16400
10603112158,core,Port Stephens,16400
10603112201,core,Port Stephens,16400
10603112202,core,Port Stephens,16400
10603112203,core,Port Stephens,16400
10603112204,core,Port Stephens,16400
10603112205,core,Port Stephens,16400
10603112206,core,Port Stephens,16400
10603112207,core,Port Stephens,16400
10603112208,core,Port Stephens,16400
10603112209,core,Port Stephens,16400
10603112210,core,Port Stephens,16400
10603112211,core,Port Stephens,16400
10603112212,core,Port Stephens,16400
10603112213,core,Port Stephens,16400
10603112214,core,Port Stephens,16400
10603112215,core,Port Stephens,16400
10603112216,core,Port Stephens,16400
10603112217,core,Port Stephens,16400
10603112218,core,Port Stephens,16400
10603112219,core,Port Stephens,16400
10603112220,core,Port Stephens,16400
10603112221,core,Port Stephens,16400
10603112222,core,Port Stephens,16400
10603112223,core,Port Stephens,16400
10603112224,core,Port Stephens,16400
10603112225,core,Port Stephens,16400
10603112226,core,Port Stephens,16400
10603112227,core,Port Stephens,16400
10603112228,core,Port Stephens,16400
10603112230,core,Port Stephens,16400
10603112232,core,Port Stephens,16400
10603112233,core,Port Stephens,16400
10603112234,core,Port Stephens,16400
10603112235,core,Port Stephens,16400
10603112236,core,Port Stephens,16400
10603112301,core,Port Stephens,16400
10603112302,core,Port Stephens,16400
10603112303,core,Port Stephens,16400
10603112304,core,Port Stephens,16400
10603112305,core,Port Stephens,16400
10603112306,core,Port Stephens,16400
10603112307,core,Port Stephens,16400
10603112308,core,Port Stephens,16400
10603112309,core,Port Stephens,16400
10603112310,core,Port Stephens,16400
10603112311,core,Port Stephens,16400
10603112312,core,Port Stephens,16400
10603112313,core,Port Stephens,16400
10603112314,core,Port Stephens,16400
10603112315,core,Port Stephens,16400
10603112402,external,Mid-Coast,15240
10603112403,external,Mid-Coast,15240
10603112404,external,Mid-Coast,15240
10603112405,external,Mid-Coast,15240
10603112406,external,Mid-Coast,15240
10603112407,external,Mid-Coast,15240
10603112408,external,Mid-Coast,15240
10603112409,external,Mid-Coast,15240
10603112411,external,Mid-Coast,15240
10603112412,external,Mid-Coast,15240
10603112413,external,Mid-Coast,15240
10603112414,external,Mid-Coast,15240
10603112415,external,Mid-Coast,15240
10603112416,external,Mid-Coast,15240
10603112417,external,Mid-Coast,15240
10603112418,external,Mid-Coast,15240
10603112419,external,Mid-Coast,15240
10603112420,external,Mid-Coast,15240
10603112421,external,Mid-Coast,15240
10603112422,external,Mid-Coast,15240
10603112501,core,Port Stephens,16400
10603112502,core,Port Stephens,16400
10603112503,core,Port Stephens,16400
10603112505,core,Port Stephens,16400
10603112506,core,Port Stephens,16400
10603112507,core,Port Stephens,16400
10603112508,core,Port Stephens,16400
10603112509,core,Port Stephens,16400
10603112510,core,Port Stephens,16400
10603112512,core,Port Stephens,16400
10603112513,core,Port Stephens,16400
10603112514,core,Port Stephens,16400
10603112515,core,Port Stephens,16400
10603112516,core,Port Stephens,16400
10603112517,core,Port Stephens,16400
10603112518,core,Port Stephens,16400
10603112519,core,Port Stephens,16400
10603112520,core,Port Stephens,16400
10603112521,core,Port Stephens,16400
10603112522,core,Port Stephens,16400
10603112523,core,Port Stephens,16400
10603112524,core,Port Stephens,16400
10603112525,core,Port Stephens,16400
10603112526,core,Port Stephens,16400
10603112527,core,Port Stephens,16400
10603112528,core,Port Stephens,16400
10603112529,core,Port Stephens,16400
10603112530,core,Port Stephens,16400
10603112531,core,Port Stephens,16400
10603112532,core,Port Stephens,16400
10603112533,core,Port Stephens,16400
10603112534,core,Port Stephens,16400
10603112535,core,Port Stephens,16400
10603112536,core,Port Stephens,16400
10603112537,core,Port Stephens,16400
10603112538,core,Port Stephens,16400
10603112539,core,Port Stephens,16400
10603112540,core,Port Stephens,16400
10603112541,core,Port Stephens,16400
10603112542,core,Port Stephens,16400
10604112601,external,Muswellbrook,15650
10604112602,external,Muswellbrook,15650
10604112603,external,Muswellbrook,15650
10604112604,external,Muswellbrook,15650
10604112605,external,Muswellbrook,15650
10604112606,external,Muswellbrook,15650
10604112607,external,Muswellbrook,15650
10604112608,external,Muswellbrook,15650
10604112609,external,Muswellbrook,15650
10604112610,external,Muswellbrook,15650
10604112611,external,Muswellbrook,15650
10604112612,external,Muswellbrook,15650
10604112613,external,Muswellbrook,15650
10604112614,external,Muswellbrook,15650
10604112615,external,Muswellbrook,15650
10604112617,external,Muswellbrook,15650
10604112618,external,Muswellbrook,15650
10604112619,external,Muswellbrook,15650
10604112620,external,Muswellbrook,15650
10604112621,external,Muswellbrook,15650
10604112622,external,Muswellbrook,15650
10604112623,external,Muswellbrook,15650
10604112624,external,Muswellbrook,15650
10604112625,external,Muswellbrook,15650
10604112626,external,Muswellbrook,15650
10604112627,external,Muswellbrook,15650
10604112628,external,Muswellbrook,15650
10604112629,external,Muswellbrook,15650
10604112630,external,Muswellbrook,15650
10604112632,external,Muswellbrook,15650
10604112633,external,Muswellbrook,15650
10604112634,external,Muswellbrook,15650
10604112635,external,Muswellbrook,15650
10604112636,external,Muswellbrook,15650
10604112637,external,Muswellbrook,15650
10604112638,external,Muswellbrook,15650
10604112639,external,Muswellbrook,15650
10604112701,external,Muswellbrook,15650
10604112702,external,Muswellbrook,15650
10604112704,external,Muswellbrook,15650
10604112705,external,Muswellbrook,15650
10604112706,external,Muswellbrook,15650
10604112707,external,Muswellbrook,15650
10604112708,external,Muswellbrook,15650
10604112709,external,Muswellbrook,15650
10604112710,external,Muswellbrook,15650
10604112711,external,Muswellbrook,15650
10604112712,external,Muswellbrook,15650
10604112713,external,Muswellbrook,15650
10604112714,external,Muswellbrook,15650
10604112801,external,Upper Hunter Shire,17620
10604112802,external,Upper Hunter Shire,17620
10604112803,external,Upper Hunter Shire,17620
10604112804,external,Upper Hunter Shire,17620
10604112805,external,Upper Hunter Shire,17620
10604112806,external,Upper Hunter Shire,17620
10604112807,external,Upper Hunter Shire,17620
10604112808,external,Upper Hunter Shire,17620
10604112809,external,Upper Hunter Shire,17620
10604112810,external,Upper Hunter Shire,17620
10604112811,external,Upper Hunter Shire,17620
10604112812,external,Upper Hunter Shire,17620
10604112813,external,Upper Hunter Shire,17620
10604112901,external,Upper Hunter Shire,17620
10604112902,external,Upper Hunter Shire,17620
10604112903,external,Upper Hunter Shire,17620
10604112904,external,Upper Hunter Shire,17620
10604112905,external,Upper Hunter Shire,17620
10604112906,external,Upper Hunter Shire,17620
10604112907,external,Upper Hunter Shire,17620
10604112908,external,Upper Hunter Shire,17620
10604112909,external,Upper Hunter Shire,17620
10604112910,external,Upper Hunter Shire,17620
10604112911,external,Upper Hunter Shire,17620
10604112912,external,Upper Hunter Shire,17620
10604112913,external,Upper Hunter Shire,17620
10604112914,external,Upper Hunter Shire,17620
10604112915,external,Upper Hunter Shire,17620
10604112916,external,Upper Hunter Shire,17620
10604112917,external,Upper Hunter Shire,17620
10604112918,external,Upper Hunter Shire,17620
10604112919,external,Upper Hunter Shire,17620
10604112920,external,Upper Hunter Shire,17620
10604112921,external,Upper Hunter Shire,17620
10604112922,external,Upper Hunter Shire,17620
10604112923,external,Upper Hunter Shire,17620
11101120601,core,Lake Macquarie,14650
11101120602,core,Lake Macquarie,14650
11101120603,core,Lake Macquarie,14650
11101120604,core,Lake Macquarie,14650
11101120605,core,Lake Macquarie,14650
11101120606,core,Lake Macquarie,14650
11101120607,core,Lake Macquarie,14650
11101120608,core,Lake Macquarie,14650
11101120609,core,Lake Macquarie,14650
11101120610,core,Lake Macquarie,14650
11101120611,core,Lake Macquarie,14650
11101120612,core,Lake Macquarie,14650
11101120613,core,Lake Macquarie,14650
11101120614,core,Lake Macquarie,14650
11101120615,core,Lake Macquarie,14650
11101120616,core,Lake Macquarie,14650
11101120617,core,Lake Macquarie,14650
11101120618,core,Lake Macquarie,14650
11101120619,core,Lake Macquarie,14650
11101120620,core,Lake Macquarie,14650
11101120621,core,Lake Macquarie,14650
11101120622,core,Lake Macquarie,14650
11101120623,core,Lake Macquarie,14650
11101120624,core,Lake Macquarie,14650
11101120625,core,Lake Macquarie,14650
11101120626,core,Lake Macquarie,14650
11101120627,core,Lake Macquarie,14650
11101120628,core,Lake Macquarie,14650
11101120629,core,Lake Macquarie,14650
11101120630,core,Lake Macquarie,14650
11101120631,core,Lake Macquarie,14650
11101120632,core,Lake Macquarie,14650
11101120633,core,Lake Macquarie,14650
11101120634,core,Lake Macquarie,14650
11101120635,core,Lake Macquarie,14650
11101120636,core,Lake Macquarie,14650
11101120637,core,Lake Macquarie,14650
11101120638,core,Lake Macquarie,14650
11101120639,core,Lake Macquarie,14650
11101120640,core,Lake Macquarie,14650
11101120641,core,Lake Macquarie,14650
11101120642,core,Lake Macquarie,14650
11101120701,core,Lake Macquarie,14650
11101120702,core,Lake Macquarie,14650
11101120703,core,Lake Macquarie,14650
11101120704,core,Lake Macquarie,14650
11101120705,core,Lake Macquarie,14650
11101120706,core,Lake Macquarie,14650
11101120707,core,Lake Macquarie,14650
11101120708,core,Lake Macquarie,14650
11101120709,core,Lake Macquarie,14650
11101120710,core,Lake Macquarie,14650
11101120711,core,Lake Macquarie,14650
11101120712,core,Lake Macquarie,14650
11101120713,core,Lake Macquarie,14650
11101120714,core,Lake Macquarie,14650
11101120715,core,Lake Macquarie,14650
11101120716,core,Lake Macquarie,14650
11101120801,core,Lake Macquarie,14650
11101120802,core,Lake Macquarie,14650
11101120803,core,Lake Macquarie,14650
11101120804,core,Lake Macquarie,14650
11101120806,core,Lake Macquarie,14650
11101120807,core,Lake Macquarie,14650
11101120808,core,Lake Macquarie,14650
11101120809,core,Lake Macquarie,14650
11101120810,core,Lake Macquarie,14650
11101120811,core,Lake Macquarie,14650
11101120812,core,Lake Macquarie,14650
11101120813,core,Lake Macquarie,14650
11101120814,core,Lake Macquarie,14650
11101120815,core,Lake Macquarie,14650
11101120816,core,Lake Macquarie,14650
11101120817,core,Lake Macquarie,14650
11101120818,core,Lake Macquarie,14650
11101120819,core,Lake Macquarie,14650
11101120820,core,Lake Macquarie,14650
11101120821,core,Lake Macquarie,14650
11101120822,core,Lake Macquarie,14650
11101120823,core,Lake Macquarie,14650
11101120824,core,Lake Macquarie,14650
11101120825,core,Lake Macquarie,14650
11101120826,core,Lake Macquarie,14650
11101120827,core,Lake Macquarie,14650
11101120828,core,Lake Macquarie,14650
11101120829,core,Lake Macquarie,14650
11101120830,core,Lake Macquarie,14650
11101120831,core,Lake Macquarie,14650
11101120832,core,Lake Macquarie,14650
11101120833,core,Lake Macquarie,14650
11101120834,core,Lake Macquarie,14650
11101120835,core,Lake Macquarie,14650
11101120836,core,Lake Macquarie,14650
11101120837,core,Lake Macquarie,14650
11101120838,core,Lake Macquarie,14650
11101120839,core,Lake Macquarie,14650
11101120840,core,Lake Macquarie,14650
11101120841,core,Lake Macquarie,14650
11101120842,core,Lake Macquarie,14650
11101120844,core,Lake Macquarie,14650
11101120845,core,Lake Macquarie,14650
11101120846,core,Lake Macquarie,14650
11101120847,core,Lake Macquarie,14650
11101120848,core,Lake Macquarie,14650
11101120849,core,Lake Macquarie,14650
11101120850,core,Lake Macquarie,14650
11101120851,core,Lake Macquarie,14650
11101120852,core,Lake Macquarie,14650
11101120853,core,Lake Macquarie,14650
11101120854,core,Lake Macquarie,14650
11101120855,core,Lake Macquarie,14650
11101120856,core,Lake Macquarie,14650
11101120857,core,Lake Macquarie,14650
11101120858,core,Lake Macquarie,14650
11101120859,core,Lake Macquarie,14650
11101120860,core,Lake Macquarie,14650
11101120861,core,Lake Macquarie,14650
11101120862,core,Lake Macquarie,14650
11101120863,core,Lake Macquarie,14650
11101120864,core,Lake Macquarie,14650
11101120865,core,Lake Macquarie,14650
11101120866,core,Lake Macquarie,14650
11101120867,core,Lake Macquarie,14650
11101120868,core,Lake Macquarie,14650
11101120869,core,Lake Macquarie,14650
11101120870,core,Lake Macquarie,14650
11101120871,core,Lake Macquarie,14650
11101120901,core,Lake Macquarie,14650
11101120902,core,Lake Macquarie,14650
11101120903,core,Lake Macquarie,14650
11101120904,core,Lake Macquarie,14650
11101120905,core,Lake Macquarie,14650
11101120906,core,Lake Macquarie,14650
11101120907,core,Lake Macquarie,14650
11101120908,core,Lake Macquarie,14650
11101120909,core,Lake Macquarie,14650
11101120910,core,Lake Macquarie,14650
11101120911,core,Lake Macquarie,14650
11101120912,core,Lake Macquarie,14650
11101120913,core,Lake Macquarie,14650
11101120914,core,Lake Macquarie,14650
11101120915,core,Lake Macquarie,14650
11101120916,core,Lake Macquarie,14650
11101120917,core,Lake Macquarie,14650
11101120918,core,Lake Macquarie,14650
11101120919,core,Lake Macquarie,14650
11101120920,core,Lake Macquarie,14650
11101120921,core,Lake Macquarie,14650
11101120922,core,Lake Macquarie,14650
11101120923,core,Lake Macquarie,14650
11101120924,core,Lake Macquarie,14650
11101120925,core,Lake Macquarie,14650
11101120926,core,Lake Macquarie,14650
11101120927,core,Lake Macquarie,14650
11101120928,core,Lake Macquarie,14650
11101120929,core,Lake Macquarie,14650
11101120930,core,Lake Macquarie,14650
11101120931,core,Lake Macquarie,14650
11101120932,core,Lake Macquarie,14650
11101120933,core,Lake Macquarie,14650
11101120934,core,Lake Macquarie,14650
11101120935,core,Lake Macquarie,14650
11101120936,core,Lake Macquarie,14650
11101120937,core,Lake Macquarie,14650
11101120938,core,Lake Macquarie,14650
11101120939,core,Lake Macquarie,14650
11101120940,core,Lake Macquarie,14650
11101120941,core,Lake Macquarie,14650
11101120942,core,Lake Macquarie,14650
11101120943,core,Lake Macquarie,14650
11101120944,core,Lake Macquarie,14650
11101120945,core,Lake Macquarie,14650
11101120946,core,Lake Macquarie,14650
11101120947,core,Lake Macquarie,14650
11101120948,core,Lake Macquarie,14650
11101120949,core,Lake Macquarie,14650
11101120950,core,Lake Macquarie,14650
11101120951,core,Lake Macquarie,14650
11101120952,core,Lake Macquarie,14650
11101120953,core,Lake Macquarie,14650
11101120954,core,Lake Macquarie,14650
11101120955,core,Lake Macquarie,14650
11101120956,core,Newcastle,15900
11101121001,core,Lake Macquarie,14650
11101121002,core,Lake Macquarie,14650
11101121003,core,Lake Macquarie,14650
11101121004,core,Lake Macquarie,14650
11101121005,core,Lake Macquarie,14650
11101121006,core,Lake Macquarie,14650
11101121007,core,Lake Macquarie,14650
11101121008,core,Lake Macquarie,14650
11101121010,core,Lake Macquarie,14650
11101121011,core,Lake Macquarie,14650
11101121012,core,Lake Macquarie,14650
11101121013,core,Lake Macquarie,14650
11101121014,core,Lake Macquarie,14650
11101121015,core,Lake Macquarie,14650
11101121016,core,Lake Macquarie,14650
11101121017,core,Lake Macquarie,14650
11101121018,core,Lake Macquarie,14650
11101121019,core,Lake Macquarie,14650
11101121020,core,Lake Macquarie,14650
11101121021,core,Lake Macquarie,14650
11101121022,core,Lake Macquarie,14650
11101121023,core,Lake Macquarie,14650
11101121024,core,Lake Macquarie,14650
11101121101,core,Lake Macquarie,14650
11101121102,core,Lake Macquarie,14650
11101121103,core,Lake Macquarie,14650
11101121104,core,Lake Macquarie,14650
11101121105,core,Lake Macquarie,14650
11101121106,core,Lake Macquarie,14650
11101121107,core,Lake Macquarie,14650
11101121108,core,Lake Macquarie,14650
11101121109,core,Lake Macquarie,14650
11101121110,core,Lake Macquarie,14650
11101121201,core,Lake Macquarie,14650
11101121202,core,Lake Macquarie,14650
11101121203,core,Lake Macquarie,14650
11101121204,core,Lake Macquarie,14650
11101121205,core,Lake Macquarie,14650
11101121206,core,Lake Macquarie,14650
11101121207,core,Lake Macquarie,14650
11101121208,core,Lake Macquarie,14650
11101121209,core,Lake Macquarie,14650
11101121210,core,Lake Macquarie,14650
11101121212,core,Lake Macquarie,14650
11101121213,core,Lake Macquarie,14650
11101121215,core,Lake Macquarie,14650
11101121216,core,Lake Macquarie,14650
11101121217,core,Lake Macquarie,14650
11101121218,core,Lake Macquarie,14650
11101121219,core,Lake Macquarie,14650
11101121220,core,Lake Macquarie,14650
11101121222,core,Lake Macquarie,14650
11101121223,core,Lake Macquarie,14650
11101121224,core,Lake Macquarie,14650
11101121225,core,Lake Macquarie,14650
11101121226,core,Lake Macquarie,14650
11101121227,core,Lake Macquarie,14650
11101121228,core,Lake Macquarie,14650
11101121229,core,Lake Macquarie,14650
11101121230,core,Lake Macquarie,14650
11101121231,core,Lake Macquarie,14650
11101121232,core,Lake Macquarie,14650
11101121233,core,Lake Macquarie,14650
11101121234,core,Lake Macquarie,14650
11101121235,core,Lake Macquarie,14650
11101121236,core,Lake Macquarie,14650
11101121237,core,Lake Macquarie,14650
11101121238,core,Lake Macquarie,14650
11101121301,core,Lake Macquarie,14650
11101121302,core,Lake Macquarie,14650
11101121303,core,Lake Macquarie,14650
11101121304,core,Lake Macquarie,14650
11101121305,core,Lake Macquarie,14650
11101121306,core,Lake Macquarie,14650
11101121307,core,Lake Macquarie,14650
11101121308,core,Lake Macquarie,14650
11101121309,core,Lake Macquarie,14650
11101121310,core,Lake Macquarie,14650
11101121311,core,Lake Macquarie,14650
11101121312,core,Lake Macquarie,14650
11101121313,core,Lake Macquarie,14650
11101121314,core,Lake Macquarie,14650
11101121315,core,Lake Macquarie,14650
11101121316,core,Lake Macquarie,14650
11101121317,core,Lake Macquarie,14650
11101121318,core,Lake Macquarie,14650
11101121319,core,Lake Macquarie,14650
11101121320,core,Lake Macquarie,14650
11101121321,core,Lake Macquarie,14650
11101121322,core,Lake Macquarie,14650
11101121323,core,Lake Macquarie,14650
11101121324,core,Lake Macquarie,14650
11101121325,core,Lake Macquarie,14650
11101121326,core,Lake Macquarie,14650
11101121327,core,Lake Macquarie,14650
11101121328,core,Lake Macquarie,14650
11101121329,core,Lake Macquarie,14650
11101121330,core,Lake Macquarie,14650
11101121401,core,Lake Macquarie,14650
11101121402,core,Lake Macquarie,14650
11101121403,core,Lake Macquarie,14650
11101121404,core,Lake Macquarie,14650
11101121405,core,Lake Macquarie,14650
11101121406,core,Lake Macquarie,14650
11101121407,core,Lake Macquarie,14650
11101121408,core,Lake Macquarie,14650
11101121409,core,Lake Macquarie,14650
11101121410,core,Lake Macquarie,14650
11101121411,core,Lake Macquarie,14650
11101121412,core,Lake Macquarie,14650
11101121413,core,Lake Macquarie,14650
11101121414,core,Lake Macquarie,14650
11101121415,core,Lake Macquarie,14650
11101121416,core,Lake Macquarie,14650
11101121417,core,Lake Macquarie,14650
11101121419,core,Lake Macquarie,14650
11101121420,core,Lake Macquarie,14650
11101121421,core,Lake Macquarie,14650
11101121422,core,Lake Macquarie,14650
11101121423,core,Lake Macquarie,14650
11101121424,core,Lake Macquarie,14650
11101121425,core,Lake Macquarie,14650
11101121426,core,Lake Macquarie,14650
11101121427,core,Lake Macquarie,14650
11101121428,core,Lake Macquarie,14650
11101121429,core,Lake Macquarie,14650
11101121430,core,Lake Macquarie,14650
11101121431,core,Lake Macquarie,14650
11101121432,core,Lake Macquarie,14650
11101121433,core,Lake Macquarie,14650
11101121435,core,Lake Macquarie,14650
11101121436,core,Lake Macquarie,14650
11101121437,core,Lake Macquarie,14650
11101121438,core,Lake Macquarie,14650
11102121501,core,Lake Macquarie,14650
11102121502,core,Lake Macquarie,14650
11102121503,core,Lake Macquarie,14650
11102121504,core,Lake Macquarie,14650
11102121505,core,Lake Macquarie,14650
11102121506,core,Lake Macquarie,14650
11102121507,core,Lake Macquarie,14650
11102121508,core,Lake Macquarie,14650
11102121509,core,Lake Macquarie,14650
11102121510,core,Lake Macquarie,14650
11102121511,core,Lake Macquarie,14650
11102121512,core,Lake Macquarie,14650
11102121513,core,Lake Macquarie,14650
11102121514,core,Lake Macquarie,14650
11102121515,core,Lake Macquarie,14650
11102121516,core,Lake Macquarie,14650
11102121517,core,Lake Macquarie,14650
11102121518,core,Lake Macquarie,14650
11102121519,core,Lake Macquarie,14650
11102121520,core,Lake Macquarie,14650
11102121521,core,Lake Macquarie,14650
11102121522,core,Lake Macquarie,14650
11102121523,core,Lake Macquarie,14650
11102121524,core,Lake Macquarie,14650
11102121525,core,Lake Macquarie,14650
11102121601,core,Lake Macquarie,14650
11102121602,core,Lake Macquarie,14650
11102121603,core,Lake Macquarie,14650
11102121604,core,Lake Macquarie,14650
11102121605,core,Lake Macquarie,14650
11102121606,core,Lake Macquarie,14650
11102121607,core,Lake Macquarie,14650
11102121608,core,Lake Macquarie,14650
11102121609,core,Lake Macquarie,14650
11102121610,core,Lake Macquarie,14650
11102121611,core,Lake Macquarie,14650
11102121612,core,Lake Macquarie,14650
11102121613,core,Lake Macquarie,14650
11102121614,core,Lake Macquarie,14650
11102121615,core,Lake Macquarie,14650
11102121616,core,Lake Macquarie,14650
11102121617,core,Lake Macquarie,14650
11102121701,core,Lake Macquarie,14650
11102121702,core,Lake Macquarie,14650
11102121703,core,Lake Macquarie,14650
11102121704,core,Lake Macquarie,14650
11102121705,core,Lake Macquarie,14650
11102121706,core,Lake Macquarie,14650
11102121707,core,Lake Macquarie,14650
11102121708,core,Lake Macquarie,14650
11102121709,core,Lake Macquarie,14650
11102121710,core,Lake Macquarie,14650
11102121711,core,Lake Macquarie,14650
11102121714,core,Lake Macquarie,14650
11102121718,core,Lake Macquarie,14650
11102121719,core,Lake Macquarie,14650
11102121720,core,Lake Macquarie,14650
11102121721,core,Lake Macquarie,14650
11102121722,core,Lake Macquarie,14650
11102121723,core,Lake Macquarie,14650
11102121724,core,Lake Macquarie,14650
11102121727,core,Lake Macquarie,14650
11102121729,core,Lake Macquarie,14650
11102121730,core,Lake Macquarie,14650
11102121731,core,Lake Macquarie,14650
11102121732,core,Lake Macquarie,14650
11102121734,core,Lake Macquarie,14650
11102121736,core,Lake Macquarie,14650
11102121737,core,Lake Macquarie,14650
11102121738,core,Lake Macquarie,14650
11102121739,core,Lake Macquarie,14650
11102121740,core,Lake Macquarie,14650
11102121741,core,Lake Macquarie,14650
11102121742,core,Lake Macquarie,14650
11102121743,core,Lake Macquarie,14650
11102121744,core,Lake Macquarie,14650
11102121745,core,Lake Macquarie,14650
11102121746,core,Lake Macquarie,14650
11102121747,core,Lake Macquarie,14650
11102121748,core,Lake Macquarie,14650
11102121749,core,Lake Macquarie,14650
11102121750,core,Lake Macquarie,14650
11102121801,core,Lake Macquarie,14650
11102121803,core,Lake Macquarie,14650
11102121804,core,Lake Macquarie,14650
11102121805,core,Lake Macquarie,14650
11102121807,core,Lake Macquarie,14650
11102121809,core,Lake Macquarie,14650
11102121810,core,Lake Macquarie,14650
11102121811,core,Lake Macquarie,14650
11102121812,core,Lake Macquarie,14650
11102121813,core,Lake Macquarie,14650
11102121814,core,Lake Macquarie,14650
11102121815,core,Lake Macquarie,14650
11102121816,core,Lake Macquarie,14650
11102121817,core,Lake Macquarie,14650
11102121819,core,Lake Macquarie,14650
11102121820,core,Lake Macquarie,14650
11102121822,core,Lake Macquarie,14650
11102121823,core,Lake Macquarie,14650
11102121824,core,Lake Macquarie,14650
11102121825,core,Lake Macquarie,14650
11102121827,core,Lake Macquarie,14650
11102121828,core,Lake Macquarie,14650
11102121829,core,Lake Macquarie,14650
11102121830,core,Lake Macquarie,14650
11102121831,core,Lake Macquarie,14650
11102121832,core,Lake Macquarie,14650
11102121833,core,Lake Macquarie,14650
11102121835,core,Lake Macquarie,14650
11102121836,core,Lake Macquarie,14650
11102121837,core,Lake Macquarie,14650
11102121838,core,Lake Macquarie,14650
11102121839,core,Lake Macquarie,14650
11102121840,core,Lake Macquarie,14650
11102121841,core,Lake Macquarie,14650
11102121842,core,Lake Macquarie,14650
11102121843,core,Lake Macquarie,14650
11102121844,core,Lake Macquarie,14650
11102121845,core,Lake Macquarie,14650
11102121846,core,Lake Macquarie,14650
11102121847,core,Lake Macquarie,14650
11102121848,core,Lake Macquarie,14650
11102121849,core,Lake Macquarie,14650
11102121850,core,Lake Macquarie,14650
11102121851,core,Lake Macquarie,14650
11102121852,core,Lake Macquarie,14650
11102121853,core,Lake Macquarie,14650
11102121854,core,Lake Macquarie,14650
11102121855,core,Lake Macquarie,14650
11102121856,core,Lake Macquarie,14650
11102121901,core,Lake Macquarie,14650
11102121902,core,Lake Macquarie,14650
11102121903,core,Lake Macquarie,14650
11102121904,core,Lake Macquarie,14650
11102121905,core,Lake Macquarie,14650
11102121906,core,Lake Macquarie,14650
11102121907,core,Lake Macquarie,14650
11102121908,core,Lake Macquarie,14650
11102121909,core,Lake Macquarie,14650
11102121910,core,Lake Macquarie,14650
11102121911,core,Lake Macquarie,14650
11102121912,core,Lake Macquarie,14650
11102121913,core,Lake Macquarie,14650
11102121914,core,Lake Macquarie,14650
11102121915,core,Lake Macquarie,14650
11102121916,core,Lake Macquarie,14650
11102121917,core,Lake Macquarie,14650
11102121918,core,Lake Macquarie,14650
11102121919,core,Lake Macquarie,14650
11102121921,core,Lake Macquarie,14650
11102121922,core,Lake Macquarie,14650
11102121923,core,Lake Macquarie,14650
11102121924,core,Lake Macquarie,14650
11102121925,core,Lake Macquarie,14650
11102121926,core,Lake Macquarie,14650
11102121927,core,Lake Macquarie,14650
11102121929,core,Lake Macquarie,14650
11102121930,core,Lake Macquarie,14650
11102121931,core,Lake Macquarie,14650
11102121933,core,Lake Macquarie,14650
11102121934,core,Lake Macquarie,14650
11102121935,core,Lake Macquarie,14650
11102121936,core,Lake Macquarie,14650
11102121937,core,Lake Macquarie,14650
11102121938,core,Lake Macquarie,14650
11102121939,core,Lake Macquarie,14650
11102121940,core,Lake Macquarie,14650
11102121941,core,Lake Macquarie,14650
11102121942,core,Lake Macquarie,14650
11102121943,core,Lake Macquarie,14650
11102121944,core,Lake Macquarie,14650
11102122001,core,Lake Macquarie,14650
11102122002,core,Lake Macquarie,14650
11102122003,core,Lake Macquarie,14650
11102122004,core,Lake Macquarie,14650
11102122005,core,Lake Macquarie,14650
11102122006,core,Lake Macquarie,14650
11102122007,core,Lake Macquarie,14650
11102122009,core,Lake Macquarie,14650
11102122010,core,Lake Macquarie,14650
11102122011,core,Lake Macquarie,14650
11102122012,core,Lake Macquarie,14650
11102122013,core,Lake Macquarie,14650
11102122014,core,Lake Macquarie,14650
11102122015,core,Lake Macquarie,14650
11102122016,core,Lake Macquarie,14650
11102122017,core,Lake Macquarie,14650
11102122018,core,Lake Macquarie,14650
11102122019,core,Lake Macquarie,14650
11102122020,core,Lake Macquarie,14650
11102122021,core,Lake Macquarie,14650
11102122022,core,Lake Macquarie,14650
11102122023,core,Lake Macquarie,14650
11102122024,core,Lake Macquarie,14650
11102122101,core,Lake Macquarie,14650
11102122102,core,Lake Macquarie,14650
11102122103,core,Lake Macquarie,14650
11102122104,core,Lake Macquarie,14650
11102122105,core,Lake Macquarie,14650
11102122106,core,Lake Macquarie,14650
11102122107,core,Lake Macquarie,14650
11102122108,core,Lake Macquarie,14650
11102122109,core,Lake Macquarie,14650
11102122110,core,Lake Macquarie,14650
11102122111,core,Lake Macquarie,14650
11102122112,core,Lake Macquarie,14650
11102122113,core,Lake Macquarie,14650
11102122114,core,Lake Macquarie,14650
11102122115,core,Lake Macquarie,14650
11102122116,core,Lake Macquarie,14650
11102122117,core,Lake Macquarie,14650
11102122118,core,Lake Macquarie,14650
11102122119,core,Lake Macquarie,14650
11102122120,core,Lake Macquarie,14650
11103122201,core,Newcastle,15900
11103122202,core,Newcastle,15900
11103122203,core,Newcastle,15900
11103122204,core,Newcastle,15900
11103122205,core,Newcastle,15900
11103122206,core,Newcastle,15900
11103122207,core,Newcastle,15900
11103122208,core,Newcastle,15900
11103122209,core,Newcastle,15900
11103122210,core,Newcastle,15900
11103122211,core,Newcastle,15900
11103122212,core,Newcastle,15900
11103122213,core,Newcastle,15900
11103122214,core,Newcastle,15900
11103122215,core,Newcastle,15900
11103122216,core,Newcastle,15900
11103122217,core,Newcastle,15900
11103122218,core,Newcastle,15900
11103122219,core,Newcastle,15900
11103122220,core,Newcastle,15900
11103122221,core,Newcastle,15900
11103122222,core,Newcastle,15900
11103122223,core,Newcastle,15900
11103122224,core,Newcastle,15900
11103122225,core,Newcastle,15900
11103122226,core,Lake Macquarie,14650
11103122227,core,Lake Macquarie,14650
11103122228,core,Lake Macquarie,14650
11103122229,core,Lake Macquarie,14650
11103122230,core,Lake Macquarie,14650
11103122231,core,Lake Macquarie,14650
11103122232,core,Newcastle,15900
11103122233,core,Newcastle,15900
11103122234,core,Newcastle,15900
11103122235,core,Newcastle,15900
11103122236,core,Newcastle,15900
11103122237,core,Newcastle,15900
11103122238,core,Newcastle,15900
11103122239,core,Newcastle,15900
11103122240,core,Newcastle,15900
11103122301,core,Maitland,15050
11103122302,core,Newcastle,15900
11103122303,core,Newcastle,15900
11103122304,core,Newcastle,15900
11103122306,core,Newcastle,15900
11103122307,core,Newcastle,15900
11103122308,core,Newcastle,15900
11103122309,core,Newcastle,15900
11103122310,core,Newcastle,15900
11103122311,core,Newcastle,15900
11103122312,core,Newcastle,15900
11103122313,core,Newcastle,15900
11103122314,core,Newcastle,15900
11103122315,core,Maitland,15050
11103122316,core,Newcastle,15900
11103122317,core,Maitland,15050
11103122318,core,Maitland,15050
11103122319,core,Maitland,15050
11103122320,core,Maitland,15050
11103122321,core,Maitland,15050
11103122322,core,Maitland,15050
11103122323,core,Maitland,15050
11103122324,core,Newcastle,15900
11103122325,core,Newcastle,15900
11103122401,core,Newcastle,15900
11103122402,core,Newcastle,15900
11103122403,core,Newcastle,15900
11103122404,core,Newcastle,15900
11103122405,core,Newcastle,15900
11103122406,core,Newcastle,15900
11103122407,core,Newcastle,15900
11103122408,core,Newcastle,15900
11103122409,core,Newcastle,15900
11103122410,core,Newcastle,15900
11103122411,core,Newcastle,15900
11103122412,core,Newcastle,15900
11103122413,core,Newcastle,15900
11103122414,core,Newcastle,15900
11103122415,core,Newcastle,15900
11103122416,core,Newcastle,15900
11103122417,core,Newcastle,15900
11103122418,core,Newcastle,15900
11103122419,core,Newcastle,15900
11103122420,core,Newcastle,15900
11103122421,core,Newcastle,15900
11103122422,core,Newcastle,15900
11103122423,core,Newcastle,15900
11103122424,core,Newcastle,15900
11103122425,core,Newcastle,15900
11103122426,core,Newcastle,15900
11103122427,core,Newcastle,15900
11103122428,core,Newcastle,15900
11103122429,core,Newcastle,15900
11103122430,core,Newcastle,15900
11103122431,core,Newcastle,15900
11103122432,core,Newcastle,15900
11103122501,core,Newcastle,15900
11103122502,core,Newcastle,15900
11103122503,core,Newcastle,15900
11103122504,core,Newcastle,15900
11103122505,core,Newcastle,15900
11103122506,core,Newcastle,15900
11103122507,core,Newcastle,15900
11103122508,core,Newcastle,15900
11103122509,core,Newcastle,15900
11103122510,core,Newcastle,15900
11103122511,core,Newcastle,15900
11103122512,core,Newcastle,15900
11103122513,core,Newcastle,15900
11103122514,core,Newcastle,15900
11103122515,core,Newcastle,15900
11103122516,core,Newcastle,15900
11103122517,core,Newcastle,15900
11103122518,core,Newcastle,15900
11103122519,core,Newcastle,15900
11103122520,core,Newcastle,15900
11103122521,core,Newcastle,15900
11103122522,core,Newcastle,15900
11103122523,core,Newcastle,15900
11103122524,core,Newcastle,15900
11103122525,core,Newcastle,15900
11103122526,core,Newcastle,15900
11103122527,core,Newcastle,15900
11103122528,core,Newcastle,15900
11103122529,core,Newcastle,15900
11103122530,core,Newcastle,15900
11103122531,core,Newcastle,15900
11103122532,core,Newcastle,15900
11103122533,core,Newcastle,15900
11103122534,core,Newcastle,15900
11103122535,core,Newcastle,15900
11103122536,core,Newcastle,15900
11103122537,core,Newcastle,15900
11103122538,core,Newcastle,15900
11103122539,core,Newcastle,15900
11103122540,core,Newcastle,15900
11103122541,core,Newcastle,15900
11103122542,core,Newcastle,15900
11103122543,core,Newcastle,15900
11103122601,core,Newcastle,15900
11103122602,core,Newcastle,15900
11103122603,core,Newcastle,15900
11103122604,core,Newcastle,15900
11103122605,core,Newcastle,15900
11103122606,core,Newcastle,15900
11103122608,core,Newcastle,15900
11103122609,core,Newcastle,15900
11103122610,core,Newcastle,15900
11103122611,core,Newcastle,15900
11103122613,core,Newcastle,15900
11103122614,core,Newcastle,15900
11103122615,core,Newcastle,15900
11103122616,core,Newcastle,15900
11103122617,core,Newcastle,15900
11103122618,core,Newcastle,15900
11103122619,core,Newcastle,15900
11103122620,core,Newcastle,15900
11103122621,core,Newcastle,15900
11103122622,core,Newcastle,15900
11103122623,core,Newcastle,15900
11103122624,core,Newcastle,15900
11103122625,core,Newcastle,15900
11103122626,core,Newcastle,15900
11103122627,core,Newcastle,15900
11103122628,core,Newcastle,15900
11103122629,core,Newcastle,15900
11103122631,core,Newcastle,15900
11103122632,core,Newcastle,15900
11103122633,core,Newcastle,15900
11103122634,core,Newcastle,15900
11103122635,core,Newcastle,15900
11103122636,core,Newcastle,15900
11103122637,core,Newcastle,15900
11103122638,core,Newcastle,15900
11103122639,core,Newcastle,15900
11103122640,core,Newcastle,15900
11103122641,core,Newcastle,15900
11103122642,core,Newcastle,15900
11103122701,core,Newcastle,15900
11103122702,core,Newcastle,15900
11103122703,core,Newcastle,15900
11103122704,core,Newcastle,15900
11103122705,core,Newcastle,15900
11103122706,core,Newcastle,15900
11103122707,core,Newcastle,15900
11103122708,core,Newcastle,15900
11103122709,core,Newcastle,15900
11103122710,core,Newcastle,15900
11103122711,core,Newcastle,15900
11103122712,core,Newcastle,15900
11103122713,core,Newcastle,15900
11103122714,core,Newcastle,15900
11103122715,core,Newcastle,15900
11103122716,core,Newcastle,15900
11103122717,core,Newcastle,15900
11103122718,core,Newcastle,15900
11103122719,core,Newcastle,15900
11103122720,core,Newcastle,15900
11103122721,core,Newcastle,15900
11103122722,core,Newcastle,15900
11103122723,core,Newcastle,15900
11103122724,core,Newcastle,15900
11103122725,core,Newcastle,15900
11103122726,core,Newcastle,15900
11103122727,core,Newcastle,15900
11103122728,core,Newcastle,15900
11103122729,core,Newcastle,15900
11103122730,core,Newcastle,15900
11103122731,core,Newcastle,15900
11103122732,core,Newcastle,15900
11103122733,core,Newcastle,15900
11103122734,core,Newcastle,15900
11103122735,core,Newcastle,15900
11103122736,core,Newcastle,15900
11103122801,core,Newcastle,15900
11103122802,core,Newcastle,15900
11103122803,core,Newcastle,15900
11103122804,core,Newcastle,15900
11103122805,core,Newcastle,15900
11103122806,core,Newcastle,15900
11103122807,core,Newcastle,15900
11103122808,core,Newcastle,15900
11103122809,core,Newcastle,15900
11103122810,core,Newcastle,15900
11103122811,core,Newcastle,15900
11103122812,core,Newcastle,15900
11103122813,core,Newcastle,15900
11103122814,core,Newcastle,15900
11103122815,core,Newcastle,15900
11103122816,core,Newcastle,15900
11103122817,core,Newcastle,15900
11103122818,core,Newcastle,15900
11103122819,core,Newcastle,15900
11103122820,core,Newcastle,15900
11103122821,core,Newcastle,15900
11103122822,core,Newcastle,15900
11103122823,core,Newcastle,15900
11103122824,core,Newcastle,15900
11103122825,core,Newcastle,15900
11103122826,core,Newcastle,15900
11103122827,core,Newcastle,15900
11103122828,core,Newcastle,15900
11103122829,core,Newcastle,15900
11103122830,core,Newcastle,15900
11103122831,core,Newcastle,15900
11103122832,core,Newcastle,15900
11103122901,core,Newcastle,15900
11103122902,core,Newcastle,15900
11103122903,core,Newcastle,15900
11103122905,core,Newcastle,15900
11103122906,core,Newcastle,15900
11103122908,core,Newcastle,15900
11103122909,core,Newcastle,15900
11103122910,core,Newcastle,15900
11103122911,core,Newcastle,15900
11103122912,core,Newcastle,15900
11103122913,core,Newcastle,15900
11103122914,core,Newcastle,15900
11103122916,core,Newcastle,15900
11103122917,core,Newcastle,15900
11103122918,core,Newcastle,15900
11103122919,core,Newcastle,15900
11103122920,core,Newcastle,15900
11103122921,core,Newcastle,15900
11103122922,core,Newcastle,15900
11103122923,core,Newcastle,15900
11103122924,core,Newcastle,15900
11103122925,core,Newcastle,15900
11103122926,core,Newcastle,15900
11103122927,core,Newcastle,15900
11103122928,core,Newcastle,15900
11103122929,core,Newcastle,15900
11103122930,core,Newcastle,15900
11103122931,core,Newcastle,15900
11103122932,core,Newcastle,15900
11103123001,core,Newcastle,15900
11103123101,core,Newcastle,15900
11103123102,core,Newcastle,15900
11103123103,core,Newcastle,15900
11103123104,core,Newcastle,15900
11103123105,core,Newcastle,15900
11103123106,core,Newcastle,15900
11103123107,core,Newcastle,15900
11103123108,core,Newcastle,15900
11103123109,core,Newcastle,15900
11103123110,core,Newcastle,15900
11103123111,core,Newcastle,15900
11103123112,core,Newcastle,15900
11103123113,core,Newcastle,15900
11103123114,core,Newcastle,15900
11103123115,core,Newcastle,15900
11103123116,core,Newcastle,15900
11103123117,core,Newcastle,15900
11103123118,core,Newcastle,15900
11103123119,core,Newcastle,15900
11103123120,core,Newcastle,15900
11103123121,core,Newcastle,15900
11103123122,core,Newcastle,15900
11103123123,core,Newcastle,15900
11103123124,core,Newcastle,15900
11103123125,core,Newcastle,15900
11103123126,core,Newcastle,15900
11103123201,core,Newcastle,15900
11103123202,core,Newcastle,15900
11103123203,core,Newcastle,15900
11103123204,core,Newcastle,15900
11103123205,core,Newcastle,15900
11103123206,core,Newcastle,15900
11103123207,core,Newcastle,15900
11103123208,core,Newcastle,15900
11103123209,core,Newcastle,15900
11103123210,core,Newcastle,15900
11103123211,core,Newcastle,15900
11103123213,core,Port Stephens,16400
11103123216,core,Port Stephens,16400
11103123217,core,Port Stephens,16400
11103123218,core,Port Stephens,16400
11103123219,core,Port Stephens,16400
11103123220,core,Port Stephens,16400
11103123221,core,Port Stephens,16400
11103123222,core,Port Stephens,16400
11103123223,core,Port Stephens,16400
11103123224,core,Port Stephens,16400
11103123301,core,Newcastle,15900
11103123302,core,Newcastle,15900
11103123303,core,Newcastle,15900
11103123304,core,Newcastle,15900
11103123305,core,Newcastle,15900
11103123306,core,Newcastle,15900
11103123307,core,Newcastle,15900
11103123308,core,Newcastle,15900
11103123309,core,Newcastle,15900
11103123310,core,Newcastle,15900
11103123311,core,Newcastle,15900
11103123312,core,Newcastle,15900
11103123313,core,Newcastle,15900
11103123314,core,Newcastle,15900
11103123315,core,Newcastle,15900
11103123316,core,Newcastle,15900
11103123317,core,Newcastle,15900
11103123318,core,Newcastle,15900
11103123319,core,Newcastle,15900
11103123320,core,Newcastle,15900
11103123321,core,Newcastle,15900
11103123322,core,Newcastle,15900
11103123323,core,Newcastle,15900
11103123324,core,Newcastle,15900
11103123325,core,Newcastle,15900
11103123326,core,Newcastle,15900
11103123327,core,Newcastle,15900
11103123328,core,Newcastle,15900
11103123329,core,Newcastle,15900
11103123330,core,Newcastle,15900
11103123331,core,Newcastle,15900
11103123332,core,Newcastle,15900
11103123333,core,Newcastle,15900
11103123334,core,Newcastle,15900
11103123335,core,Newcastle,15900
11103123336,core,Newcastle,15900
11103123337,core,Newcastle,15900
11103123338,core,Newcastle,15900
11103123339,core,Newcastle,15900
11103123340,core,Lake Macquarie,14650
11103123341,core,Newcastle,15900
11103123342,core,Newcastle,15900
11103123343,core,Newcastle,15900
11103123344,core,Newcastle,15900
11103123401,core,Newcastle,15900
11103123402,core,Newcastle,15900
11103123403,core,Newcastle,15900
11103123404,core,Newcastle,15900
11103123405,core,Newcastle,15900
11103123406,core,Newcastle,15900
11103123407,core,Newcastle,15900
11103123408,core,Newcastle,15900
11103123409,core,Newcastle,15900
11103123410,core,Newcastle,15900
11103123411,core,Newcastle,15900
11103123412,core,Newcastle,15900
11103123413,core,Newcastle,15900
11103123414,core,Newcastle,15900
11103123415,core,Newcastle,15900
11103123416,core,Newcastle,15900
11103123417,core,Newcastle,15900
11103123418,core,Newcastle,15900
11103123419,core,Newcastle,15900
11103123420,core,Newcastle,15900
11103123421,core,Newcastle,15900
11103123422,core,Newcastle,15900
11103123423,core,Newcastle,15900
11103123424,core,Newcastle,15900
11103123425,core,Newcastle,15900
11103123426,core,Newcastle,15900
11103123427,core,Newcastle,15900
11103123501,core,Newcastle,15900
11103123502,core,Newcastle,15900
11103123503,core,Newcastle,15900
11103123504,core,Newcastle,15900
11103123505,core,Newcastle,15900
11103123506,core,Newcastle,15900
11103123507,core,Newcastle,15900
11103123508,core,Newcastle,15900
11103123509,core,Newcastle,15900
11103123510,core,Newcastle,15900
11103123511,core,Newcastle,15900
11103123512,core,Newcastle,15900
11103123513,core,Newcastle,15900
11103123514,core,Newcastle,15900
11103123515,core,Newcastle,15900
11103123516,core,Newcastle,15900
11103123518,core,Newcastle,15900
11103123519,core,Newcastle,15900
11103123520,core,Newcastle,15900
11103123521,core,Newcastle,15900
11103123522,core,Newcastle,15900
