DZN_CODE21,SA2_CODE21,SA2_NAME21,STE_CODE21,STE_NAME21,AUS_CODE21,AUS_NAME21,AREASQKM21,LOCI_URI21,SHAPE_Leng,SHAPE_Area,area_km2,x_mga56,y_mga56,lon,lat,zone_tier,zone_id
110306044,102011030,Calga - Kulnura,1,New South Wales,AUS,Australia,315.789,http://linked.data.gov.au/dataset/asgsed3/DZN/110306044,1.13488504175,0.0305522216241,315.7635,331700.6,6319632.3,151.1934092,-33.2491895,external,110306044
110450001,102021045,Blue Haven - San Remo,1,New South Wales,AUS,Australia,16.1735,http://linked.data.gov.au/dataset/asgsed3/DZN/110450001,0.246573321604,0.00156400351978,16.1681,362518.7,6325074.6,151.5249402,-33.2044816,external,110450001
110496297,102021049,Jilliby - Yarramalong,1,New South Wales,AUS,Australia,157.5843,http://linked.data.gov.au/dataset/asgsed3/DZN/110496297,0.922323452987,0.0152410822976,157.5486,348729.2,6323931.1,151.3768498,-33.2129503,external,110496297
110496298,102021049,Jilliby - Yarramalong,1,New South Wales,AUS,Australia,189.1819,http://linked.data.gov.au/dataset/asgsed3/DZN/110496298,0.8656205694,0.0182810771543,189.1494,340161.2,6331760.9,151.286324,-33.141123,external,110496298
110506443,102021050,Lake Munmorah - Mannering Park,1,New South Wales,AUS,Australia,18.1863,http://linked.data.gov.au/dataset/asgsed3/DZN/110506443,0.25331419428,0.00175826837389,18.1794,370016.1,6327673.9,151.6057316,-33.18197,external,110506443
110506444,102021050,Lake Munmorah - Mannering Park,1,New South Wales,AUS,Australia,14.3865,http://linked.data.gov.au/dataset/asgsed3/DZN/110506444,0.222615229137,0.00139084007802,14.3821,364212.3,6329128.0,151.5437115,-33.1681453,external,110506444
110738261,103031073,Mudgee Surrounds - East,1,New South Wales,AUS,Australia,2714.8442,http://linked.data.gov.au/dataset/asgsed3/DZN/110738261,4.99118586574,0.261208911241,2717.8679,224539.1,6375477.3,150.0608943,-32.7240999,external,110738261
110748256,103031074,Mudgee Surrounds - West,1,New South Wales,AUS,Australia,2558.3237,http://linked.data.gov.au/dataset/asgsed3/DZN/110748256,3.68216428122,0.24476105934,2562.332,190116.6,6429633.6,149.711908,-32.2272167,external,110748256
110758273,103031075,Wollangambe - Wollemi,1,New South Wales,AUS,Australia,2448.7276,http://linked.data.gov.au/dataset/asgsed3/DZN/110758273,4.76184744027,0.236688390892,2450.3657,263918.8,6330724.3,150.4692207,-33.136545,external,110758273
110998751,105031099,Coonabarabran,1,New South Wales,AUS,Australia,3029.9438,http://linked.data.gov.au/dataset/asgsed3/DZN/110998751,4.60225522305,0.288026720132,3034.8663,191963.0,6495355.3,149.7523728,-31.6357512,external,110998751
111077020,106011107,Branxton - Greta - Pokolbin,1,New South Wales,AUS,Australia,128.9262,http://linked.data.gov.au/dataset/asgsed3/DZN/111077020,0.674137880196,0.0124076377141,128.9043,338840.8,6372753.6,151.2793519,-32.7713233,core,111077020
111077021,106011107,Branxton - Greta - Pokolbin,1,New South Wales,AUS,Australia,38.3686,http://linked.data.gov.au/dataset/asgsed3/DZN/111077021,0.361709210098,0.00369236751519,38.3597,347681.6,6372676.7,151.3736969,-32.7732777,core,111077021
111077022,106011107,Branxton - Greta - Pokolbin,1,New South Wales,AUS,Australia,154.1084,http://linked.data.gov.au/dataset/asgsed3/DZN/111077022,0.742430346177,0.0148120719093,154.0803,339505.7,6384408.0,151.2884576,-32.6663356,external,111077022
111077023,106011107,Branxton - Greta - Pokolbin,1,New South Wales,AUS,Australia,65.8457,http://linked.data.gov.au/dataset/asgsed3/DZN/111077023,0.434185212603,0.00633202122445,65.8307,347563.3,6380912.0,151.3737833,-32.6990028,core,111077023
111077024,106011107,Branxton - Greta - Pokolbin,1,New South Wales,AUS,Australia,5.0373,http://linked.data.gov.au/dataset/asgsed3/DZN/111077024,0.146871045201,0.0004841939149,5.0362,345878.7,6384825.7,151.3564649,-32.663478,core,111077024
111080001,106011108,Cessnock,1,New South Wales,AUS,Australia,20.5349,http://linked.data.gov.au/dataset/asgsed3/DZN/111080001,0.330863427441,0.00197802019261,20.5301,350286.3,6364548.6,151.400184,-32.8469278,core,111080001
111080002,106011108,Cessnock,1,New South Wales,AUS,Australia,2.457,http://linked.data.gov.au/dataset/asgsed3/DZN/111080002,0.0784311909095,0.000236629114574,2.4565,348020.9,6365852.2,151.376199,-32.8348609,core,111080002
111087055,106011108,Cessnock,1,New South Wales,AUS,Australia,8.0573,http://linked.data.gov.au/dataset/asgsed3/DZN/111087055,0.144908118128,0.000776180789054,8.0562,342635.4,6363508.5,151.3182807,-32.8552341,core,111087055
111087057,106011108,Cessnock,1,New South Wales,AUS,Australia,3.5867,http://linked.data.gov.au/dataset/asgsed3/DZN/111087057,0.128846396001,0.000345497853038,3.5864,347222.5,6365189.5,151.3675621,-32.8407261,core,111087057
111087058,106011108,Cessnock,1,New South Wales,AUS,Australia,5.2934,http://linked.data.gov.au/dataset/asgsed3/DZN/111087058,0.104721809138,0.000509790047026,5.2923,344240.5,6365963.7,151.3358416,-32.8333255,core,111087058
111087060,106011108,Cessnock,1,New South Wales,AUS,Australia,2.7201,http://linked.data.gov.au/dataset/asgsed3/DZN/111087060,0.0714198054521,0.000261942463049,2.7196,345500.7,6366978.3,151.3494698,-32.8243548,core,111087060
111087061,106011108,Cessnock,1,New South Wales,AUS,Australia,11.228,http://linked.data.gov.au/dataset/asgsed3/DZN/111087061,0.191292474094,0.00108113013712,11.2253,348695.5,6368122.8,151.3837754,-32.8144805,core,111087061
111087062,106011108,Cessnock,1,New South Wales,AUS,Australia,15.1038,http://linked.data.gov.au/dataset/asgsed3/DZN/111087062,0.220688076121,0.00145410218994,15.1005,346666.9,6369114.0,151.3622772,-32.805261,core,111087062
111097037,106011109,Cessnock Surrounds,1,New South Wales,AUS,Australia,996.959,http://linked.data.gov.au/dataset/asgsed3/DZN/111097037,2.1352597,0.09618093281,996.9648,324119.6,6351893.7,151.1182804,-32.9571331,core,111097037
111097038,106011109,Cessnock Surrounds,1,New South Wales,AUS,Australia,308.4684,http://linked.data.gov.au/dataset/asgsed3/DZN/111097038,1.20844459626,0.0297442270673,308.4097,344271.3,6353542.1,151.3340752,-32.9453317,core,111097038
111097039,106011109,Cessnock Surrounds,1,New South Wales,AUS,Australia,129.4019,http://linked.data.gov.au/dataset/asgsed3/DZN/111097039,0.607594219321,0.0124728904149,129.3636,356006.3,6357897.7,151.4602508,-32.9076674,core,111097039
111097040,106011109,Cessnock Surrounds,1,New South Wales,AUS,Australia,47.9913,http://linked.data.gov.au/dataset/asgsed3/DZN/111097040,0.461480166529,0.00462394028519,47.9792,350708.8,6362256.9,151.4043275,-32.8676495,core,111097040
111097041,106011109,Cessnock Surrounds,1,New South Wales,AUS,Australia,87.6139,http://linked.data.gov.au/dataset/asgsed3/DZN/111097041,0.457760258739,0.00843756726553,87.5827,364810.0,6366532.1,151.555627,-32.8309283,core,111097041
111108028,106011110,Dungog,1,New South Wales,AUS,Australia,1067.0278,http://linked.data.gov.au/dataset/asgsed3/DZN/111108028,1.72067891602,0.102072868477,1066.6891,362090.4,6433995.0,151.5364782,-32.2222033,external,111108028
111108029,106011110,Dungog,1,New South Wales,AUS,Australia,409.2818,http://linked.data.gov.au/dataset/asgsed3/DZN/111108029,1.55379423985,0.0392188203345,409.1132,383508.9,6419655.0,151.7619691,-32.3539673,external,111108029
111108030,106011110,Dungog,1,New South Wales,AUS,Australia,274.2035,http://linked.data.gov.au/dataset/asgsed3/DZN/111108030,0.982265061224,0.0263225571486,274.1078,364601.3,6399402.6,151.5581698,-32.5344781,external,111108030
111108031,106011110,Dungog,1,New South Wales,AUS,Australia,6.4834,http://linked.data.gov.au/dataset/asgsed3/DZN/111108031,0.15620669341,0.000621455649996,6.4802,382391.3,6414206.8,151.7494171,-32.4029883,external,111108031
111108032,106011110,Dungog,1,New South Wales,AUS,Australia,493.0018,http://linked.data.gov.au/dataset/asgsed3/DZN/111108032,1.34228301654,0.0473094488625,492.7699,382528.9,6401814.9,151.7493363,-32.5147651,external,111108032
111110001,106011111,Kurri Kurri - Abermain,1,New South Wales,AUS,Australia,7.7509,http://linked.data.gov.au/dataset/asgsed3/DZN/111110001,0.170503930855,0.000746196886868,7.7484,360604.8,6369754.6,151.5111964,-32.8013426,core,111110001
111117075,106011111,Kurri Kurri - Abermain,1,New South Wales,AUS,Australia,14.3226,http://linked.data.gov.au/dataset/asgsed3/DZN/111117075,0.23196286333,0.00137924826519,14.3187,353831.4,6366345.0,151.4383384,-32.8312076,core,111117075
111117076,106011111,Kurri Kurri - Abermain,1,New South Wales,AUS,Australia,9.7258,http://linked.data.gov.au/dataset/asgsed3/DZN/111117076,0.151648412707,0.000936673912727,9.7227,357800.8,6365964.7,151.4806755,-32.8351583,core,111117076
111117077,106011111,Kurri Kurri - Abermain,1,New South Wales,AUS,Australia,1.443,http://linked.data.gov.au/dataset/asgsed3/DZN/111117077,0.0608887260628,0.000138938786739,1.4424,358713.4,6367553.9,151.4906656,-32.8209464,core,111117077
111117078,106011111,Kurri Kurri - Abermain,1,New South Wales,AUS,Australia,2.6051,http://linked.data.gov.au/dataset/asgsed3/DZN/111117078,0.0790763637927,0.000250831588049,2.6042,356858.7,6367962.2,151.4709217,-32.8170236,core,111117078
111117080,106011111,Kurri Kurri - Abermain,1,New South Wales,AUS,Australia,50.3134,http://linked.data.gov.au/dataset/asgsed3/DZN/111117080,0.426855423648,0.00484283446435,50.2988,355125.3,6371537.7,151.4529692,-32.7845548,core,111117080
111117081,106011111,Kurri Kurri - Abermain,1,New South Wales,AUS,Australia,1.1066,http://linked.data.gov.au/dataset/asgsed3/DZN/111117081,0.0526271173798,0.000106542271193,1.1062,358435.9,6368494.3,151.4878456,-32.81243,core,111117081
111117082,106011111,Kurri Kurri - Abermain,1,New South Wales,AUS,Australia,3.3471,http://linked.data.gov.au/dataset/asgsed3/DZN/111117082,0.0798101180122,0.000322241707451,3.3462,353691.7,6369480.3,151.4373418,-32.8029173,core,111117082
111128024,106011112,Singleton,1,New South Wales,AUS,Australia,43.3933,http://linked.data.gov.au/dataset/asgsed3/DZN/111128024,0.398548485452,0.00416505618385,43.3901,327243.7,6399040.9,151.1604482,-32.5325501,external,111128024
111128025,106011112,Singleton,1,New South Wales,AUS,Australia,83.8384,http://linked.data.gov.au/dataset/asgsed3/DZN/111128025,0.564275732428,0.00805334733802,83.8308,328753.9,6391460.2,151.175138,-32.6011353,external,111128025
111138020,106011113,Singleton Surrounds,1,New South Wales,AUS,Australia,2528.3714,http://linked.data.gov.au/dataset/asgsed3/DZN/111138020,3.19720811625,0.243291444417,2528.8369,302535.3,6373005.8,150.8919887,-32.7631288,external,111138020
111138021,106011113,Singleton Surrounds,1,New South Wales,AUS,Australia,1538.8634,http://linked.data.gov.au/dataset/asgsed3/DZN/111138021,2.68089522518,0.147533302515,1538.6836,333263.7,6415972.1,151.227517,-32.3808056,external,111138021
111147129,106021114,Maitland,1,New South Wales,AUS,Australia,25.7735,http://linked.data.gov.au/dataset/asgsed3/DZN/111147129,0.307200829674,0.00248027452685,25.7647,361992.5,6373348.2,151.5265474,-32.7691126,core,111147129
111147130,106021114,Maitland,1,New South Wales,AUS,Australia,5.4147,http://linked.data.gov.au/dataset/asgsed3/DZN/111147130,0.13039923794,0.000520900796194,5.4125,365082.4,6376871.8,151.5600401,-32.7377207,core,111147130
111147131,106021114,Maitland,1,New South Wales,AUS,Australia,0.8911,http://linked.data.gov.au/dataset/asgsed3/DZN/111147131,0.057695262892,8.57083132244e-05,0.8907,363505.3,6377957.1,151.5433717,-32.7277391,core,111147131
111167115,106021116,Maitland - North,1,New South Wales,AUS,Australia,9.0569,http://linked.data.gov.au/dataset/asgsed3/DZN/111167115,0.131449504627,0.000871118527198,9.0534,366159.3,6379045.8,151.5718427,-32.7182467,core,111167115
111167116,106021116,Maitland - North,1,New South Wales,AUS,Australia,61.4909,http://linked.data.gov.au/dataset/asgsed3/DZN/111167116,0.475750044524,0.00591135048753,61.4684,365697.6,6384190.2,151.5676591,-32.6717987,core,111167116
111197246,106031119,Anna Bay,1,New South Wales,AUS,Australia,45.7823,http://linked.data.gov.au/dataset/asgsed3/DZN/111197246,0.49975989054,0.00440636778557,45.7553,408213.5,6372884.2,152.0199077,-32.7781288,core,111197246
111197247,106031119,Anna Bay,1,New South Wales,AUS,Australia,22.2677,http://linked.data.gov.au/dataset/asgsed3/DZN/111197247,0.33379069249,0.00214292293268,22.2535,414763.2,6374066.7,152.0899457,-32.7679912,core,111197247
111207232,106031120,Lemon Tree Passage - Tanilba Bay,1,New South Wales,AUS,Australia,28.1628,http://linked.data.gov.au/dataset/asgsed3/DZN/111207232,0.598278530305,0.00270962127689,28.1465,405398.8,6375787.5,151.990152,-32.7517043,core,111207232
111207233,106031120,Lemon Tree Passage - Tanilba Bay,1,New South Wales,AUS,Australia,1.8194,http://linked.data.gov.au/dataset/asgsed3/DZN/111207233,0.0856753511096,0.000175024203863,1.8183,409614.2,6377850.2,152.0353454,-32.7334552,core,111207233
111217260,106031121,Nelson Bay Peninsula,1,New South Wales,AUS,Australia,21.6928,http://linked.data.gov.au/dataset/asgsed3/DZN/111217260,0.453835160406,0.00208707132371,21.6786,420665.4,6377367.0,152.153238,-32.7386652,core,111217260
111217261,106031121,Nelson Bay Peninsula,1,New South Wales,AUS,Australia,12.5949,http://linked.data.gov.au/dataset/asgsed3/DZN/111217261,0.298593711741,0.00121168147634,12.5871,414318.8,6377736.6,152.0855391,-32.7348558,core,111217261
111217262,106031121,Nelson Bay Peninsula,1,New South Wales,AUS,Australia,1.9721,http://linked.data.gov.au/dataset/asgsed3/DZN/111217262,0.110831230911,0.000189678470379,1.9706,416547.3,6378443.4,152.1093854,-32.7286516,core,111217262
111217263,106031121,Nelson Bay Peninsula,1,New South Wales,AUS,Australia,3.3578,http://linked.data.gov.au/dataset/asgsed3/DZN/111217263,0.0900005448684,0.000322986413888,3.3554,417388.5,6378471.0,152.1183637,-32.7284662,core,111217263
111217264,106031121,Nelson Bay Peninsula,1,New South Wales,AUS,Australia,2.9696,http://linked.data.gov.au/dataset/asgsed3/DZN/111217264,0.0988116135015,0.000285658772448,2.9678,419218.8,6378862.6,152.137929,-32.7250697,core,111217264
111217265,106031121,Nelson Bay Peninsula,1,New South Wales,AUS,Australia,0.9884,http://linked.data.gov.au/dataset/asgsed3/DZN/111217265,0.0530418396323,9.50815374748e-05,0.9878,422660.1,6378927.9,152.1746552,-32.7247278,core,111217265
111217266,106031121,Nelson Bay Peninsula,1,New South Wales,AUS,Australia,2.1814,http://linked.data.gov.au/dataset/asgsed3/DZN/111217266,0.0857644727569,0.000209818984122,2.18,420396.3,6379610.7,152.1505573,-32.7184081,core,111217266
111217267,106031121,Nelson Bay Peninsula,1,New South Wales,AUS,Australia,1.7192,http://linked.data.gov.au/dataset/asgsed3/DZN/111217267,0.117624086168,0.000165346340421,1.7182,412495.4,6380416.0,152.0663334,-32.7105456,core,111217267
111227196,106031122,Raymond Terrace,1,New South Wales,AUS,Australia,62.9507,http://linked.data.gov.au/dataset/asgsed3/DZN/111227196,0.448863944863,0.0060605933408,62.9216,382003.8,6369354.9,151.7396446,-32.8074559,core,111227196
111227197,106031122,Raymond Terrace,1,New South Wales,AUS,Australia,3.793,http://linked.data.gov.au/dataset/asgsed3/DZN/111227197,0.107740889639,0.000365024272556,3.7913,382560.5,6373865.5,151.7461601,-32.7668373,core,111227197
111227198,106031122,Raymond Terrace,1,New South Wales,AUS,Australia,1.3769,http://linked.data.gov.au/dataset/asgsed3/DZN/111227198,0.0544592088697,0.000132489323933,1.3762,383724.1,6374668.7,151.7586818,-32.7597166,core,111227198
111227199,106031122,Raymond Terrace,1,New South Wales,AUS,Australia,2.3927,http://linked.data.gov.au/dataset/asgsed3/DZN/111227199,0.0789548017237,0.000230269855989,2.3918,385319.7,6374590.8,151.775702,-32.7605869,core,111227199
111227200,106031122,Raymond Terrace,1,New South Wales,AUS,Australia,38.9731,http://linked.data.gov.au/dataset/asgsed3/DZN/111227200,0.406664544035,0.00374854618743,38.9548,384833.0,6379085.7,151.7710644,-32.7199986,core,111227200
111237182,106031123,Seaham - Woodville,1,New South Wales,AUS,Australia,163.7933,http://linked.data.gov.au/dataset/asgsed3/DZN/111237182,0.877880060448,0.0157440740455,163.7189,382585.2,6384337.9,151.7477453,-32.672393,core,111237182
111237183,106031123,Seaham - Woodville,1,New South Wales,AUS,Australia,83.6903,http://linked.data.gov.au/dataset/asgsed3/DZN/111237183,0.659972748264,0.00804449405822,83.6563,370996.4,6385593.7,151.6243504,-32.6597738,core,111237183
111248035,106031124,Tea Gardens - Hawks Nest,1,New South Wales,AUS,Australia,88.9946,http://linked.data.gov.au/dataset/asgsed3/DZN/111248035,0.717752955696,0.00855219408511,88.9404,410832.9,6389379.4,152.0494523,-32.6295656,external,111248035
111248036,106031124,Tea Gardens - Hawks Nest,1,New South Wales,AUS,Australia,115.3218,http://linked.data.gov.au/dataset/asgsed3/DZN/111248036,1.04100451663,0.0110803592792,115.2467,421188.6,6389073.4,152.1598112,-32.6331125,external,111248036
111257213,106031125,Williamtown - Medowie - Karuah,1,New South Wales,AUS,Australia,57.5861,http://linked.data.gov.au/dataset/asgsed3/DZN/111257213,0.545777553068,0.00554296896737,57.5545,398782.9,6371944.3,151.9191205,-32.7857778,core,111257213
111257214,106031125,Williamtown - Medowie - Karuah,1,New South Wales,AUS,Australia,58.7957,http://linked.data.gov.au/dataset/asgsed3/DZN/111257214,0.394150084465,0.00566006343434,58.7657,391113.3,6371037.6,151.8371251,-32.793222,core,111257214
111257215,106031125,Williamtown - Medowie - Karuah,1,New South Wales,AUS,Australia,5.7117,http://linked.data.gov.au/dataset/asgsed3/DZN/111257215,0.123869361563,0.000549602192017,5.7087,394870.7,6375185.0,151.8777159,-32.756183,core,111257215
111257216,106031125,Williamtown - Medowie - Karuah,1,New South Wales,AUS,Australia,38.7889,http://linked.data.gov.au/dataset/asgsed3/DZN/111257216,0.525678411765,0.00373183247165,38.7697,390746.9,6377536.1,151.8339776,-32.7345763,core,111257216
111257217,106031125,Williamtown - Medowie - Karuah,1,New South Wales,AUS,Australia,29.5415,http://linked.data.gov.au/dataset/asgsed3/DZN/111257217,0.320309336453,0.00284170605172,29.5256,396506.9,6378373.5,151.8955349,-32.7275804,core,111257217
111257218,106031125,Williamtown - Medowie - Karuah,1,New South Wales,AUS,Australia,77.2686,http://linked.data.gov.au/dataset/asgsed3/DZN/111257218,0.793195289633,0.00742985623831,77.2275,391832.8,6381618.9,151.846039,-32.6978615,core,111257218
111257219,106031125,Williamtown - Medowie - Karuah,1,New South Wales,AUS,Australia,97.4895,http://linked.data.gov.au/dataset/asgsed3/DZN/111257219,0.667333925756,0.00936833185289,97.4357,400191.4,6389636.5,151.9360542,-32.6263367,core,111257219
111260001,106041126,Muswellbrook,1,New South Wales,AUS,Australia,178.929,http://linked.data.gov.au/dataset/asgsed3/DZN/111260001,0.955958484012,0.0171397078428,178.9557,304169.1,6419493.2,150.9191176,-32.3443355,external,111260001
111260002,106041126,Muswellbrook,1,New South Wales,AUS,Australia,36.5895,http://linked.data.gov.au/dataset/asgsed3/DZN/111260002,0.459407901549,0.00350183671008,36.5973,295402.8,6428252.1,150.8279089,-32.2638047,external,111260002
111260003,106041126,Muswellbrook,1,New South Wales,AUS,Australia,46.8779,http://linked.data.gov.au/dataset/asgsed3/DZN/111260003,0.334671754669,0.00448573241462,46.8845,303817.0,6430857.1,150.9177222,-32.2418234,external,111260003
111278011,106041127,Muswellbrook Surrounds,1,New South Wales,AUS,Australia,986.0192,http://linked.data.gov.au/dataset/asgsed3/DZN/111278011,2.96745667757,0.0943546231826,986.2997,278874.3,6428485.1,150.6526116,-32.2585664,external,111278011
111278012,106041127,Muswellbrook Surrounds,1,New South Wales,AUS,Australia,2039.8139,http://linked.data.gov.au/dataset/asgsed3/DZN/111278012,2.89891198224,0.195841074437,2040.9298,265667.6,6392395.5,150.5035774,-32.5811466,external,111278012
111278013,106041127,Muswellbrook Surrounds,1,New South Wales,AUS,Australia,116.6546,http://linked.data.gov.au/dataset/asgsed3/DZN/111278013,0.800746301497,0.0111780293613,116.696,283607.0,6415417.2,150.6998398,-32.3772847,external,111278013
111288008,106041128,Scone,1,New South Wales,AUS,Australia,118.5743,http://linked.data.gov.au/dataset/asgsed3/DZN/111288008,0.612770845881,0.0113225333219,118.5991,298706.2,6450993.5,150.8677404,-32.0593825,external,111288008
111298000,106041129,Scone Surrounds,1,New South Wales,AUS,Australia,3546.6918,http://linked.data.gov.au/dataset/asgsed3/DZN/111298000,4.60403120217,0.33871307177,3549.7403,237905.3,6447572.6,150.2233315,-32.0777436,external,111298000
111298001,106041129,Scone Surrounds,1,New South Wales,AUS,Australia,3.8132,http://linked.data.gov.au/dataset/asgsed3/DZN/111298001,0.110881762095,0.000364496423164,3.8162,251068.4,6440988.5,150.3609459,-32.140059,external,111298001
111298002,106041129,Scone Surrounds,1,New South Wales,AUS,Australia,270.8476,http://linked.data.gov.au/dataset/asgsed3/DZN/111298002,1.0691461565,0.0257905318444,270.9078,296907.9,6482933.6,150.855397,-31.7711018,external,111298002
111298003,106041129,Scone Surrounds,1,New South Wales,AUS,Australia,736.4447,http://linked.data.gov.au/dataset/asgsed3/DZN/111298003,2.02648643617,0.0702526595595,736.655,293201.1,6458988.0,150.8111775,-31.9863159,external,111298003
111298004,106041129,Scone Surrounds,1,New South Wales,AUS,Australia,129.9693,http://linked.data.gov.au/dataset/asgsed3/DZN/111298004,0.721444298539,0.0124237825313,130.0041,291230.3,6440557.6,150.7863302,-32.1521046,external,111298004
111298005,106041129,Scone Surrounds,1,New South Wales,AUS,Australia,3261.1918,http://linked.data.gov.au/dataset/asgsed3/DZN/111298005,3.73917706609,0.310822392903,3260.9026,334485.0,6470059.0,151.2498357,-31.8932665,external,111298005
111518384,108011151,Bulahdelah - Stroud,1,New South Wales,AUS,Australia,1065.6483,http://linked.data.gov.au/dataset/asgsed3/DZN/111518384,2.24645683727,0.102048262892,1065.0719,401540.5,6420883.6,151.9537006,-32.3446208,external,111518384
111518386,108011151,Bulahdelah - Stroud,1,New South Wales,AUS,Australia,1262.7571,http://linked.data.gov.au/dataset/asgsed3/DZN/111518386,2.43694379276,0.121045333591,1261.9262,426735.0,6418368.4,152.2212153,-32.3692458,external,111518386
111678355,108051167,Gloucester,1,New South Wales,AUS,Australia,2874.7426,http://linked.data.gov.au/dataset/asgsed3/DZN/111678355,3.62192484339,0.274076287635,2873.3918,388287.5,6471465.9,151.8187807,-31.8871369,external,111678355
111898684,110011189,Walcha,1,New South Wales,AUS,Australia,3682.3037,http://linked.data.gov.au/dataset/asgsed3/DZN/111898684,4.96144102948,0.348683780367,3681.0449,367904.9,6544394.3,151.6130784,-31.2271542,external,111898684
112018636,110041201,Quirindi,1,New South Wales,AUS,Australia,2367.2393,http://linked.data.gov.au/dataset/asgsed3/DZN/112018636,3.51640406128,0.224826040643,2369.4485,231180.4,6511868.9,150.1698797,-31.496789,external,112018636
112018639,110041201,Quirindi,1,New South Wales,AUS,Australia,1977.3432,http://linked.data.gov.au/dataset/asgsed3/DZN/112018639,3.68487837577,0.188015016491,1978.2572,293698.9,6498139.2,150.8247344,-31.6334378,external,112018639
112058656,110041205,Tamworth Surrounds,1,New South Wales,AUS,Australia,4021.7431,http://linked.data.gov.au/dataset/asgsed3/DZN/112058656,5.29372905013,0.380647151542,4022.2276,327180.1,6545725.7,151.1858812,-31.2098258,external,112058656
112066729,111011206,Belmont - Bennetts Green,1,New South Wales,AUS,Australia,8.3743,http://linked.data.gov.au/dataset/asgsed3/DZN/112066729,0.18371082172,0.000808274372094,8.3708,376264.6,6344410.3,151.6750074,-33.0317766,core,112066729
112066730,111011206,Belmont - Bennetts Green,1,New South Wales,AUS,Australia,2.1604,http://linked.data.gov.au/dataset/asgsed3/DZN/112066730,0.0788113990587,0.000208528479791,2.1598,373796.7,6345201.8,151.6486955,-33.0243558,core,112066730
112066731,111011206,Belmont - Bennetts Green,1,New South Wales,AUS,Australia,3.7134,http://linked.data.gov.au/dataset/asgsed3/DZN/112066731,0.119967270687,0.000358343778159,3.712,375320.2,6346720.0,151.6652111,-33.0108405,core,112066731
112066732,111011206,Belmont - Bennetts Green,1,New South Wales,AUS,Australia,2.3925,http://linked.data.gov.au/dataset/asgsed3/DZN/112066732,0.0699159072202,0.000230871355169,2.3913,376672.6,6345861.6,151.6795705,-33.0187356,core,112066732
112066733,111011206,Belmont - Bennetts Green,1,New South Wales,AUS,Australia,1.853,http://linked.data.gov.au/dataset/asgsed3/DZN/112066733,0.0566181883505,0.000178803695838,1.8522,377418.2,6346664.9,151.6876586,-33.0115751,core,112066733
112066734,111011206,Belmont - Bennetts Green,1,New South Wales,AUS,Australia,3.7166,http://linked.data.gov.au/dataset/asgsed3/DZN/112066734,0.0891560621501,0.000358585589145,3.7149,378318.3,6348011.5,151.6974717,-32.999533,core,112066734
112076747,111011207,Belmont South - Blacksmiths,1,New South Wales,AUS,Australia,2.4885,http://linked.data.gov.au/dataset/asgsed3/DZN/112076747,0.0865496271096,0.000240346892672,2.4879,373975.6,6339388.1,151.6498112,-33.0768031,core,112076747
112076748,111011207,Belmont South - Blacksmiths,1,New South Wales,AUS,Australia,4.3183,http://linked.data.gov.au/dataset/asgsed3/DZN/112076748,0.153475132569,0.000416912776582,4.3165,374177.8,6341713.9,151.6522967,-33.0558528,core,112076748
112086707,111011208,Charlestown - Dudley,1,New South Wales,AUS,Australia,5.5754,http://linked.data.gov.au/dataset/asgsed3/DZN/112086707,0.145497896616,0.000537879945045,5.5728,380591.1,6349008.5,151.7219255,-32.9907932,core,112086707
112086708,111011208,Charlestown - Dudley,1,New South Wales,AUS,Australia,1.3546,http://linked.data.gov.au/dataset/asgsed3/DZN/112086708,0.0697014582315,0.000130697803231,1.3542,378049.9,6349291.0,151.6947698,-32.987964,core,112086708
112086709,111011208,Charlestown - Dudley,1,New South Wales,AUS,Australia,3.2443,http://linked.data.gov.au/dataset/asgsed3/DZN/112086709,0.098362904734,0.000312941249339,3.2428,378733.0,6350280.8,151.7022093,-32.9791137,core,112086709
112086710,111011208,Charlestown - Dudley,1,New South Wales,AUS,Australia,1.674,http://linked.data.gov.au/dataset/asgsed3/DZN/112086710,0.0626007574127,0.000161481201001,1.6734,377316.2,6350469.3,151.6870753,-32.9772554,core,112086710
112086711,111011208,Charlestown - Dudley,1,New South Wales,AUS,Australia,4.33,http://linked.data.gov.au/dataset/asgsed3/DZN/112086711,0.121706438938,0.000417645320964,4.3282,380911.4,6351430.7,151.7256667,-32.9689842,core,112086711
112086712,111011208,Charlestown - Dudley,1,New South Wales,AUS,Australia,1.3197,http://linked.data.gov.au/dataset/asgsed3/DZN/112086712,0.0553376918413,0.000127270334666,1.319,377061.9,6351385.5,151.6844777,-32.9689648,core,112086712
112086713,111011208,Charlestown - Dudley,1,New South Wales,AUS,Australia,1.2442,http://linked.data.gov.au/dataset/asgsed3/DZN/112086713,0.0842605897669,0.000120016126906,1.2439,378862.2,6352074.3,151.7038281,-32.9629546,core,112086713
112086714,111011208,Charlestown - Dudley,1,New South Wales,AUS,Australia,1.597,http://linked.data.gov.au/dataset/asgsed3/DZN/112086714,0.0653058115718,0.000153999600213,1.5961,379775.0,6352357.2,151.7136302,-32.9605046,core,112086714
112086715,111011208,Charlestown - Dudley,1,New South Wales,AUS,Australia,1.2792,http://linked.data.gov.au/dataset/asgsed3/DZN/112086715,0.0564107743052,0.000123340266772,1.2784,377191.4,6352431.6,151.6860029,-32.9595452,core,112086715
112086716,111011208,Charlestown - Dudley,1,New South Wales,AUS,Australia,0.6611,http://linked.data.gov.au/dataset/asgsed3/DZN/112086716,0.0435763830056,6.37730779208e-05,0.661,378017.6,6352333.5,151.6948272,-32.9605231,core,112086716
112090001,111011209,Glendale - Cardiff - Hillsborough,1,New South Wales,AUS,Australia,2.3438,http://linked.data.gov.au/dataset/asgsed3/DZN/112090001,0.0721580966058,0.000226049971338,2.3432,373228.9,6353434.8,151.643754,-32.9500456,core,112090001
112090002,111011209,Glendale - Cardiff - Hillsborough,1,New South Wales,AUS,Australia,1.9059,http://linked.data.gov.au/dataset/asgsed3/DZN/112090002,0.0676597172699,0.000183757948773,1.905,373338.4,6354110.4,151.6450177,-32.9439658,core,112090002
112096639,111011209,Glendale - Cardiff - Hillsborough,1,New South Wales,AUS,Australia,4.5627,http://linked.data.gov.au/dataset/asgsed3/DZN/112096639,0.120459908662,0.000440025887179,4.5608,376254.7,6352591.4,151.676004,-32.9579989,core,112096639
112096641,111011209,Glendale - Cardiff - Hillsborough,1,New South Wales,AUS,Australia,1.8499,http://linked.data.gov.au/dataset/asgsed3/DZN/112096641,0.0608376078236,0.000178424098236,1.8495,374960.2,6353338.6,151.6622584,-32.9511134,core,112096641
112096642,111011209,Glendale - Cardiff - Hillsborough,1,New South Wales,AUS,Australia,0.9024,http://linked.data.gov.au/dataset/asgsed3/DZN/112096642,0.0582749379143,8.70167772793e-05,0.9021,375345.3,6354173.1,151.6664904,-32.9436315,core,112096642
112096643,111011209,Glendale - Cardiff - Hillsborough,1,New South Wales,AUS,Australia,1.5233,http://linked.data.gov.au/dataset/asgsed3/DZN/112096643,0.0623844908743,0.000146885457753,1.5229,372128.0,6355030.6,151.6321999,-32.9355266,core,112096643
112096644,111011209,Glendale - Cardiff - Hillsborough,1,New South Wales,AUS,Australia,2.7183,http://linked.data.gov.au/dataset/asgsed3/DZN/112096644,0.0980596280321,0.000262093570881,2.7173,375473.4,6355272.8,151.6680096,-32.9337292,core,112096644
112096645,111011209,Glendale - Cardiff - Hillsborough,1,New South Wales,AUS,Australia,1.2436,http://linked.data.gov.au/dataset/asgsed3/DZN/112096645,0.0615946372428,0.000119907527392,1.2432,373392.0,6355406.7,151.6457694,-32.9322821,core,112096645
112096646,111011209,Glendale - Cardiff - Hillsborough,1,New South Wales,AUS,Australia,1.7843,http://linked.data.gov.au/dataset/asgsed3/DZN/112096646,0.0684284994073,0.000172061119647,1.7839,376849.1,6355435.8,151.6827422,-32.932415,core,112096646
112096647,111011209,Glendale - Cardiff - Hillsborough,1,New South Wales,AUS,Australia,3.0834,http://linked.data.gov.au/dataset/asgsed3/DZN/112096647,0.0916597493456,0.000297249917838,3.0821,373998.7,6355835.1,151.6523156,-32.9284891,core,112096647
112106692,111011210,Mount Hutton - Windale,1,New South Wales,AUS,Australia,1.7965,http://linked.data.gov.au/dataset/asgsed3/DZN/112106692,0.0761332209081,0.000173325883307,1.7957,375411.5,6348132.4,151.6663795,-32.9981135,core,112106692
112106693,111011210,Mount Hutton - Windale,1,New South Wales,AUS,Australia,1.758,http://linked.data.gov.au/dataset/asgsed3/DZN/112106693,0.0758693081652,0.000169623549039,1.7574,376626.6,6348733.8,151.6794645,-32.9928287,core,112106693
112106694,111011210,Mount Hutton - Windale,1,New South Wales,AUS,Australia,2.7109,http://linked.data.gov.au/dataset/asgsed3/DZN/112106694,0.0907527855181,0.000261518963172,2.7098,375965.1,6349757.3,151.6725233,-32.9835233,core,112106694
112116761,111011211,Redhead,1,New South Wales,AUS,Australia,3.6842,http://linked.data.gov.au/dataset/asgsed3/DZN/112116761,0.130248127625,0.000355499508048,3.6825,379888.9,6347351.1,151.7141944,-33.0056623,core,112116761
112126774,111011212,Swansea - Caves Beach,1,New South Wales,AUS,Australia,25.6819,http://linked.data.gov.au/dataset/asgsed3/DZN/112126774,0.366815485032,0.00248175818433,25.6719,371583.3,6332929.2,151.6232789,-33.134767,core,112126774
112126775,111011212,Swansea - Caves Beach,1,New South Wales,AUS,Australia,1.7113,http://linked.data.gov.au/dataset/asgsed3/DZN/112126775,0.076889497437,0.000165359920546,1.7111,373272.8,6335665.1,151.6417674,-33.1102945,core,112126775
112126776,111011212,Swansea - Caves Beach,1,New South Wales,AUS,Australia,2.5059,http://linked.data.gov.au/dataset/asgsed3/DZN/112126776,0.169533407054,0.00024205755943,2.5051,374654.9,6337355.9,151.6568087,-33.095208,core,112126776
112126777,111011212,Swansea - Caves Beach,1,New South Wales,AUS,Australia,2.5077,http://linked.data.gov.au/dataset/asgsed3/DZN/112126777,0.0874712212407,0.000242180530251,2.5067,372476.6,6338421.3,151.6336207,-33.0853462,core,112126777
112130001,111011213,Valentine - Eleebana,1,New South Wales,AUS,Australia,1.2371,http://linked.data.gov.au/dataset/asgsed3/DZN/112130001,0.0684746571238,0.00011933789389,1.2364,373710.2,6347822.9,151.6481306,-33.0007088,core,112130001
112130002,111011213,Valentine - Eleebana,1,New South Wales,AUS,Australia,3.0693,http://linked.data.gov.au/dataset/asgsed3/DZN/112130002,0.0942693148153,0.00029611770898,3.0681,373526.8,6348884.4,151.6463146,-32.9911155,core,112130002
112136677,111011213,Valentine - Eleebana,1,New South Wales,AUS,Australia,3.2524,http://linked.data.gov.au/dataset/asgsed3/DZN/112136677,0.0952093825292,0.000313864495004,3.2511,372821.6,6346016.1,151.6383701,-33.0168991,core,112136677
112136678,111011213,Valentine - Eleebana,1,New South Wales,AUS,Australia,2.416,http://linked.data.gov.au/dataset/asgsed3/DZN/112136678,0.079487464647,0.000233159952791,2.4153,374034.7,6347036.8,151.6514954,-33.0078359,core,112136678
112146660,111011214,Warners Bay - Boolaroo,1,New South Wales,AUS,Australia,1.5274,http://linked.data.gov.au/dataset/asgsed3/DZN/112146660,0.066572767109,0.000147362003335,1.527,374387.9,6350127.5,151.6556981,-32.9800046,core,112146660
112146661,111011214,Warners Bay - Boolaroo,1,New South Wales,AUS,Australia,2.064,http://linked.data.gov.au/dataset/asgsed3/DZN/112146661,0.0717249701413,0.000199076703221,2.0631,374615.6,6351324.9,151.6582981,-32.9692325,core,112146661
112146662,111011214,Warners Bay - Boolaroo,1,New South Wales,AUS,Australia,3.0699,http://linked.data.gov.au/dataset/asgsed3/DZN/112146662,0.0909715853497,0.000296095237385,3.0689,371730.3,6351835.6,151.6275016,-32.964292,core,112146662
112146664,111011214,Warners Bay - Boolaroo,1,New South Wales,AUS,Australia,2.7094,http://linked.data.gov.au/dataset/asgsed3/DZN/112146664,0.0724928844434,0.000261271718787,2.7084,371725.3,6353754.8,151.6277161,-32.9469846,core,112146664
112146665,111011214,Warners Bay - Boolaroo,1,New South Wales,AUS,Australia,0.5654,http://linked.data.gov.au/dataset/asgsed3/DZN/112146665,0.0380774860538,5.4516230383e-05,0.565,374575.3,6352050.3,151.6579657,-32.9626866,core,112146665
112146666,111011214,Warners Bay - Boolaroo,1,New South Wales,AUS,Australia,2.6039,http://linked.data.gov.au/dataset/asgsed3/DZN/112146666,0.0674529690422,0.000251149235404,2.603,373244.1,6351703.9,151.6436778,-32.9656566,core,112146666
112156577,111021215,Bolton Point - Teralba,1,New South Wales,AUS,Australia,3.1933,http://linked.data.gov.au/dataset/asgsed3/DZN/112156577,0.101756524236,0.000308074897468,3.1921,370115.0,6348832.1,151.609798,-32.9911861,core,112156577
112156578,111021215,Bolton Point - Teralba,1,New South Wales,AUS,Australia,3.304,http://linked.data.gov.au/dataset/asgsed3/DZN/112156578,0.0865571917214,0.000318729862826,3.3028,368675.5,6349555.6,151.5944986,-32.9844885,core,112156578
112156579,111021215,Bolton Point - Teralba,1,New South Wales,AUS,Australia,2.1749,http://linked.data.gov.au/dataset/asgsed3/DZN/112156579,0.0818413047845,0.000209767442184,2.1739,369813.0,6350708.3,151.6068329,-32.9742308,core,112156579
112156580,111021215,Bolton Point - Teralba,1,New South Wales,AUS,Australia,13.2976,http://linked.data.gov.au/dataset/asgsed3/DZN/112156580,0.201555506421,0.00128228943079,13.2927,368847.9,6353286.1,151.5968752,-32.9508695,core,112156580
112166611,111021216,Bonnells Bay - Silverwater,1,New South Wales,AUS,Australia,4.2927,http://linked.data.gov.au/dataset/asgsed3/DZN/112166611,0.139324753405,0.000414673218478,4.291,362399.1,6335154.4,151.52518,-33.1135747,core,112166611
112166612,111021216,Bonnells Bay - Silverwater,1,New South Wales,AUS,Australia,5.8666,http://linked.data.gov.au/dataset/asgsed3/DZN/112166612,0.147403241606,0.000566706608773,5.8645,364859.0,6336171.5,151.5516885,-33.1047131,core,112166612
112176561,111021217,Edgeworth - Cameron Park,1,New South Wales,AUS,Australia,2.3654,http://linked.data.gov.au/dataset/asgsed3/DZN/112176561,0.0872885815062,0.000228022000895,2.3643,369934.5,6356091.9,151.6088926,-32.9256969,core,112176561
112176562,111021217,Edgeworth - Cameron Park,1,New South Wales,AUS,Australia,4.907,http://linked.data.gov.au/dataset/asgsed3/DZN/112176562,0.110666480739,0.000473007092892,4.905,372313.1,6356989.8,151.6344511,-32.91788,core,112176562
112176563,111021217,Edgeworth - Cameron Park,1,New South Wales,AUS,Australia,1.4282,http://linked.data.gov.au/dataset/asgsed3/DZN/112176563,0.0671362114867,0.0001376466956,1.4274,370751.4,6356949.9,151.6177482,-32.9180564,core,112176563
112176564,111021217,Edgeworth - Cameron Park,1,New South Wales,AUS,Australia,6.9072,http://linked.data.gov.au/dataset/asgsed3/DZN/112176564,0.125335685968,0.000665751329958,6.9047,369958.1,6358396.6,151.6094707,-32.9049161,core,112176564
112186539,111021218,Morisset - Cooranbong,1,New South Wales,AUS,Australia,49.2366,http://linked.data.gov.au/dataset/asgsed3/DZN/112186539,0.436314408826,0.00475976824345,49.2222,356646.6,6328523.4,151.4625009,-33.172621,core,112186539
112186540,111021218,Morisset - Cooranbong,1,New South Wales,AUS,Australia,52.2585,http://linked.data.gov.au/dataset/asgsed3/DZN/112186540,0.357956969728,0.00504938065285,52.2448,353359.0,6333106.4,151.4279888,-33.1308571,core,112186540
112186541,111021218,Morisset - Cooranbong,1,New South Wales,AUS,Australia,4.4881,http://linked.data.gov.au/dataset/asgsed3/DZN/112186541,0.134516932511,0.00043376327126,4.4869,360676.7,6331391.3,151.5061503,-33.1472876,core,112186541
112186542,111021218,Morisset - Cooranbong,1,New South Wales,AUS,Australia,15.3853,http://linked.data.gov.au/dataset/asgsed3/DZN/112186542,0.21485067023,0.00148655070523,15.3803,359604.2,6333281.5,151.4949456,-33.1301048,core,112186542
112186543,111021218,Morisset - Cooranbong,1,New South Wales,AUS,Australia,11.6294,http://linked.data.gov.au/dataset/asgsed3/DZN/112186543,0.189730533469,0.0011233558782,11.6259,358540.9,6335876.7,151.4839523,-33.1065654,core,112186543
112186544,111021218,Morisset - Cooranbong,1,New South Wales,AUS,Australia,76.4391,http://linked.data.gov.au/dataset/asgsed3/DZN/112186544,0.528384148928,0.0073798221496,76.42,348590.2,6342156.9,151.3783841,-33.0485967,core,112186544
112186545,111021218,Morisset - Cooranbong,1,New South Wales,AUS,Australia,8.4571,http://linked.data.gov.au/dataset/asgsed3/DZN/112186545,0.173243868929,0.000816691945433,8.4546,356657.4,6339213.0,151.4642952,-33.0762356,core,112186545
112186546,111021218,Morisset - Cooranbong,1,New South Wales,AUS,Australia,10.2566,http://linked.data.gov.au/dataset/asgsed3/DZN/112186546,0.228323769182,0.000990433778976,10.2533,359136.6,6339406.8,151.4908782,-33.074812,core,112186546
112186547,111021218,Morisset - Cooranbong,1,New South Wales,AUS,Australia,15.4589,http://linked.data.gov.au/dataset/asgsed3/DZN/112186547,0.198143007175,0.00149261685559,15.4538,362503.9,6340391.4,151.527091,-33.0663648,core,112186547
112186548,111021218,Morisset - Cooranbong,1,New South Wales,AUS,Australia,86.9111,http://linked.data.gov.au/dataset/asgsed3/DZN/112186548,0.579157570068,0.00838711375986,86.8847,357638.0,6346197.8,151.4758835,-33.0133814,core,112186548
112196593,111021219,Toronto - Awaba,1,New South Wales,AUS,Australia,25.5866,http://linked.data.gov.au/dataset/asgsed3/DZN/112196593,0.314731279882,0.00246927618588,25.5781,363596.6,6345582.6,151.5395663,-33.0196918,core,112196593
112196594,111021219,Toronto - Awaba,1,New South Wales,AUS,Australia,2.3535,http://linked.data.gov.au/dataset/asgsed3/DZN/112196594,0.0947394493457,0.000227184021876,2.3528,370161.9,6344057.4,151.6096244,-33.034248,core,112196594
112196595,111021219,Toronto - Awaba,1,New South Wales,AUS,Australia,5.5913,http://linked.data.gov.au/dataset/asgsed3/DZN/112196595,0.152918851045,0.00053962011014,5.5894,367459.2,6345502.3,151.5808986,-33.0208927,core,112196595
112196596,111021219,Toronto - Awaba,1,New South Wales,AUS,Australia,1.9605,http://linked.data.gov.au/dataset/asgsed3/DZN/112196596,0.0827756431335,0.000189189980914,1.9599,368595.6,6346852.4,151.593257,-33.0088555,core,112196596
112196597,111021219,Toronto - Awaba,1,New South Wales,AUS,Australia,2.1207,http://linked.data.gov.au/dataset/asgsed3/DZN/112196597,0.0811752857596,0.000204616899048,2.1197,367089.6,6346861.8,151.5771395,-33.0085881,core,112196597
112196598,111021219,Toronto - Awaba,1,New South Wales,AUS,Australia,6.05,http://linked.data.gov.au/dataset/asgsed3/DZN/112196598,0.160213936698,0.000583674462889,6.0477,366817.6,6348572.1,151.5744766,-32.9931323,core,112196598
112200001,111021220,Wangi Wangi - Rathmines,1,New South Wales,AUS,Australia,6.877,http://linked.data.gov.au/dataset/asgsed3/DZN/112200001,0.173609891976,0.000663839656934,6.8745,367458.0,6342912.3,151.5805118,-33.044248,core,112200001
112200002,111021220,Wangi Wangi - Rathmines,1,New South Wales,AUS,Australia,1.9836,http://linked.data.gov.au/dataset/asgsed3/DZN/112200002,0.070092993951,0.000191510925565,1.9829,366983.4,6341379.6,151.5752078,-33.058011,core,112200002
112206625,111021220,Wangi Wangi - Rathmines,1,New South Wales,AUS,Australia,4.3108,http://linked.data.gov.au/dataset/asgsed3/DZN/112206625,0.208025938206,0.000416281255999,4.3093,367915.7,6339908.5,151.584979,-33.0713908,core,112206625
112216524,111021221,West Wallsend - Barnsley - Killingworth,1,New South Wales,AUS,Australia,59.9529,http://linked.data.gov.au/dataset/asgsed3/DZN/112216524,0.546046143541,0.00578014208056,59.9317,363904.1,6355236.9,151.5442869,-32.9326727,core,112216524
112216525,111021221,West Wallsend - Barnsley - Killingworth,1,New South Wales,AUS,Australia,3.5268,http://linked.data.gov.au/dataset/asgsed3/DZN/112216525,0.0983162248361,0.000339987090702,3.5253,367786.6,6355641.4,151.5858618,-32.9295018,core,112216525
112216526,111021221,West Wallsend - Barnsley - Killingworth,1,New South Wales,AUS,Australia,9.0616,http://linked.data.gov.au/dataset/asgsed3/DZN/112216526,0.149885600106,0.000873429175275,9.0582,366790.3,6357756.8,151.575514,-32.9103048,core,112216526
112226923,111031222,Adamstown - Kotara,1,New South Wales,AUS,Australia,2.3146,http://linked.data.gov.au/dataset/asgsed3/DZN/112226923,0.089918163363,0.00022317380755,2.3134,379397.2,6353968.6,151.7097997,-32.9459305,core,112226923
112226924,111031222,Adamstown - Kotara,1,New South Wales,AUS,Australia,2.181,http://linked.data.gov.au/dataset/asgsed3/DZN/112226924,0.0702598875506,0.000210318848387,2.1801,377894.5,6353757.6,151.693699,-32.9476665,core,112226924
112226925,111031222,Adamstown - Kotara,1,New South Wales,AUS,Australia,1.094,http://linked.data.gov.au/dataset/asgsed3/DZN/112226925,0.0551462250693,0.000105475250629,1.0934,380203.8,6353945.2,151.7184235,-32.946231,core,112226925
112226926,111031222,Adamstown - Kotara,1,New South Wales,AUS,Australia,2.4286,http://linked.data.gov.au/dataset/asgsed3/DZN/112226926,0.0875646937998,0.000234182445748,2.4277,381455.2,6354735.8,151.7319103,-32.9392375,core,112226926
112236790,111031223,Beresfield - Hexham,1,New South Wales,AUS,Australia,51.4671,http://linked.data.gov.au/dataset/asgsed3/DZN/112236790,0.402600676769,0.00495652656137,51.4461,374118.4,6366967.3,151.6551133,-32.8281122,core,112236790
112236791,111031223,Beresfield - Hexham,1,New South Wales,AUS,Australia,5.8994,http://linked.data.gov.au/dataset/asgsed3/DZN/112236791,0.124332908113,0.000567956032433,5.897,372715.6,6369716.8,151.6405072,-32.8031551,core,112236791
112236792,111031223,Beresfield - Hexham,1,New South Wales,AUS,Australia,1.8908,http://linked.data.gov.au/dataset/asgsed3/DZN/112236792,0.0681104113114,0.000182029490426,1.8902,374282.0,6370852.8,151.6573874,-32.7930907,core,112236792
112246939,111031224,Hamilton - Broadmeadow,1,New South Wales,AUS,Australia,0.9086,http://linked.data.gov.au/dataset/asgsed3/DZN/112246939,0.0487399051207,8.76347657733e-05,0.9085,382791.9,6355441.5,151.746296,-32.9330176,core,112246939
112246940,111031224,Hamilton - Broadmeadow,1,New South Wales,AUS,Australia,0.9888,http://linked.data.gov.au/dataset/asgsed3/DZN/112246940,0.0484770435345,9.53278234941e-05,0.9883,383618.1,6355969.7,151.7551983,-32.9283426,core,112246940
112246941,111031224,Hamilton - Broadmeadow,1,New South Wales,AUS,Australia,1.7112,http://linked.data.gov.au/dataset/asgsed3/DZN/112246941,0.0762122392176,0.000164936299526,1.7101,381983.8,6356474.8,151.7377856,-32.9236116,core,112246941
112246942,111031224,Hamilton - Broadmeadow,1,New South Wales,AUS,Australia,1.4077,http://linked.data.gov.au/dataset/asgsed3/DZN/112246942,0.0664210813836,0.000135701243096,1.407,381053.1,6356391.3,151.7278238,-32.9242636,core,112246942
112246943,111031224,Hamilton - Broadmeadow,1,New South Wales,AUS,Australia,0.7108,http://linked.data.gov.au/dataset/asgsed3/DZN/112246943,0.0379053055958,6.85171924722e-05,0.7104,382965.7,6356431.3,151.7482805,-32.9241098,core,112246943
112246944,111031224,Hamilton - Broadmeadow,1,New South Wales,AUS,Australia,1.0191,http://linked.data.gov.au/dataset/asgsed3/DZN/112246944,0.0453205144684,9.82327077325e-05,1.0186,381822.2,6357607.4,151.7362036,-32.91338,core,112246944
112256872,111031225,Lambton - New Lambton,1,New South Wales,AUS,Australia,3.4062,http://linked.data.gov.au/dataset/asgsed3/DZN/112256872,0.101047146223,0.000328392111306,3.4046,378888.9,6355278.5,151.7045349,-32.9340618,core,112256872
112256873,111031225,Lambton - New Lambton,1,New South Wales,AUS,Australia,1.5104,http://linked.data.gov.au/dataset/asgsed3/DZN/112256873,0.0700725677938,0.000145631106969,1.5099,379834.7,6356024.7,151.7147474,-32.9274362,core,112256873
112256874,111031225,Lambton - New Lambton,1,New South Wales,AUS,Australia,2.3862,http://linked.data.gov.au/dataset/asgsed3/DZN/112256874,0.0824800191139,0.000230016084918,2.3851,377831.7,6357040.8,151.693463,-32.9180516,core,112256874
112256875,111031225,Lambton - New Lambton,1,New South Wales,AUS,Australia,1.0183,http://linked.data.gov.au/dataset/asgsed3/DZN/112256875,0.054674579688,9.81662090065e-05,1.0179,379694.1,6356840.3,151.7133497,-32.9200661,core,112256875
112256876,111031225,Lambton - New Lambton,1,New South Wales,AUS,Australia,0.874,http://linked.data.gov.au/dataset/asgsed3/DZN/112256876,0.0484859897476,8.42557360365e-05,0.8737,378459.7,6357463.1,151.700234,-32.9143125,core,112256876
112256877,111031225,Lambton - New Lambton,1,New South Wales,AUS,Australia,1.3534,http://linked.data.gov.au/dataset/asgsed3/DZN/112256877,0.0573217465653,0.00013045178646,1.3527,379754.5,6357471.3,151.7140787,-32.9143823,core,112256877
112266805,111031226,Maryland - Fletcher - Minmi,1,New South Wales,AUS,Australia,14.5145,http://linked.data.gov.au/dataset/asgsed3/DZN/112266805,0.206854924165,0.00139844477324,14.5085,372359.4,6361710.8,151.6355995,-32.8753121,core,112266805
112266806,111031226,Maryland - Fletcher - Minmi,1,New South Wales,AUS,Australia,2.7489,http://linked.data.gov.au/dataset/asgsed3/DZN/112266806,0.0835608770754,0.000264882957764,2.7478,375272.4,6360795.7,151.6666069,-32.8839,core,112266806
112276890,111031227,Mayfield - Warabrook,1,New South Wales,AUS,Australia,0.9717,http://linked.data.gov.au/dataset/asgsed3/DZN/112276890,0.0399032071902,9.36225875714e-05,0.9709,381995.0,6358754.3,151.7381972,-32.903056,core,112276890
112276891,111031227,Mayfield - Warabrook,1,New South Wales,AUS,Australia,1.5412,http://linked.data.gov.au/dataset/asgsed3/DZN/112276891,0.0501781677394,0.000148542812891,1.5406,382640.8,6359295.2,151.7451699,-32.8982469,core,112276891
112276892,111031227,Mayfield - Warabrook,1,New South Wales,AUS,Australia,0.8487,http://linked.data.gov.au/dataset/asgsed3/DZN/112276892,0.0386739440552,8.1805223108e-05,0.8485,381165.4,6359540.3,151.7294305,-32.8958779,core,112276892
112276893,111031227,Mayfield - Warabrook,1,New South Wales,AUS,Australia,0.7272,http://linked.data.gov.au/dataset/asgsed3/DZN/112276893,0.0323496262779,7.00748406104e-05,0.7268,381739.9,6359970.2,151.7356258,-32.8920628,core,112276893
112276894,111031227,Mayfield - Warabrook,1,New South Wales,AUS,Australia,2.3399,http://linked.data.gov.au/dataset/asgsed3/DZN/112276894,0.0685846926385,0.000225454929646,2.3386,380008.1,6360717.8,151.7172121,-32.8851319,core,112276894
112276895,111031227,Mayfield - Warabrook,1,New South Wales,AUS,Australia,1.1085,http://linked.data.gov.au/dataset/asgsed3/DZN/112276895,0.0533752941742,0.000106809840901,1.108,380668.7,6361258.1,151.724343,-32.8803314,core,112276895
112286972,111031228,Merewether - The Junction,1,New South Wales,AUS,Australia,3.8686,http://linked.data.gov.au/dataset/asgsed3/DZN/112286972,0.109078704872,0.000373063511225,3.8669,382056.7,6353363.2,151.7381668,-32.9516809,core,112286972
112286973,111031228,Merewether - The Junction,1,New South Wales,AUS,Australia,1.6175,http://linked.data.gov.au/dataset/asgsed3/DZN/112286973,0.0764694861901,0.000155951748354,1.6166,381931.7,6354291.8,151.7369495,-32.9432928,core,112286973
112286974,111031228,Merewether - The Junction,1,New South Wales,AUS,Australia,0.9829,http://linked.data.gov.au/dataset/asgsed3/DZN/112286974,0.0512881697146,9.47791834997e-05,0.9825,383866.1,6354286.2,151.7576375,-32.9435513,core,112286974
112286975,111031228,Merewether - The Junction,1,New South Wales,AUS,Australia,0.7774,http://linked.data.gov.au/dataset/asgsed3/DZN/112286975,0.0452692382335,7.49192451841e-05,0.7767,383738.4,6355040.2,151.7563673,-32.9367374,core,112286975
112297001,111031229,Newcastle - Cooks Hill,1,New South Wales,AUS,Australia,0.6558,http://linked.data.gov.au/dataset/asgsed3/DZN/112297001,0.0390561181793,6.32253863372e-05,0.6554,384976.8,6354854.6,151.7695878,-32.9385427,core,112297001
112297002,111031229,Newcastle - Cooks Hill,1,New South Wales,AUS,Australia,0.8229,http://linked.data.gov.au/dataset/asgsed3/DZN/112297002,0.045292461574,7.93281976148e-05,0.8224,385767.7,6355417.8,151.7781172,-32.933546,core,112297002
112297003,111031229,Newcastle - Cooks Hill,1,New South Wales,AUS,Australia,0.5625,http://linked.data.gov.au/dataset/asgsed3/DZN/112297003,0.0342351461958,5.42502801228e-05,0.5624,384454.9,6355449.3,151.7640809,-32.9331242,core,112297003
112297004,111031229,Newcastle - Cooks Hill,1,New South Wales,AUS,Australia,0.2601,http://linked.data.gov.au/dataset/asgsed3/DZN/112297004,0.0226763560918,2.50899670064e-05,0.2601,384863.0,6355644.6,151.7684699,-32.9314059,core,112297004
112297005,111031229,Newcastle - Cooks Hill,1,New South Wales,AUS,Australia,0.7609,http://linked.data.gov.au/dataset/asgsed3/DZN/112297005,0.0630309743394,7.33451578826e-05,0.7604,384793.2,6356030.1,151.7677713,-32.9279217,core,112297005
112297006,111031229,Newcastle - Cooks Hill,1,New South Wales,AUS,Australia,0.6604,http://linked.data.gov.au/dataset/asgsed3/DZN/112297006,0.0691136994775,6.36562362097e-05,0.66,386890.9,6356461.2,151.7902569,-32.9242538,core,112297006
112297007,111031229,Newcastle - Cooks Hill,1,New South Wales,AUS,Australia,0.2546,http://linked.data.gov.au/dataset/asgsed3/DZN/112297007,0.0228760537375,2.45658881534e-05,0.2547,385912.3,6356019.1,151.7797377,-32.9281391,core,112297007
112306908,111031230,Newcastle Port - Kooragang,1,New South Wales,AUS,Australia,0.7165,http://linked.data.gov.au/dataset/asgsed3/DZN/112306908,0.0781460526548,6.90718580199e-05,0.7162,385018.9,6357438.0,151.7703613,-32.915249,core,112306908
112306909,111031230,Newcastle Port - Kooragang,1,New South Wales,AUS,Australia,5.0344,http://linked.data.gov.au/dataset/asgsed3/DZN/112306909,0.11760811034,0.000485161467949,5.0321,383750.1,6359821.2,151.7570951,-32.8936223,core,112306909
112306910,111031230,Newcastle Port - Kooragang,1,New South Wales,AUS,Australia,25.108,http://linked.data.gov.au/dataset/asgsed3/DZN/112306910,0.313737109346,0.00241885315606,25.0964,382602.4,6362674.9,151.7451893,-32.8677641,core,112306910
112316837,111031231,Shortland - Jesmond,1,New South Wales,AUS,Australia,1.2627,http://linked.data.gov.au/dataset/asgsed3/DZN/112316837,0.0546887783237,0.000121724429902,1.2624,377879.5,6358757.7,151.6942018,-32.9025729,core,112316837
112316838,111031231,Shortland - Jesmond,1,New South Wales,AUS,Australia,3.0937,http://linked.data.gov.au/dataset/asgsed3/DZN/112316838,0.107122879198,0.000298111521988,3.0923,376942.1,6360643.0,151.6844316,-32.8854662,core,112316838
112316839,111031231,Shortland - Jesmond,1,New South Wales,AUS,Australia,2.8784,http://linked.data.gov.au/dataset/asgsed3/DZN/112316839,0.0800300478852,0.000277383059841,2.8772,378660.5,6360680.8,151.702804,-32.8853176,core,112316839
112316840,111031231,Shortland - Jesmond,1,New South Wales,AUS,Australia,1.6428,http://linked.data.gov.au/dataset/asgsed3/DZN/112316840,0.0636097763986,0.000158307719004,1.6423,377612.6,6361445.2,151.6917051,-32.8783068,core,112316840
112316841,111031231,Shortland - Jesmond,1,New South Wales,AUS,Australia,0.8571,http://linked.data.gov.au/dataset/asgsed3/DZN/112316841,0.0404306521266,8.25878493501e-05,0.8568,379211.9,6361617.0,151.7088195,-32.876935,core,112316841
112316842,111031231,Shortland - Jesmond,1,New South Wales,AUS,Australia,2.9739,http://linked.data.gov.au/dataset/asgsed3/DZN/112316842,0.0990481130875,0.000286502635447,2.9725,378327.9,6362817.1,151.69953,-32.8660149,core,112316842
112326988,111031232,Stockton - Fullerton Cove,1,New South Wales,AUS,Australia,30.5131,http://linked.data.gov.au/dataset/asgsed3/DZN/112326988,0.348861361158,0.00293925946852,30.4977,388419.0,6362473.8,151.8073241,-32.870185,core,112326988
112330001,111031233,Wallsend - Elermore Vale,1,New South Wales,AUS,Australia,1.1218,http://linked.data.gov.au/dataset/asgsed3/DZN/112330001,0.0548251064046,0.000108136083847,1.1214,376126.9,6358004.1,151.6753645,-32.9091721,core,112330001
112330002,111031233,Wallsend - Elermore Vale,1,New South Wales,AUS,Australia,1.1928,http://linked.data.gov.au/dataset/asgsed3/DZN/112330002,0.0548404812918,0.00011496100278,1.1922,377002.0,6357755.4,151.6846872,-32.9115136,core,112330002
112336819,111031233,Wallsend - Elermore Vale,1,New South Wales,AUS,Australia,1.874,http://linked.data.gov.au/dataset/asgsed3/DZN/112336819,0.0646732044395,0.000180612412107,1.8728,376538.0,6356709.9,151.6795861,-32.9208902,core,112336819
112336820,111031233,Wallsend - Elermore Vale,1,New South Wales,AUS,Australia,3.2878,http://linked.data.gov.au/dataset/asgsed3/DZN/112336820,0.0852020539687,0.000316882469672,3.286,374497.1,6357272.7,151.657841,-32.9155821,core,112336820
112336822,111031233,Wallsend - Elermore Vale,1,New South Wales,AUS,Australia,11.6646,http://linked.data.gov.au/dataset/asgsed3/DZN/112336822,0.174090164969,0.0011241452733,11.6598,372800.5,6359400.1,151.6399944,-32.8962014,core,112336822
112336823,111031233,Wallsend - Elermore Vale,1,New South Wales,AUS,Australia,0.9997,http://linked.data.gov.au/dataset/asgsed3/DZN/112336823,0.0590216834228,9.6346943643e-05,0.9992,375880.0,6358871.6,151.672842,-32.9013213,core,112336823
112336824,111031233,Wallsend - Elermore Vale,1,New South Wales,AUS,Australia,1.3793,http://linked.data.gov.au/dataset/asgsed3/DZN/112336824,0.0672063664788,0.000132910590503,1.3785,376479.1,6359368.6,151.6793123,-32.8969065,core,112336824
112346855,111031234,Waratah - North Lambton,1,New South Wales,AUS,Australia,1.1887,http://linked.data.gov.au/dataset/asgsed3/DZN/112346855,0.0523487904338,0.000114585912399,1.1883,380142.5,6358023.4,151.718298,-32.9094459,core,112346855
112346856,111031234,Waratah - North Lambton,1,New South Wales,AUS,Australia,0.7673,http://linked.data.gov.au/dataset/asgsed3/DZN/112346856,0.0348747255302,7.39540602948e-05,0.7669,381444.3,6358230.1,151.7322435,-32.9077237,core,112346856
112346857,111031234,Waratah - North Lambton,1,New South Wales,AUS,Australia,0.7955,http://linked.data.gov.au/dataset/asgsed3/DZN/112346857,0.0379075864005,7.66772893194e-05,0.7952,378864.5,6358443.3,151.7046904,-32.9055178,core,112346857
112346858,111031234,Waratah - North Lambton,1,New South Wales,AUS,Australia,1.296,http://linked.data.gov.au/dataset/asgsed3/DZN/112346858,0.0652981810959,0.000124878593423,1.2952,379323.5,6359178.4,151.709694,-32.8989398,core,112346858
112346859,111031234,Waratah - North Lambton,1,New South Wales,AUS,Australia,1.0665,http://linked.data.gov.au/dataset/asgsed3/DZN/112346859,0.0486164844907,0.000102793858504,1.0661,380563.2,6359003.5,151.7229237,-32.9006528,core,112346859
112350001,111031235,Wickham - Carrington - Tighes Hill,1,New South Wales,AUS,Australia,1.3839,http://linked.data.gov.au/dataset/asgsed3/DZN/112350001,0.0747672294654,0.000133389949161,1.3831,383278.0,6357260.5,151.7517248,-32.9166652,core,112350001
112350002,111031235,Wickham - Carrington - Tighes Hill,1,New South Wales,AUS,Australia,0.49,http://linked.data.gov.au/dataset/asgsed3/DZN/112350002,0.036310009254,4.72397762718e-05,0.4899,383802.9,6357687.7,151.7573906,-32.9128679,core,112350002
112356958,111031235,Wickham - Carrington - Tighes Hill,1,New South Wales,AUS,Australia,0.7137,http://linked.data.gov.au/dataset/asgsed3/DZN/112356958,0.0467286745418,6.88039597671e-05,0.7135,384492.2,6357601.0,151.7647494,-32.9137233,core,112356958
112356959,111031235,Wickham - Carrington - Tighes Hill,1,New South Wales,AUS,Australia,0.9673,http://linked.data.gov.au/dataset/asgsed3/DZN/112356959,0.0596173338644,9.32462790533e-05,0.967,382889.3,6358189.0,151.7476867,-32.9082497,core,112356959
112995784,115031299,Bilpin - Colo - St Albans,1,New South Wales,AUS,Australia,2114.7668,http://linked.data.gov.au/dataset/asgsed3/DZN/112995784,4.0671244282,0.204652616744,2115.3144,297472.4,6314965.6,150.8251582,-33.2853746,external,112995784
116140001,106021614,East Maitland - Metford,1,New South Wales,AUS,Australia,12.9374,http://linked.data.gov.au/dataset/asgsed3/DZN/116140001,0.211406028695,0.00124519797775,12.9329,366144.8,6373170.0,151.5708423,-32.7712333,core,116140001
116140002,106021614,East Maitland - Metford,1,New South Wales,AUS,Australia,1.3508,http://linked.data.gov.au/dataset/asgsed3/DZN/116140002,0.059607564949,0.000130001714377,1.3503,370220.2,6373263.8,151.6143575,-32.7708759,core,116140002
116140003,106021614,East Maitland - Metford,1,New South Wales,AUS,Australia,1.7893,http://linked.data.gov.au/dataset/asgsed3/DZN/116140003,0.0620459591905,0.000172222158505,1.789,367791.6,6373812.6,151.5885122,-32.7656373,core,116140003
116140004,106021614,East Maitland - Metford,1,New South Wales,AUS,Australia,2.0502,http://linked.data.gov.au/dataset/asgsed3/DZN/116140004,0.084144363928,0.000197299315972,2.0495,369562.4,6374242.1,151.6074733,-32.7619751,core,116140004
116140005,106021614,East Maitland - Metford,1,New South Wales,AUS,Australia,1.4714,http://linked.data.gov.au/dataset/asgsed3/DZN/116140005,0.0573435341727,0.000141573081202,1.4708,368294.3,6375184.8,151.5940719,-32.7533234,core,116140005
116140006,106021614,East Maitland - Metford,1,New South Wales,AUS,Australia,1.1173,http://linked.data.gov.au/dataset/asgsed3/DZN/116140006,0.0525482090948,0.000107486218985,1.1167,367145.5,6375175.7,151.5818113,-32.7532665,core,116140006
116140007,106021614,East Maitland - Metford,1,New South Wales,AUS,Australia,0.9598,http://linked.data.gov.au/dataset/asgsed3/DZN/116140007,0.0471832059762,9.23393141945e-05,0.9594,366953.2,6376086.4,151.5798894,-32.745031,core,116140007
116150001,106021615,Rutherford (North) - Aberglasslyn,1,New South Wales,AUS,Australia,21.9023,http://linked.data.gov.au/dataset/asgsed3/DZN/116150001,0.245672343893,0.002106513256,21.8962,355210.2,6379375.4,151.4550966,-32.7138898,core,116150001
116150002,106021615,Rutherford (North) - Aberglasslyn,1,New South Wales,AUS,Australia,12.7296,http://linked.data.gov.au/dataset/asgsed3/DZN/116150002,0.190469202841,0.00122408632823,12.7247,363973.5,6380892.4,151.5487954,-32.7013272,core,116150002
116150003,106021615,Rutherford (North) - Aberglasslyn,1,New South Wales,AUS,Australia,1.1942,http://linked.data.gov.au/dataset/asgsed3/DZN/116150003,0.0441514744402,0.000114840717226,1.1936,363028.8,6379384.3,151.5384976,-32.7148099,core,116150003
116150004,106021615,Rutherford (North) - Aberglasslyn,1,New South Wales,AUS,Australia,1.1879,http://linked.data.gov.au/dataset/asgsed3/DZN/116150004,0.0594787961412,0.000114249726826,1.1875,362219.3,6379723.0,151.5299128,-32.7116542,core,116150004
116150005,106021615,Rutherford (North) - Aberglasslyn,1,New South Wales,AUS,Australia,2.3945,http://linked.data.gov.au/dataset/asgsed3/DZN/116150005,0.0821132169547,0.0002303041888,2.394,361447.7,6380288.5,151.5217669,-32.7064584,core,116150005
116150006,106021615,Rutherford (North) - Aberglasslyn,1,New South Wales,AUS,Australia,96.7241,http://linked.data.gov.au/dataset/asgsed3/DZN/116150006,0.503178756953,0.00929691989523,96.6955,357299.0,6385842.1,151.4783662,-32.6558486,core,116150006
116160001,106021616,Rutherford (South) - Telarah,1,New South Wales,AUS,Australia,14.5748,http://linked.data.gov.au/dataset/asgsed3/DZN/116160001,0.25867762475,0.00140231957436,14.5706,356241.8,6375778.0,151.4655444,-32.7464645,core,116160001
116160002,106021616,Rutherford (South) - Telarah,1,New South Wales,AUS,Australia,22.8189,http://linked.data.gov.au/dataset/asgsed3/DZN/116160002,0.273861733818,0.00219501281396,22.8117,359095.4,6378302.9,151.4963766,-32.7240655,core,116160002
116160003,106021616,Rutherford (South) - Telarah,1,New South Wales,AUS,Australia,1.9091,http://linked.data.gov.au/dataset/asgsed3/DZN/116160003,0.0651216738618,0.000183665208199,1.9087,362452.0,6378067.9,151.5321504,-32.7266091,core,116160003
116170001,106021617,Tenambit - East Maitland,1,New South Wales,AUS,Australia,3.5606,http://linked.data.gov.au/dataset/asgsed3/DZN/116170001,0.107760093543,0.000342574695026,3.5591,369293.1,6375802.4,151.6048181,-32.7478727,core,116170001
116170002,106021617,Tenambit - East Maitland,1,New South Wales,AUS,Australia,6.5489,http://linked.data.gov.au/dataset/asgsed3/DZN/116170002,0.15702807027,0.000629975063658,6.5464,368614.5,6377619.6,151.5978328,-32.7314042,core,116170002
116170003,106021617,Tenambit - East Maitland,1,New South Wales,AUS,Australia,2.1628,http://linked.data.gov.au/dataset/asgsed3/DZN/116170003,0.0726065088195,0.000208070945201,2.162,369687.4,6376955.3,151.609188,-32.7375228,core,116170003
116170004,106021617,Tenambit - East Maitland,1,New South Wales,AUS,Australia,5.0095,http://linked.data.gov.au/dataset/asgsed3/DZN/116170004,0.137451395995,0.000481885672638,5.0074,371068.6,6377669.8,151.6240243,-32.7312417,core,116170004
116180001,106021618,Thornton - Millers Forest,1,New South Wales,AUS,Australia,41.1231,http://linked.data.gov.au/dataset/asgsed3/DZN/116180001,0.364418073477,0.0039570372652,41.1054,376623.6,6374940.5,151.6829323,-32.7564921,core,116180001
116180002,106021618,Thornton - Millers Forest,1,New South Wales,AUS,Australia,5.3632,http://linked.data.gov.au/dataset/asgsed3/DZN/116180002,0.0968684861939,0.000516062338074,5.3612,371508.1,6375158.5,151.6283662,-32.7539404,core,116180002
116180003,106021618,Thornton - Millers Forest,1,New South Wales,AUS,Australia,8.2122,http://linked.data.gov.au/dataset/asgsed3/DZN/116180003,0.154499907271,0.000790507815709,8.2089,371602.7,6371290.7,151.6288417,-32.7888315,core,116180003
116180004,106021618,Thornton - Millers Forest,1,New South Wales,AUS,Australia,8.3979,http://linked.data.gov.au/dataset/asgsed3/DZN/116180004,0.136196820816,0.000808254572913,8.3947,373331.5,6372832.8,151.6475097,-32.7751259,core,116180004
