the_geom,cartodb_id,the_geom_webmercator,record_id,station_key,station_id,name,road_name,full_name,common_road_name,secondary_name,road_name_base,road_name_type,intersection,distance_to_intersection,road_number,link_number,mab_way_type,mab_way_number,mab_identifier,road_functional_hierarchy,road_on_type,lane_count,road_classification_type,road_classification_admin,rms_region,lga,suburb,post_code,device_type,heavy_vehicle_checking_station,permanent_station,vehicle_classifier,lambert_easting,lambert_northing,wgs84_latitude,wgs84_longitude,direction_seq,quality_rating,publish,md5,updated_on
,5557,,,15828002,7211,Lily Lane,Lily Lane,"Lily Lane, South of Fern Circuit",Lily Lane,South of Fern Circuit,Lily,Lane,Fern Circuit,40,-10,-10,,,,Local Road,OnGround,OneLane,Lane,Local,Hunter,Newcastle,Adamstown,2289.0,Tirtl,False,1,1,9740191,4524353.5,-32.940571,151.71312,7,5,True,be6e76534a9cbe57941a6971d910a6eb,2018-06-12 02:48:41.978017+00
,5561,,,56098,05622,Hanbury Street,Hanbury Street,"Hanbury Street, East of Waratah Street",Hanbury Street,East of Waratah Street,Hanbury,Street,Waratah Street,20,326,130,B,63.0,B63,Arterial Road,OnGround,TwoOrMoreLanes,Street,State,Hunter,Newcastle,Mayfield,2304.0,Trafficorder Tube Axlepair Counter,False,0,0,9742526,4528977.0,-32.897934,151.73584,9,5,True,b5b01373fb1bc06495989748e45e918b,2018-06-12 02:48:41.978017+00
,5571,,,56202,05957,Grandview Road,Grandview Road,"Grandview Road, West of Lookout Road",Grandview Road,West of Lookout Road,Grandview,Road,Lookout Road,130,-10,-10,,,,Distributor Road,OnGround,TwoOrMoreLanes,Road,Local,Hunter,Newcastle,New Lambton Heights,2305.0,Trafficorder Tube Axlepair Counter,False,0,0,9737935,4525282.5,-32.933109,151.688553,10,5,True,33c56956f8a9a90e6400e7be7eeb53c2,2018-06-12 02:48:41.978017+00
,5596,,,15370002,7213,Griffiths Road,Griffiths Road,"Griffiths Road, West of Turton Road","Griffiths.griffiths Rd, Lambton East",West of Turton Road,Griffiths,Road,Turton Road,20,82,70,A,15.0,A15,Arterial Road,OnGround,TwoOrMoreLanes,Road,State,Hunter,Newcastle,Lambton,2299.0,Tirtl,False,1,1,9741467,4527138.5,-32.914944,151.725403,3,5,True,53273f55e15b4ba3c06801d34d2e4f88,2018-06-12 02:48:41.978017+00
,5607,,,56173,05865,Hillsborough Road,Hillsborough Road,"Hillsborough Road, East of Macquarie Road",Hillsborough Road,East of Macquarie Road,Hillsborough,Road,Macquarie Road,120,674,150,B,57.0,B57,Sub-Arterial Road,OnGround,TwoOrMoreLanes,Road,State,Hunter,Lake Macquarie,Warners Bay,2282.0,Trafficorder Tube Axlepair Counter,False,0,0,9734521,4521740.0,-32.966431,151.653732,10,5,True,b7fd64f4f8297f9d6efd2ab7999ae13a,2018-06-12 02:48:41.978017+00
,5627,,,56111,05647,Richardson Road,Richardson Road,"Richardson Road, East of Adelaide Street",Richardson Road,East of Adelaide Street,Richardson,Road,Adelaide Street,50,104,117,,,,Arterial Road,OnGround,TwoOrMoreLanes,Road,State,Hunter,Port Stephens,Raymond Terrace,2324.0,Trafficorder Tube Axlepair Counter,False,0,0,9745402,4544776.0,-32.754311,151.758881,10,5,True,880f3fc584441e1c4143d6ab65f7cc9f,2018-06-12 02:48:41.978017+00
,5643,,,15934005,T0293,Pacific Highway,Pacific Highway Hvcs,"Pacific Highway, West of Twelve Mile Creek Road","Pacific.pacific Highway, Raymond Terrace",West of Twelve Mile Creek Road,Pacific,Highway,Twelve Mile Creek Road,720,10,1810,A,1.0,A1,Primary Road,OnGround,TwoOrMoreLanes,Highway,State,Hunter,Port Stephens,Twelve Mile Creek,2324.0,Tirtl,True,1,1,9754492,4555185.5,-32.656689,151.850708,5,5,True,99240e228996518b11c2c23957ba9490,2018-06-12 02:48:41.978017+00
,5645,,,55761,05056,William Bailey Street,William Bailey Street,"William Bailey Street, North of Adelaide Street",William Bailey Street,North of Adelaide Street,William Bailey,Street,Adelaide Street,110,104,130,,,,Arterial Road,OnGround,TwoOrMoreLanes,Street,State,Hunter,Port Stephens,Raymond Terrace,2324.0,Trafficorder Tube Axlepair Counter,False,0,0,9744539,4544299.0,-32.758965,151.749908,10,5,True,ee84cd52fcf7df80d6ff3a786c0ba569,2018-06-12 02:48:41.978017+00
,5648,,,55740,05030,New England Highway,New England Highway,"New England Highway, West of Oswald Road",New England Highway,West of Oswald Road,New England,Highway,Oswald Road,490,9,320,A,43.0,A43,Primary Road,OnGround,TwoOrMoreLanes,Highway,State,Hunter,Maitland,Harpers Hill,2321.0,Trafficorder Tube Axlepair Counter,False,0,1,9713871,4551388.0,-32.707191,151.419418,9,5,True,83089debbeecfa5fa04664d17d3c9d87,2018-06-12 02:48:41.978017+00
,5676,,,55763,05057,New England Highway,New England Highway,"New England Highway, North of Enterprise Drive",New England Highway,North of Enterprise Drive,New England,Highway,Enterprise Drive,460,9,113,A,43.0,A43,Primary Road,OnGround,TwoOrMoreLanes,Highway,State,Hunter,Newcastle,Beresfield,2322.0,Trafficorder Tube Axlepair Counter,False,0,1,9734048,4540067.0,-32.801376,151.639969,9,5,True,893b957ce20bc707eff90b312eca88a5,2018-06-12 02:48:41.978017+00
,5689,,,56057,05543,Vincent Street,Vincent Street,"Vincent Street, North of Edward Street",Vincent Street,North of Edward Street,Vincent,Street,Edward Street,60,220,160,B,82.0,B82,Arterial Road,OnGround,TwoOrMoreLanes,Street,State,Hunter,Cessnock,Cessnock,2325.0,Trafficorder Tube Axlepair Counter,False,0,0,9707418,4537711.5,-32.832958,151.356674,9,5,True,613239f4bdf9c77a965efe357000acc0,2018-06-12 02:48:41.978017+00
,5691,,,55922,05279,Maitland Road,Maitland Road,"Maitland Road, North of Daniel Street",Maitland Road,North of Daniel Street,Maitland,Road,Daniel Street,30,464,70,,,,Primary Road,OnGround,TwoOrMoreLanes,Road,Regional,Hunter,Newcastle,Islington,2296.0,Trafficorder Tube Axlepair Counter,False,0,0,9743667,4526882.5,-32.916351,151.749054,9,5,True,0870e1cbfac29a524aa63129ff526c6f,2018-06-12 02:48:41.978017+00
,5707,,,56207,05977,T C Frith Avenue,T C Frith Avenue,"T C Frith Avenue, North of Seventh Street",Five Islands Road,North of Seventh Street,T C Frith,Avenue,Seventh Street,90,217,325,B,53.0,B53,Arterial Road,OnGround,TwoOrMoreLanes,Road,State,Hunter,Lake Macquarie,Boolaroo,2284.0,Trafficorder Tube Axlepair Counter,False,0,0,9731294,4523277.0,-32.953861,151.618484,9,5,True,48175a23c365ffe387fada7dc4d5b93d,2018-06-12 02:48:41.978017+00
,5718,,,55881,05209,Hannell Street,Hannell Street,"Hannell Street, North of Greenway Street","Hannell.hannell St, Wickham",North of Greenway Street,Hannell,Street,Greenway Street,60,316,95,A,43.0,A43,Arterial Road,OnGround,TwoOrMoreLanes,Street,State,Hunter,Newcastle,Wickham,2293.0,Trafficorder Loop Counter,False,1,0,9744606,4526530.0,-32.919144,151.759262,9,4,True,c368755aef5568b504ef99b142481261,2018-06-12 02:48:41.978017+00
,5731,,,55977,05394,Nelson Bay Road,Nelson Bay Road,"Nelson Bay Road, North of Nineteenth Avenue",Nelson Bay Road,North of Nineteenth Avenue,Nelson Bay,Road,Nineteenth Avenue,140,108,80,B,63.0,B63,Arterial Road,OnGround,TwoOrMoreLanes,Road,State,Hunter,Port Stephens,Fern Bay,2295.0,Trafficorder Tube Axlepair Counter,False,0,1,9748537,4532924.0,-32.859875,151.798142,9,5,True,f4f8a033ef5f5b1eab46f7ddacdb5418,2018-06-12 02:48:41.978017+00
,5737,,,99990015,HEXBUCHW-PR,Hunter Expressway,Hunter Expressway,"Hunter Expressway, South of John Renshaw Drive",Hunter.hunter Expressway,South of John Renshaw Drive,Hunter,Expressway,John Renshaw Drive,960,6011,60,M,15.0,M15,Motorway,OnGround,TwoOrMoreLanes,Expressway,State,Hunter,Cessnock,Buchanan,2323.0,Tirtl,False,1,1,9724400,4536689.0,-32.835659,151.538528,10,5,True,380762906d0dbbe5e1115a1fec6d811b,2018-06-12 02:48:41.978017+00
,5740,,,56146,05694,John Renshaw Drive,John Renshaw Drive,"John Renshaw Drive, East of Hunter Expressway",John Renshaw Drive,East of Hunter Expressway,John Renshaw,Drive,Hunter Expressway,400,588,35,B,68.0,B68,Arterial Road,OnGround,TwoOrMoreLanes,Drive,Local,Hunter,Cessnock,Buchanan,2323.0,Trafficorder Tube Axlepair Counter,False,0,1,9724114,4537499.5,-32.828461,151.535095,10,5,True,ba44ddb2153f3f84e4f7d731d7380dcf,2018-06-12 02:48:41.978017+00
,5741,,,55760,05055,New England Highway,New England Highway,"New England Highway, East of Woodlands Close","New England.new England Highway, Hexham",East of Woodlands Close,New England,Highway,Woodlands Close,400,9,105,A,43.0,A43,Primary Road,OnGround,TwoOrMoreLanes,Highway,State,Hunter,Newcastle,Tarro,2322.0,Trafficorder Loop Counter,False,1,0,9737154,4538917.5,-32.81049,151.673676,9,4,True,1bc2ef840b33f33f9e3c57610e28b1d3,2018-06-12 02:48:41.978017+00
,5776,,,55767,05062,New England Highway,New England Highway,"New England Highway, West of Denton Park Drive",New England Highway,West of Denton Park Drive,New England,Highway,Denton Park Drive,30,9,305,A,43.0,A43,Primary Road,OnGround,TwoOrMoreLanes,Highway,State,Hunter,Maitland,Rutherford,2320.0,Trafficorder Tube Axlepair Counter,False,0,1,9722927,4550603.0,-32.710777,151.516357,9,5,True,d3d4ec6a76b02253defd51f01a199bb9,2018-06-12 02:48:41.978017+00
,5777,,,55949,05315,Newcastle Road,Newcastle Road,"Newcastle Road, South of Dent Street",Newcastle Road,South of Dent Street,Newcastle,Road,Dent Street,10,82,110,A,37.0,A37,Arterial Road,OnGround,TwoOrMoreLanes,Road,State,Hunter,Newcastle,Lambton,2299.0,Trafficorder Tube Axlepair Counter,False,0,0,9739599,4527871.5,-32.909092,151.705093,10,5,True,befad006912a0aacf2607d05daef760a,2018-06-12 02:48:41.978017+00
,5789,,,56113,05648,Richardson Road,Richardson Road,"Richardson Road, West of Medowie Road",Richardson Road,West of Medowie Road,Richardson,Road,Medowie Road,1100,104,117,,,,Arterial Road,OnGround,TwoOrMoreLanes,Road,State,Hunter,Port Stephens,Campvale,2318.0,Trafficorder Tube Axlepair Counter,False,0,1,9753726,4542755.0,-32.769081,151.848694,10,5,True,6c8e47df9b11e042d007515c782da0c9,2018-06-12 02:48:41.978017+00
,5823,,,55777,05095,Pacific Motorway,Pacific Motorway,"Pacific Motorway, West of George Booth Drive","Sydney-Newcastle Freeway, Seahampton.sydney-Newcastle Freeway, Seahampton",West of George Booth Drive,Pacific,Motorway,George Booth Drive,250,6003,1360,M,1.0,M1,Motorway,OnGround,TwoOrMoreLanes,Motorway,State,Hunter,Lake Macquarie,West Wallsend,2286.0,Trafficorder Loop Counter,False,1,0,9728410,4529966.5,-32.894691,151.584503,9,4,True,aaac62566b864e56ac7e4cd5a2e672c7,2018-06-12 02:48:41.978017+00
,5837,,,56053,05540,Wine Country Drive,Wine Country Drive,"Wine Country Drive, North of Lomas Lane",Wine Country Drive,North of Lomas Lane,Wine Country,Drive,Lomas Lane,90,220,180,B,82.0,B82,Arterial Road,OnGround,TwoOrMoreLanes,Drive,Local,Hunter,Cessnock,Nulkaba,2325.0,Trafficorder Tube Axlepair Counter,False,0,1,9706873,4542214.5,-32.792561,151.348862,9,5,True,c5a1874794dd4ba54085d07c606e9e2c,2018-06-12 02:48:41.978017+00
,5846,,,56205,05962,Nelson Bay Road,Nelson Bay Road,"Nelson Bay Road, East of Greenleaf Road","Fullerton.fullerton Rd, Kooragang",East of Greenleaf Road,Nelson Bay,Road,Greenleaf Road,310,108,70,B,63.0,B63,Arterial Road,OnBridge,TwoOrMoreLanes,Road,State,Hunter,Newcastle,Kooragang,2304.0,Trafficorder Dual Tube Classifier,False,1,0,9747332,4530231.5,-32.884647,151.786591,9,4,True,48cc891aba302df1a2bcaa1e83ceaaf9,2018-06-12 02:48:41.978017+00
,5879,,,56071,05568,Main Road,Main Road,"Main Road, West of Kelton Street",Main Road,West of Kelton Street,Main,Road,Kelton Street,30,223,130,,,,Arterial Road,OnGround,TwoOrMoreLanes,Road,Regional,Hunter,Lake Macquarie,Cardiff,2285.0,Trafficorder Tube Axlepair Counter,False,0,0,9735069,4524701.0,-32.93951,151.658188,10,5,True,7f70387fa4b9b7feec8c44cb484fde4e,2018-06-12 02:48:41.978017+00
,5920,,,55779,05096,Awaba Road,Awaba Road,"Awaba Road, East of Grattoir Place","Awaba.awaba Rd, Toronto",East of Grattoir Place,Awaba,Road,Grattoir Place,140,220,20,,,,Arterial Road,OnGround,TwoOrMoreLanes,Road,State,Hunter,Lake Macquarie,Toronto,2283.0,Trafficorder Loop Counter,False,1,0,9726472,4517945.0,-33.003853,151.569412,10,4,True,834f2e7e3b474097d0619ae12d521ce4,2018-06-12 02:48:41.978017+00
,5922,,,55906,05255,Pacific Highway,Pacific Highway,"Pacific Highway, South of Capri Close",Pacific Highway,South of Capri Close,Pacific,Highway,Capri Close,60,10,1310,A,43.0,A43,Primary Road,OnGround,TwoOrMoreLanes,Highway,State,Hunter,Lake Macquarie,Belmont South,2280.0,Trafficorder Tube Axlepair Counter,False,0,0,9734303,4512860.5,-33.046574,151.65564,9,5,True,504ee5ec1bd6d8cab77c205acb4f100f,2018-06-12 02:48:41.978017+00
,5931,,,55947,05314,Croudace Street,Croudace Street,"Croudace Street, North of Howe Street",Croudace Street,North of Howe Street,Croudace,Street,Howe Street,30,23,920,A,37.0,A37,Arterial Road,OnGround,TwoOrMoreLanes,Street,State,Hunter,Newcastle,Lambton,2299.0,Trafficorder Tube Axlepair Counter,False,0,0,9739534,4527446.0,-32.912956,151.704605,9,5,True,6d3b90f45cf7870160b14719a328d58a,2018-06-12 02:48:41.978017+00
,5932,,,55909,05261,Pacific Highway,Pacific Highway,"Pacific Highway, South of Warners Bay Road",Pacific Highway,South of Warners Bay Road,Pacific,Highway,Warners Bay Road,40,10,1410,A,43.0,A43,Primary Road,OnGround,TwoOrMoreLanes,Highway,State,Hunter,Lake Macquarie,Charlestown,2290.0,Trafficorder Tube Axlepair Counter,False,0,0,9738068,4521121.5,-32.970573,151.691971,9,5,True,82ffdc4fd3ae63e7e774181d3018412d,2018-06-12 02:48:41.978017+00
,5973,,,56075,05570,Main Road,Main Road,"Main Road, West of Alfred Street",Main Road,West of Alfred Street,Main,Road,Alfred Street,90,527,270,B,89.0,B89,Arterial Road,OnGround,TwoOrMoreLanes,Road,State,Hunter,Lake Macquarie,Glendale,2285.0,Trafficorder Tube Axlepair Counter,False,0,0,9734561,4525584.0,-32.931751,151.652329,10,5,True,36687f6b77ccdbb8489a2b07acb1773a,2018-06-12 02:48:41.978017+00
,5982,,,55865,05197,John Renshaw Drive,John Renshaw Drive,"John Renshaw Drive, East of Averys Lane",John Renshaw Drive,East of Averys Lane,John Renshaw,Drive,Averys Lane,410,588,55,B,68.0,B68,Arterial Road,OnGround,TwoOrMoreLanes,Drive,Local,Hunter,Cessnock,Buchanan,2323.0,Trafficorder Tube Axlepair Counter,False,0,1,9722471,4537400.0,-32.830002,151.517593,10,5,True,87715059ac8c30c7d931ced1fcabf320,2018-06-12 02:48:41.978017+00
,5995,,,55958,05323,Donald Street,Donald Street,"Donald Street, North of Bibby Street","Donald.donald St, Hamilton",North of Bibby Street,Donald,Street,Bibby Street,80,82,40,A,15.0,A15,Arterial Road,OnBridge,TwoOrMoreLanes,Street,State,Hunter,Newcastle,Hamilton,2303.0,Trafficorder Loop Counter,False,1,0,9742860,4526682.0,-32.918491,151.740524,10,4,True,56381f4e0d11c14e4dde8249933bbc93,2018-06-12 02:48:41.978017+00
,6010,,,56135,05674,Carnley Avenue,Carnley Avenue,"Carnley Avenue, East of Charlestown Road",Carnley Avenue,East of Charlestown Road,Carnley,Avenue,Charlestown Road,90,603,30,,,,Arterial Road,OnGround,TwoOrMoreLanes,Avenue,Regional,Hunter,Newcastle,Kotara,2289.0,Trafficorder Tube Axlepair Counter,False,0,0,9737954,4524487.5,-32.940269,151.689133,10,5,True,2e0c33e580eacea85f754d9211ec2797,2018-06-12 02:48:41.978017+00
,6015,,,56117,05650,Medowie Road,Medowie Road,"Medowie Road, South of Townsend Avenue",Medowie Road,South of Townsend Avenue,Medowie,Road,Townsend Avenue,100,518,10,,,,Arterial Road,OnGround,TwoOrMoreLanes,Road,Regional,Hunter,Port Stephens,Williamtown,2318.0,Trafficorder Tube Axlepair Counter,False,0,1,9753831,4539210.0,-32.800995,151.851578,9,5,True,2ff90f3cb381a4a52a370f5f520a49c4,2018-06-12 02:48:41.978017+00
,6023,,,55938,05304,Newcastle Inner City Bypass,Newcastle Inner City Bypass,"Newcastle Inner City Bypass, West of Teal Court",Charleston Bypass,West of Teal Court,Newcastle Inner City,Bypass,Teal Court,160,23,810,A,37.0,A37,Arterial Road,OnGround,TwoOrMoreLanes,Bypass,State,Hunter,Lake Macquarie,Hillsborough,2290.0,Trafficorder Tube Axlepair Counter,False,0,1,9736623,4521157.5,-32.970833,151.676498,9,5,True,4a4893a1390d6384df2ca7ec62d42fbd,2018-06-12 02:48:41.978017+00
,6027,,,55980,05400,Nelson Bay Road,Nelson Bay Road,"Nelson Bay Road, East of Gan Gan Road",Nelson Bay Road,East of Gan Gan Road,Nelson Bay,Road,Gan Gan Road,1290,108,140,B,63.0,B63,Arterial Road,OnGround,TwoOrMoreLanes,Road,State,Hunter,Port Stephens,Anna Bay,2316.0,Trafficorder Tube Axlepair Counter,False,0,1,9775996,4542360.5,-32.763077,152.086517,10,5,True,a86c457f01628a578e0eb33176f4692d,2018-06-12 02:48:41.978017+00
,6033,,,56097,05616,The Esplanade,The Esplanade,"The Esplanade, West of Albert Street",The Esplanade,West of Albert Street,The Esplanade,,Albert Street,100,674,170,B,57.0,B57,Arterial Road,OnGround,TwoOrMoreLanes,,State,Hunter,Lake Macquarie,Speers Point,2284.0,Trafficorder Tube Axlepair Counter,False,0,0,9731719,4521978.5,-32.965401,151.623657,10,5,True,2dff1427e052f097e97abc737fb6a27c,2018-06-12 02:48:41.978017+00
,6066,,,55908,05259,Pacific Highway,Pacific Highway,"Pacific Highway, South of Oakdale Road",Pacific Highway,South of Oakdale Road,Pacific,Highway,Oakdale Road,50,10,1397,A,43.0,A43,Primary Road,OnGround,TwoOrMoreLanes,Highway,State,Hunter,Lake Macquarie,Gateshead,2290.0,Trafficorder Tube Axlepair Counter,False,0,0,9737893,4519077.0,-32.989079,151.691086,9,5,True,323829660aad7b12317f5fd44a6d1170,2018-06-12 02:48:41.978017+00
,6071,,,55839,05150,Raymond Terrace Road,Raymond Terrace Road,"Raymond Terrace Road, West of Dockyard Road","Raymond Terrace.raymond Terrace Rd, Millers Forest",West of Dockyard Road,Raymond Terrace,Road,Dockyard Road,120,104,170,,,,Arterial Road,OnGround,TwoOrMoreLanes,Road,State,Hunter,Maitland,Millers Forest,2324.0,Trafficorder Loop Counter,False,1,0,9742265,4545149.0,-32.752235,151.72522,10,4,True,33683d422e5ccb22e5e73b304cac9a69,2018-06-12 02:48:41.978017+00
,6077,,,56181,05903,Griffiths Road,Griffiths Road,"Griffiths Road, South of Acacia Avenue",Griffiths Road,South of Acacia Avenue,Griffiths,Road,Acacia Avenue,70,82,90,A,15.0,A15,Arterial Road,OnGround,TwoOrMoreLanes,Road,State,Hunter,Newcastle,Lambton,2299.0,Trafficorder Tube Axlepair Counter,False,0,0,9740608,4527721.0,-32.910042,151.715942,10,5,True,6d85635bcc8fb18bac9dd3cd55e590a6,2018-06-12 02:48:41.978017+00
,6082,,,56064,05560,Lambton Road,Lambton Road,"Lambton Road, East of Bridges Road",Lambton Road,East of Bridges Road,Lambton,Road,Bridges Road,10,223,20,,,,Arterial Road,OnGround,TwoOrMoreLanes,Road,Regional,Hunter,Newcastle,Broadmeadow,2292.0,Trafficorder Tube Axlepair Counter,False,0,0,9741252,4526226.5,-32.923252,151.723557,10,5,True,788b3282b69ad9b5fb98dd78d157cc01,2018-06-12 02:48:41.978017+00
,6089,,,55765,05058,New England Highway,New England Highway,"New England Highway, East of Avalon Drive",New England Highway,East of Avalon Drive,New England,Highway,Avalon Drive,20,9,116,A,43.0,A43,Primary Road,OnGround,TwoOrMoreLanes,Highway,State,Hunter,Maitland,Thornton,2322.0,Trafficorder Tube Axlepair Counter,False,0,1,9732822,4541690.0,-32.787231,151.626114,1,5,True,d1f033e4fd235ccbc0a4fcc1cfa75082,2018-06-12 02:48:41.978017+00
,6095,,,55856,05191,Nelson Bay Road,Nelson Bay Road,"Nelson Bay Road, North of Moxey Close","Nelson Bay.nelson Bay Rd, Williamtown",North of Moxey Close,Nelson Bay,Road,Moxey Close,70,108,100,B,63.0,B63,Arterial Road,OnGround,TwoOrMoreLanes,Road,State,Hunter,Port Stephens,Williamtown,2318.0,Trafficorder Loop Counter,False,1,0,9753047,4537876.0,-32.813347,151.843857,9,4,True,aa58792a0b8d7255bb2309dd71cb871a,2018-06-12 02:48:41.978017+00
,6101,,,56079,05573,George Booth Drive,George Booth Drive,"George Booth Drive, West of Northville Drive",Main Road,West of Northville Drive,George Booth,Drive,Northville Drive,100,527,312,B,89.0,B89,Arterial Road,OnGround,TwoOrMoreLanes,Road,State,Hunter,Lake Macquarie,Edgeworth,2285.0,Trafficorder Tube Axlepair Counter,False,0,0,9730549,4526737.0,-32.922962,151.608902,10,5,True,71abc04381d90ccd2f60ee508dc0bba0,2018-06-12 02:48:41.978017+00
,6111,,,56120,05652,Medowie Road,Medowie Road,"Medowie Road, South of Euwylong Close",Medowie Road,South of Euwylong Close,Medowie,Road,Euwylong Close,80,518,30,,,,Arterial Road,OnGround,TwoOrMoreLanes,Road,Regional,Hunter,Port Stephens,Ferodale,2318.0,Trafficorder Tube Axlepair Counter,False,0,1,9753351,4553157.0,-32.675453,151.839539,10,5,True,8df4ff502c03f0cbe6867c4235374de3,2018-06-12 02:48:41.978017+00
,6161,,,15334011,HEX1,Hunter Expressway,Hunter Expressway,"Hunter Expressway, East of Sawyers Gully Road",Hunter.hunter Expressway,East of Sawyers Gully Road,Hunter,Expressway,Sawyers Gully Road,830,6011,160,M,15.0,M15,Motorway,OnGround,TwoOrMoreLanes,Expressway,State,Hunter,Cessnock,Sawyers Gully,2326.0,Tirtl,False,1,1,9716677,4544112.0,-32.771721,151.452652,7,5,True,ba61d3d1dec04568d4b5a5335ce994f4,2018-06-12 02:48:41.978017+00
,6200,,,55943,05309,Charlestown Road,Charlestown Road,"Charlestown Road, North of Carnley Avenue",Charlestown Road,North of Carnley Avenue,Charlestown,Road,Carnley Avenue,100,23,860,A,37.0,A37,Arterial Road,OnGround,TwoOrMoreLanes,Road,State,Hunter,Newcastle,New Lambton Heights,2305.0,Trafficorder Tube Axlepair Counter,False,0,0,9737906,4524551.5,-32.939713,151.688599,1,5,True,9d2227e500141d8af7efeb12201fb949,2018-06-12 02:48:41.978017+00
,6209,,,55826,05140,Newcastle Street,Newcastle Street,"Newcastle Street, South of Emerald Street","New England.new England Highway, East Maitland",South of Emerald Street,Newcastle,Street,Emerald Street,50,9,150,A,43.0,A43,Local Road,OnGround,TwoOrMoreLanes,Highway,State,Hunter,Maitland,East Maitland,2323.0,Trafficorder Loop Counter,False,1,0,9728789,4546456.0,-32.745865,151.580826,10,4,True,776cafdc1e62770da487258fe720acd0,2018-06-12 02:48:41.978017+00
,6212,,,55879,05208,Lake Road,Lake Road,"Lake Road, North of T C Frith Avenue","Lake.lake Rd, Cockle Creek",North of T C Frith Avenue,Lake,Road,T C Frith Avenue,130,217,340,B,53.0,B53,Arterial Road,OnGround,TwoOrMoreLanes,Road,State,Hunter,Lake Macquarie,Argenton,2284.0,Trafficorder Loop Counter,False,1,0,9731929,4524623.5,-32.941467,151.624649,9,5,True,7b89a0b0614132cd74c310264420366d,2018-06-12 02:48:41.978017+00
,6222,,,55847,05166,Charlestown Road,Charlestown Road,"Charlestown Road, West of Stuart Street",Charlestown Road,West of Stuart Street,Charlestown,Road,Stuart Street,50,674,100,B,57.0,B57,Arterial Road,OnGround,TwoOrMoreLanes,Road,State,Hunter,Lake Macquarie,Charlestown,2290.0,Trafficorder Tube Axlepair Counter,False,0,0,9738481,4522173.0,-32.96093,151.695877,10,5,True,b2fecf7c2c7db9ad2b8ee85b6c0c2754,2018-06-12 02:48:41.978017+00
,6223,,,55993,05442,St James Road,St James Road,"St James Road, North of Glebe Road",St James Road,North of Glebe Road,St James,Road,Glebe Road,60,188,70,,,,Arterial Road,OnGround,TwoOrMoreLanes,Road,Regional,Hunter,Newcastle,New Lambton,2305.0,Trafficorder Tube Axlepair Counter,False,0,0,9740910,4525141.5,-32.933174,151.720428,10,5,True,56dffc165dde9661684326618eb52a4c,2018-06-12 02:48:41.978017+00
,6251,,,56086,05590,Tomago Road,Tomago Road,"Tomago Road, North of Old Punt Road",Cabbage Tree Road,North of Old Punt Road,Tomago,Road,Old Punt Road,180,302,25,,,,Arterial Road,OnGround,TwoOrMoreLanes,Road,State,Hunter,Port Stephens,Tomago,2322.0,Trafficorder Tube Axlepair Counter,False,0,1,9739505,4537682.5,-32.820675,151.699371,10,5,True,96563ee014f20aa6c4eab269bb604165,2018-06-12 02:48:41.978017+00
,6258,,,56145,05693,Myall Road,Myall Road,"Myall Road, West of Prospect Road",Myall Road,West of Prospect Road,Myall,Road,Prospect Road,100,7769,10,,,,Distributor Road,OnGround,TwoOrMoreLanes,Road,Regional,Hunter,Lake Macquarie,Garden Suburb,2289.0,Trafficorder Tube Axlepair Counter,False,0,0,9737321,4523609.0,-32.948448,151.682785,10,5,True,f10959bd90f75654377901620ceb579a,2018-06-12 02:48:41.978017+00
,6268,,,55952,05320,Sandgate Road,Sandgate Road,"Sandgate Road, North of Vale Street",Sandgate Road,North of Vale Street,Sandgate,Road,Vale Street,30,-10,-10,,,,Arterial Road,OnGround,TwoOrMoreLanes,Road,Local,Hunter,Newcastle,Shortland,2307.0,Trafficorder Loop Counter,False,1,0,9738771,4530188.5,-32.888538,151.695129,9,4,True,2ae0be80fffbee8467bc65f6ff80955c,2018-06-12 02:48:41.978017+00
,6275,,,56142,05683,John Renshaw Drive,John Renshaw Drive,"John Renshaw Drive, West of Kullara Close",John Renshaw Drive,West of Kullara Close,John Renshaw,Drive,Kullara Close,570,588,16,B,68.0,B68,Arterial Road,OnGround,TwoOrMoreLanes,Drive,State,Hunter,Newcastle,Beresfield,2322.0,Trafficorder Loop Counter,False,1,0,9732832,4538547.5,-32.815563,151.627701,10,4,True,929daaaf6c5228c19cf3a6bf2cca83f3,2018-06-12 02:48:41.978017+00
,6297,,,56208,05979,Industrial Drive,Industrial Drive,"Industrial Drive, West of Werribi Street",Industrial Drive,West of Werribi Street,Industrial,Drive,Werribi Street,90,316,220,A,43.0,A43,Local Road,OnGround,TwoOrMoreLanes,Drive,State,Hunter,Newcastle,Mayfield West,2304.0,Trafficorder Tube Axlepair Counter,False,0,0,9741780,4530341.0,-32.885941,151.727203,10,5,True,524075f9bcec03004f26b2a03becc388,2018-06-12 02:48:41.978017+00
,6304,,,56206,05976,Five Islands Road,Five Islands Road,"Five Islands Road, North of Anzac Parade",Five Islands Road,North of Anzac Parade,Five Islands,Road,Anzac Parade,100,217,300,B,53.0,B53,Arterial Road,OnGround,TwoOrMoreLanes,Road,State,Hunter,Lake Macquarie,Teralba,2284.0,Trafficorder Tube Axlepair Counter,False,0,0,9730267,4522051.0,-32.965328,151.608093,9,5,True,ac8fc1dcd28acb8f3f5f18b89738e064,2018-06-12 02:48:41.978017+00
,6322,,,55874,05205,Belford Street,Belford Street,"Belford Street, North of Dixon Street","Belford.belford St, Broadmeadow",North of Dixon Street,Belford,Street,Dixon Street,50,604,30,,,,Arterial Road,OnGround,TwoOrMoreLanes,Street,Regional,Hunter,Newcastle,Broadmeadow,2292.0,Trafficorder Loop Counter,False,1,0,9742911,4526074.5,-32.923946,151.741364,10,4,True,77e37c637ab67d4386b9f40443aa733d,2018-06-12 02:48:41.978017+00
,6355,,,56162,05842,Tourle Street,Tourle Street,"Tourle Street, East of Mcintosh Drive",Tourle Street,East of Mcintosh Drive,Tourle,Street,Mcintosh Drive,310,108,15,B,63.0,B63,Arterial Road,OnGround,TwoOrMoreLanes,Street,State,Hunter,Newcastle,Mayfield West,2304.0,Excel Lpl,False,1,1,9742322,4530812.5,-32.88147,151.732773,9,5,True,b007c12309267259942c58a43993ab0e,2018-06-12 02:48:41.978017+00
,6376,,,55885,05211,Warners Bay Road,Warners Bay Road,"Warners Bay Road, West of Wilsons Road",Warners Bay Road,West of Wilsons Road,Warners Bay,Road,Wilsons Road,70,325,230,,,,Local Road,OnGround,TwoOrMoreLanes,Road,Regional,Hunter,Lake Macquarie,Mount Hutton,2290.0,Trafficorder Loop Counter,False,1,0,9735779,4519907.0,-32.982449,151.668076,10,4,True,8de36edbd63ef6f617d214db978a9e5f,2018-06-12 02:48:41.978017+00
,6390,,,56127,05657,King Street,King Street,"King Street, East of John Street",King Street,East of John Street,King,Street,John Street,20,527,200,B,89.0,B89,Arterial Road,OnGround,TwoOrMoreLanes,Street,State,Hunter,Lake Macquarie,Warners Bay,2282.0,Trafficorder Tube Axlepair Counter,False,0,0,9733832,4520795.0,-32.975227,151.64682,9,5,True,cefde3b3d8db0587897ea9452f89d2be,2018-06-12 02:48:41.978017+00
,6397,,,55710,05001,Pacific Highway,Pacific Highway,"Pacific Highway, West of Tomago Road","Pacific.pacific Highway, Hexham",West of Tomago Road,Pacific,Highway,Tomago Road,380,10,1710,A,1.0,A1,Primary Road,OnGround,TwoOrMoreLanes,Highway,State,Hunter,Port Stephens,Tomago,2322.0,Trafficorder Loop Counter,False,1,0,9738908,4537987.5,-32.818165,151.692841,9,4,True,109f58b923dcedc3c0ce4b367f99a65e,2018-06-12 02:48:41.978017+00
,6409,,,55923,05283,Maitland Road,Maitland Road,"Maitland Road, North of Kerr Street",Maitland Road,North of Kerr Street,Maitland,Road,Kerr Street,30,464,150,,,,Primary Road,OnGround,TwoOrMoreLanes,Road,Regional,Hunter,Newcastle,Mayfield,2304.0,Trafficorder Tube Axlepair Counter,False,0,0,9742554,4529083.5,-32.896961,151.736084,9,5,True,25bb5d75b99839f2f1c20c5d5a022562,2018-06-12 02:48:41.978017+00
,6418,,,15934014,T0482,Pacific Highway,Pacific Highway,"Pacific Highway, West of Twelve Mile Creek Road","Pacific.pacific Highway, Raymond Terrace",West of Twelve Mile Creek Road,Pacific,Highway,Twelve Mile Creek Road,450,10,1810,A,1.0,A1,Primary Road,OnGround,TwoOrMoreLanes,Highway,State,Hunter,Port Stephens,Twelve Mile Creek,2324.0,Tirtl,False,1,1,9754726,4555316.0,-32.655415,151.853134,5,5,True,7dc406ed95bec222dac8cd7c46acd85f,2018-06-12 02:48:41.978017+00
,6431,,,55758,05052,Maitland Road,Maitland Road,"Maitland Road, West of Galleghan Street",Maitland Road,West of Galleghan Street,Maitland,Road,Galleghan Street,370,10,1705,A,43.0,A43,Primary Road,OnGround,TwoOrMoreLanes,Road,Local,Hunter,Newcastle,Hexham,2322.0,Trafficorder Tube Axlepair Counter,False,0,1,9738198,4536445.5,-32.832359,151.686005,9,5,True,326fa846447e2b2da5e7372f9d76ee7e,2018-06-12 02:48:41.978017+00
,6442,,,56077,05571,Main Road,Main Road,"Main Road, East of Fairleigh Street","Main.main Rd, Glendale",East of Fairleigh Street,Main,Road,Fairleigh Street,70,527,280,B,89.0,B89,Arterial Road,OnGround,TwoOrMoreLanes,Road,State,Hunter,Lake Macquarie,Glendale,2285.0,Trafficorder Loop Counter,False,1,0,9733529,4525973.5,-32.928658,151.641113,10,5,True,abccd3e9578e25592d8bf3486aad0769,2018-06-12 02:48:41.978017+00
,6454,,,55869,05201,Pacific Highway,Pacific Highway,"Pacific Highway, South of Smart Street","Pacific.pacific Highway, Charlestown",South of Smart Street,Pacific,Highway,Smart Street,10,10,1440,A,43.0,A43,Primary Road,OnGround,TwoOrMoreLanes,Highway,State,Hunter,Lake Macquarie,Charlestown,2290.0,Trafficorder Loop Counter,False,1,0,9738463,4521875.0,-32.963619,151.695831,9,4,True,a275332c2239652a8b414c7602a5b14c,2018-06-12 02:48:41.978017+00
,6460,,,56073,05569,Main Road,Main Road,"Main Road, South of Sturt Road",Main Road,South of Sturt Road,Main,Road,Sturt Road,60,527,250,B,89.0,B89,Arterial Road,OnGround,TwoOrMoreLanes,Road,State,Hunter,Lake Macquarie,Cardiff,2285.0,Trafficorder Tube Axlepair Counter,False,0,0,9735007,4524783.5,-32.938793,151.657486,9,5,True,e80a70e000d6e49689eb33baeb14cab1,2018-06-12 02:48:41.978017+00
,6493,,,56140,05682,John Renshaw Drive,John Renshaw Drive,"John Renshaw Drive, South of New England Highway",John Renshaw Drive,South of New England Highway,John Renshaw,Drive,New England Highway,340,588,10,A,1.0,A1,Arterial Road,OnGround,TwoOrMoreLanes,Drive,State,Hunter,Newcastle,Beresfield,2322.0,Trafficorder Tube Axlepair Counter,False,0,0,9734379,4539014.5,-32.810734,151.643997,7,5,True,8cc9bdd20cc32cba021d02fc8c91e6a7,2018-06-12 02:48:41.978017+00
,6510,,,56183,05906,Mitchell Avenue,Mitchell Avenue,"Mitchell Avenue, East of Tenth Street",Mitchell Avenue,East of Tenth Street,Mitchell,Avenue,Tenth Street,120,7766,10,,,,Distributor Road,OnGround,TwoOrMoreLanes,Avenue,Regional,Hunter,Cessnock,Kurri Kurri,2327.0,Trafficorder Tube Axlepair Counter,False,0,0,9717892,4540264.5,-32.805946,151.467377,10,5,True,45b18adc88511c928e0158d7d0a9e8b8,2018-06-12 02:48:41.978017+00
,6542,,,55918,05274,Parry Street,Parry Street,"Parry Street, South of Wood Street",Parry Street,South of Wood Street,Parry,Street,Wood Street,60,82,8,A,15.0,A15,Local Road,OnGround,TwoOrMoreLanes,Street,State,Hunter,Newcastle,Newcastle West,2302.0,Trafficorder Tube Axlepair Counter,False,0,0,9744404,4525739.0,-32.926353,151.757492,10,5,True,629098c8dbcf5b1dd290835b28c068b4,2018-06-12 02:48:41.978017+00
,6545,,,55915,05269,City Road,City Road,"City Road, West of Railway Street",City Road,West of Railway Street,City,Road,Railway Street,30,10,1515,A,43.0,A43,Primary Road,OnGround,TwoOrMoreLanes,Road,State,Hunter,Newcastle,Merewether,2291.0,Trafficorder Tube Axlepair Counter,False,0,0,9743402,4524422.0,-32.938641,151.747421,9,5,True,8680e8e0ef38d9779d69624860c5ad82,2018-06-12 02:48:41.978017+00
,6546,,,56196,05945,Minmi Road,Minmi Road,"Minmi Road, South of Newcastle Link Road",Mimmi Road,South of Newcastle Link Road,Minmi,Road,Newcastle Link Road,110,7771,10,,,,Distributor Road,OnGround,TwoOrMoreLanes,Road,Regional,Hunter,Lake Macquarie,Cameron Park,2285.0,Trafficorder Tube Axlepair Counter,False,0,1,9731917,4528813.0,-32.903702,151.622528,9,5,True,15e62e1a984df263dca9a2eb1858700b,2018-06-12 02:48:41.978017+00
,6577,,,56211,05984,Turton Road,Turton Road,"Turton Road, South of Womboin Road",Turton Road,South of Womboin Road,Turton,Road,Womboin Road,120,326,60,B,63.0,B63,Arterial Road,OnGround,TwoOrMoreLanes,Road,State,Hunter,Newcastle,New Lambton,2305.0,Trafficorder Tube Axlepair Counter,False,0,0,9741437,4526943.5,-32.916714,151.725189,9,5,True,74ad0aedaaf986e9d7436471510d70e7,2018-06-12 02:48:41.978017+00
,6586,,,15828003,7212,Stewart Avenue,Stewart Avenue,"Stewart Avenue, South of Parry Street","Stewart.stewart Ave, Hamilton South",South of Parry Street,Stewart,Avenue,Parry Street,30,10,1525,A,43.0,A43,Primary Road,OnGround,TwoOrMoreLanes,Avenue,State,Hunter,Newcastle,Hamilton East,2303.0,Tirtl,False,1,1,9744441,4525665.0,-32.92701,151.757919,1,5,True,888541f8dd91f5c69ed2f38a7cbf1ac2,2018-06-12 02:48:41.978017+00
,6592,,,55870,05202,Maitland Road,Maitland Road,"Maitland Road, North of Omara Street","Maitland.maitland Rd, Tighes Hill",North of Omara Street,Maitland,Road,Omara Street,20,464,90,,,,Primary Road,OnGround,TwoOrMoreLanes,Road,Regional,Hunter,Newcastle,Mayfield,2304.0,Trafficorder Loop Counter,False,1,0,9743497,4528088.0,-32.905552,151.746658,9,4,True,7f9a1411200e615fc2bf0d5a2761bb44,2018-06-12 02:48:41.978017+00
,6619,,,55770,05075,Pacific Highway,Pacific Highway,"Pacific Highway, North of Orton Close",Pacific Highway,North of Orton Close,Pacific,Highway,Orton Close,280,10,1735,A,1.0,A1,Primary Road,OnGround,TwoOrMoreLanes,Highway,State,Hunter,Port Stephens,Heatherbrae,2324.0,Trafficorder Tube Axlepair Counter,False,0,1,9744408,4542103.0,-32.778816,151.749573,5,5,True,a2b8d5b0baf83e6c56aef3812055fe3e,2018-06-12 02:48:41.978017+00
,6630,,,55712,05002,Pacific Highway,Pacific Highway,"Pacific Highway, South of Nioka Place","Pacific.pacific Highway, Nords Wharf",South of Nioka Place,Pacific,Highway,Nioka Place,260,10,1267,A,43.0,A43,Primary Road,OnGround,TwoOrMoreLanes,Highway,State,Hunter,Lake Macquarie,Pinny Beach,2281.0,Trafficorder Loop Counter,False,1,0,9731566,4507010.5,-33.100418,151.629105,9,4,True,16f3ea0be84d308d9efa991151bc76fb,2018-06-12 02:48:41.978017+00
,6661,,,56191,05922,Wilkinson Avenue,Wilkinson Avenue,"Wilkinson Avenue, West of Moore Street",Wilkinson Avenue,West of Moore Street,Wilkinson,Avenue,Moore Street,50,-10,-10,,,,Distributor Road,OnGround,TwoOrMoreLanes,Avenue,Local,Hunter,Newcastle,Birmingham Gardens,2287.0,Trafficorder Tube Axlepair Counter,False,0,0,9738576,4529339.5,-32.896271,151.693451,10,5,True,c17a70bfa9e463e9d95b571aa859c8cf,2018-06-12 02:48:41.978017+00
,6671,,,56039,05520,Wollombi Road,Wollombi Road,"Wollombi Road, South of Doyle Street",Wollombi Road,South of Doyle Street,Wollombi,Road,Doyle Street,330,181,1235,,,,Arterial Road,OnGround,TwoOrMoreLanes,Road,Regional,Hunter,Cessnock,Pelton,2325.0,Trafficorder Tube Axlepair Counter,False,0,0,9703136,4533842.5,-32.869453,151.312653,10,5,True,ebf7928708cb713ca3e2d6b7396fe48e,2018-06-12 02:48:41.978017+00
,6677,,,55925,05285,Maitland Road,Maitland Road,"Maitland Road, South of Norris Avenue",Maitland Road,South of Norris Avenue,Maitland,Road,Norris Avenue,50,464,160,,,,Primary Road,OnGround,TwoOrMoreLanes,Road,Regional,Hunter,Newcastle,Mayfield West,2304.0,Trafficorder Tube Axlepair Counter,False,0,0,9741644,4529962.5,-32.889408,151.725937,10,5,True,f99a938ed26620da869ad77e915fbbec,2018-06-12 02:48:41.978017+00
,6681,,,56044,05530,Lang Street,Lang Street,"Lang Street, West of Merthyr Street",Lang Street,West of Merthyr Street,Lang,Street,Merthyr Street,110,195,100,,,,Arterial Road,OnGround,TwoOrMoreLanes,Street,State,Hunter,Cessnock,Kurri Kurri,2327.0,Trafficorder Tube Axlepair Counter,False,0,0,9719406,4538984.5,-32.816906,151.484131,10,5,True,ea1cfcae1376378d1946a8419dc39aea,2018-06-12 02:48:41.978017+00
,6701,,,56210,05981,Turton Road,Turton Road,"Turton Road, South of Crescent Road",Turton Road,South of Crescent Road,Turton,Road,Crescent Road,90,326,70,B,63.0,B63,Local Road,OnGround,TwoOrMoreLanes,Road,State,Hunter,Newcastle,Waratah,2298.0,Trafficorder Tube Axlepair Counter,False,0,0,9741522,4527260.0,-32.913822,151.725937,9,5,True,d416d61860fe3be068615f006b2a1fa1,2018-06-12 02:48:41.978017+00
,6704,,,55783,05098,Pacific Motorway,Pacific Motorway,"Pacific Motorway, West of Cessnock Road","Pacific.sydney-Newcastle Freeway, Freemans Waterhole",West of Cessnock Road,Pacific,Motorway,Cessnock Road,60,6003,1340,M,1.0,M1,Motorway,OnGround,TwoOrMoreLanes,Motorway,State,Hunter,Lake Macquarie,Freemans Waterhole,2323.0,Trafficorder Loop Counter,False,1,0,9721832,4519910.0,-32.987953,151.518845,9,4,True,1869328e82cc646982a9584215486791,2018-06-12 02:48:41.978017+00
,6707,,,56025,05507,Wangi Road,Wangi Road,"Wangi Road, North of Dorrington Road",Wangi Road,North of Dorrington Road,Wangi,Road,Dorrington Road,190,217,160,B,53.0,B53,Arterial Road,OnGround,TwoOrMoreLanes,Road,State,Hunter,Lake Macquarie,Rathmines,2283.0,Trafficorder Tube Axlepair Counter,False,0,0,9725768,4514633.0,-33.033993,151.563431,9,5,True,053078e7d842fdd1f4f5cebd23719974,2018-06-12 02:48:41.978017+00
,6710,,,55781,05097,Pacific Motorway,Pacific Motorway,"Pacific Motorway, West of Cessnock Road","Sydney-Newcastle Freeway, Freemans Waterhole.sydney-Newcastle Freeway, Freemans Waterhole",West of Cessnock Road,Pacific,Motorway,Cessnock Road,140,6003,1340,M,1.0,M1,Motorway,OnGround,TwoOrMoreLanes,Motorway,State,Hunter,Lake Macquarie,Freemans Waterhole,2323.0,Trafficorder Loop Counter,False,1,0,9721733,4519893.0,-32.988148,151.517807,9,4,True,4313c7a7ff7ecd79234273cc7b2aa56b,2018-06-12 02:48:41.978017+00
,6711,,,55876,05206,Glebe Road,Glebe Road,"Glebe Road, East of June Street","Glebe.glebe Rd, Hamilton South",East of June Street,Glebe,Road,June Street,110,188,50,,,,Arterial Road,OnGround,TwoOrMoreLanes,Road,Regional,Hunter,Newcastle,Hamilton South,2303.0,Trafficorder Loop Counter,False,1,0,9742963,4524627.5,-32.93697,151.74263,10,5,True,01edb5ee2d489997b38b0320903be008,2018-06-12 02:48:41.978017+00
,6722,,,56195,05944,Nelson Bay Road,Nelson Bay Road,"Nelson Bay Road, South of Salamander Way",Nelson Bay Road,South of Salamander Way,Nelson Bay,Road,Salamander Way,490,108,140,B,63.0,B63,Arterial Road,OnGround,TwoOrMoreLanes,Road,State,Hunter,Port Stephens,Nelson Bay,2315.0,Trafficorder Tube Axlepair Counter,False,0,1,9778790,4544440.0,-32.743103,152.115234,9,5,True,00020277b945c75e7c79db4dd82deece,2018-06-12 02:48:41.978017+00
,6736,,,55886,05213,Croudace Bay Road,Croudace Bay Road,"Croudace Bay Road, North of Belmont Crescent","Croudace Bay.croudace Bay Rd, Belmont",North of Belmont Crescent,Croudace Bay,Road,Belmont Crescent,90,527,40,B,89.0,B89,Arterial Road,OnGround,TwoOrMoreLanes,Road,State,Hunter,Lake Macquarie,Belmont,2280.0,Trafficorder Loop Counter,False,1,0,9733885,4515234.0,-33.025345,151.650024,9,5,True,41f2f92fd2ace258bdd195bb773d2ba7,2018-06-12 02:48:41.978017+00
,6764,,,56172,05864,Freyberg Street,Freyberg Street,"Freyberg Street, South of Knight Street",Carnley Avenue,South of Knight Street,Freyberg,Street,Knight Street,80,603,20,,,,Local Road,OnGround,TwoOrMoreLanes,Avenue,Regional,Hunter,Newcastle,New Lambton,2305.0,Trafficorder Tube Axlepair Counter,False,0,0,9740054,4525036.0,-32.934475,151.711319,10,5,True,d894c1b9c3d69a56ca56658d67818c9a,2018-06-12 02:48:41.978017+00
,6767,,,56144,05692,Wallsend Road,Wallsend Road,"Wallsend Road, West of Main Road",Main Road,West of Main Road,Wallsend,Road,Main Road,0,223,120,,,,Distributor Road,OnGround,TwoOrMoreLanes,Road,Regional,Hunter,Lake Macquarie,Cardiff Heights,2285.0,Trafficorder Tube Axlepair Counter,False,0,0,9736398,4525008.5,-32.936203,151.672257,9,5,True,142cdbc2dda6e14d29df66fbd3818eeb,2018-06-12 02:48:41.978017+00
,6782,,,56136,05675,University Drive,University Drive,"University Drive, East of Main Road",University Drive,East of Main Road,University,Drive,Main Road,130,605,46,,,,Arterial Road,OnGround,TwoOrMoreLanes,Drive,Local,Hunter,Newcastle,Callaghan,2308.0,Trafficorder Tube Axlepair Counter,False,0,0,9738849,4529266.0,-32.896828,151.696411,10,5,True,280e1645d0b91980522c0f2799bf2060,2018-06-12 02:48:41.978017+00
,6791,,,55913,05266,City Road,City Road,"City Road, East of Faul Street",City Road,East of Faul Street,City,Road,Faul Street,30,10,1500,A,43.0,A43,Primary Road,OnGround,TwoOrMoreLanes,Road,State,Hunter,Newcastle,Adamstown Heights,2289.0,Trafficorder Tube Axlepair Counter,False,0,0,9740677,4523184.0,-32.950916,151.718887,9,5,True,ee0f165b12d8674951a7251c2fd643f1,2018-06-12 02:48:41.978017+00
,6804,,,55888,05222,Pacific Motorway,Pacific Motorway,"Pacific Motorway, South of Hue Hue Road","Pacific.sydney-Newcastle Freeway, Warnervale",South of Hue Hue Road,Pacific,Motorway,Hue Hue Road,60,6003,1250,M,1.0,M1,Motorway,OnGround,TwoOrMoreLanes,Motorway,State,Hunter,Lake Macquarie,Wyee,2259.0,Trafficorder Loop Counter,False,1,0,9716136,4498654.5,-33.181824,151.467636,9,4,True,4d4c4f31022fbc80d09f6bbba4c4ae35,2018-06-12 02:48:41.978017+00
,6809,,,55729,05018,Pacific Motorway,Pacific Motorway,"Pacific Motorway, South of Lenaghans Drive","Pacific.sydney-Newcastle Freeway, Seahampton",South of Lenaghans Drive,Pacific,Motorway,Lenaghans Drive,280,6003,1390,M,1.0,M1,Motorway,OnGround,TwoOrMoreLanes,Motorway,State,Hunter,Newcastle,Black Hill,2322.0,Trafficorder Loop Counter,False,1,0,9733371,4537730.5,-32.822712,151.63385,9,4,True,56f65adc7bf9aea977d8734268f898a8,2018-06-12 02:48:41.978017+00
,6823,,,55872,05204,Lookout Road,Lookout Road,"Lookout Road, North of Bushlands Close","Lookout.lookout Rd, New Lambton",North of Bushlands Close,Lookout,Road,Bushlands Close,30,23,900,A,37.0,A37,Local Road,OnGround,TwoOrMoreLanes,Road,State,Hunter,Newcastle,New Lambton Heights,2305.0,Trafficorder Loop Counter,False,1,0,9738695,4526086.0,-32.92556,151.696289,9,5,True,95a7c5d9e6be888425bc95701e7b5ffd,2018-06-12 02:48:41.978017+00
,6881,,,55728,05016,Mccaffrey Drive,Mccaffrey Drive,"Mccaffrey Drive, West of Lookout Road",Mccaffrey Drive,West of Lookout Road,Mccaffrey,Drive,Lookout Road,100,7770,10,,,,Distributor Road,OnGround,TwoOrMoreLanes,Drive,Regional,Hunter,Newcastle,New Lambton Heights,2305.0,Trafficorder Tube Axlepair Counter,False,0,0,9738334,4525775.5,-32.928505,151.692581,10,5,True,332af87561b7fdb34384f5338737ce47,2018-06-12 02:48:41.978017+00
,6893,,,55878,05207,Maud Street,Maud Street,"Maud Street, East of Lorna Street","Maud.maud St, Mayfield West",East of Lorna Street,Maud,Street,Lorna Street,40,605,10,,,,Arterial Road,OnGround,TwoOrMoreLanes,Street,State,Hunter,Newcastle,Waratah,2298.0,Trafficorder Loop Counter,False,1,0,9741070,4529244.5,-32.896118,151.720154,9,4,True,300a975ebb498c2a17f3cd074b071da7,2018-06-12 02:48:41.978017+00
,6898,,,55927,05289,Adelaide Street,Adelaide Street,"Adelaide Street, East of William Street",Adelaide Street,East of William Street,Adelaide,Street,William Street,100,-10,-10,,,,Arterial Road,OnGround,TwoOrMoreLanes,Street,Local,Hunter,Port Stephens,Raymond Terrace,2324.0,Trafficorder Tube Axlepair Counter,False,0,0,9744128,4543857.0,-32.763119,151.745727,9,5,True,7b52ab032454d019dbd83dd4adbb6516,2018-06-12 02:48:41.978017+00
,6901,,,55738,05029,Minmi Road,Minmi Road,"Minmi Road, East of Prestwick Street",Minmi Road,East of Prestwick Street,Minmi,Road,Prestwick Street,240,-10,-10,,,,Sub-Arterial Road,OnGround,TwoOrMoreLanes,Road,Local,Hunter,Newcastle,Fletcher,2287.0,Trafficorder Tube Axlepair Counter,False,0,1,9734270,4531884.0,-32.875069,151.646225,10,5,True,7e8a304042b60bc57867a93096b90c39,2018-06-12 02:48:41.978017+00
,6914,,,56166,05856,Macquarie Road,Macquarie Road,"Macquarie Road, North of Hillsborough Road",Macquarie Road,North of Hillsborough Road,Macquarie,Road,Hillsborough Road,40,527,220,B,89.0,B89,Arterial Road,OnGround,TwoOrMoreLanes,Road,State,Hunter,Lake Macquarie,Lakelands,2282.0,Trafficorder Tube Axlepair Counter,False,0,0,9734406,4521757.0,-32.966324,151.652496,1,5,True,ee3b2b6b8c05e6a1ec75ac5f5f60e576,2018-06-12 02:48:41.978017+00
,6925,,,55893,05239,Maitland Street,Maitland Street,"Maitland Street, West of Elderslie Road",Maitland Street,West of Elderslie Road,Maitland,Street,Elderslie Road,100,453,10,,,,Arterial Road,OnGround,TwoOrMoreLanes,Street,Local,Hunter,Cessnock,Branxton,2335.0,Trafficorder Tube Axlepair Counter,False,0,1,9708189,4557303.5,-32.655998,151.356186,9,5,True,e7825531842c715a23e327f16ad10d0b,2018-06-12 02:48:41.978017+00
,6944,,,56209,05980,Werribi Street,Werribi Street,"Werribi Street, South of Industrial Drive",Werribi Street,South of Industrial Drive,Werribi,Street,Industrial Drive,40,605,5,,,,Arterial Road,OnGround,TwoOrMoreLanes,Street,State,Hunter,Newcastle,Mayfield West,2304.0,Trafficorder Tube Axlepair Counter,False,0,0,9741838,4530250.0,-32.886734,151.727875,9,5,True,2599692cb9e7ee13736a820e25e6d5f8,2018-06-12 02:48:41.978017+00
,6950,,,56091,05609,Dudley Road,Dudley Road,"Dudley Road, South of Bulls Garden Road",Dudley Road,South of Bulls Garden Road,Dudley,Road,Bulls Garden Road,110,325,80,,,,Arterial Road,OnGround,TwoOrMoreLanes,Road,Regional,Hunter,Lake Macquarie,Whitebridge,2290.0,Trafficorder Tube Axlepair Counter,False,0,0,9739571,4520167.5,-32.978565,151.708511,9,5,True,3289b7a4fdacfe529b660f9df78bdffa,2018-06-12 02:48:41.978017+00
,6988,,,56197,05946,New England Highway,New England Highway,"New England Highway, South of Newcastle Street",New England Highway,South of Newcastle Street,New England,Highway,Newcastle Street,100,9,130,A,43.0,A43,Primary Road,OnGround,TwoOrMoreLanes,Highway,State,Hunter,Maitland,East Maitland,2323.0,Trafficorder Tube Axlepair Counter,False,0,0,9729688,4545114.0,-32.757607,151.591049,9,5,True,13336a443da2a476c6a430a8525e7ba0,2018-06-12 02:48:41.978017+00
,6999,,,55733,05024,Minmi Road,Minmi Road,"Minmi Road, West of Fletcher Street",Minmi Road,West of Fletcher Street,Minmi,Road,Fletcher Street,60,-10,-10,,,,Sub-Arterial Road,OnGround,TwoOrMoreLanes,Road,Local,Hunter,Newcastle,Wallsend,2287.0,Trafficorder Tube Axlepair Counter,False,0,0,9735944,4530125.5,-32.890247,151.664948,10,5,True,6b7f94aff55394f4689ace4475d845ca,2018-06-12 02:48:41.978017+00
,7005,,,56200,05951,Main Road,Main Road,"Main Road, East of Sandgate Road",Charlestown-Sandgate Highway,East of Sandgate Road,Main,Road,Sandgate Road,110,23,1020,A,37.0,A37,Arterial Road,OnGround,TwoOrMoreLanes,Highway,State,Hunter,Newcastle,Shortland,2307.0,Trafficorder Tube Axlepair Counter,False,0,0,9739011,4531131.5,-32.879936,151.697235,9,5,True,a256807ef939dbf37387cbe9d6a7deac,2018-06-12 02:48:41.978017+00
,7021,,,55945,05310,Lookout Road,Lookout Road,"Lookout Road, North of Cardiff Road",Lookout Road,North of Cardiff Road,Lookout,Road,Cardiff Road,60,23,870,A,37.0,A37,Local Road,OnGround,TwoOrMoreLanes,Road,State,Hunter,Newcastle,New Lambton Heights,2305.0,Trafficorder Tube Axlepair Counter,False,0,0,9737991,4525093.0,-32.934795,151.68924,9,5,True,95c1608e76119c13cc6fd60a752d3133,2018-06-12 02:48:41.978017+00
,7035,,,55978,05396,Nelson Bay Road,Nelson Bay Road,"Nelson Bay Road, West of Valerie Road",Nelson Bay Road,West of Valerie Road,Nelson Bay,Road,Valerie Road,890,108,105,B,63.0,B63,Arterial Road,OnGround,TwoOrMoreLanes,Road,State,Hunter,Port Stephens,Salt Ash,2318.0,Trafficorder Tube Axlepair Counter,False,0,1,9757959,4539774.5,-32.794167,151.895355,10,5,True,53bda2c4aa8f9cefc1b011632afaef50,2018-06-12 02:48:41.978017+00
,7045,,,55941,05308,Newcastle Inner City Bypass,Newcastle Inner City Bypass,"Newcastle Inner City Bypass, North of Charlestown Road",Charleston Bypass,North of Charlestown Road,Newcastle Inner City,Bypass,Charlestown Road,70,23,850,A,37.0,A37,Arterial Road,OnGround,TwoOrMoreLanes,Bypass,State,Hunter,Newcastle,Kotara,2289.0,Trafficorder Tube Axlepair Counter,False,0,0,9737624,4523898.5,-32.945713,151.685898,9,5,True,493c37d3d839b9742c2342acc9ffb83f,2018-06-12 02:48:41.978017+00
,7051,,,56213,05990,The Esplanade,The Esplanade,"The Esplanade, East of T C Frith Avenue",The Esplanade,East of T C Frith Avenue,The Esplanade,,T C Frith Avenue,120,674,170,B,57.0,B57,Arterial Road,OnGround,TwoOrMoreLanes,,State,Hunter,Lake Macquarie,Speers Point,2284.0,Trafficorder Tube Axlepair Counter,False,0,0,9731258,4522835.5,-32.957855,151.618317,10,5,True,81a84f3a64e46f131e8905bf3f08dca7,2018-06-12 02:48:41.978017+00
,7058,,,55961,05344,Paterson Road,Paterson Road,"Paterson Road, North of Cabarita Close",Paterson Road,North of Cabarita Close,Paterson,Road,Cabarita Close,50,-10,-10,,,,Arterial Road,OnGround,TwoOrMoreLanes,Road,Local,Hunter,Maitland,Bolwarra Heights,2320.0,Trafficorder Tube Axlepair Counter,False,0,1,9730203,4551774.0,-32.69735,151.593414,10,5,True,480aa5b4386e0c48bf37c54d12ccee9a,2018-06-12 02:48:41.978017+00
,7069,,,56012,05490,Newcastle Road,Newcastle Road,"Newcastle Road, North of Illoura Street",Newcastle Road,North of Illoura Street,Newcastle,Road,Illoura Street,20,82,120,A,15.0,A15,Distributor Road,OnGround,TwoOrMoreLanes,Road,State,Hunter,Newcastle,Jesmond,2299.0,Trafficorder Tube Axlepair Counter,False,0,0,9738197,4528414.5,-32.904766,151.68985,10,5,True,29636bb7c79347f813032da0424fedbd,2018-06-12 02:48:41.978017+00
,7070,,,15934004,T0292,Pacific Highway,Pacific Highway Hvcs,"Pacific Highway, West of Twelve Mile Creek Road","Pacific.pacific Highway, Raymond Terrace",West of Twelve Mile Creek Road,Pacific,Highway,Twelve Mile Creek Road,660,10,1810,A,1.0,A1,Primary Road,OnGround,TwoOrMoreLanes,Highway,State,Hunter,Port Stephens,Twelve Mile Creek,2324.0,Tirtl,True,1,1,9754542,4555217.0,-32.656384,151.851227,5,5,True,d05fd5a40092fa82e9e277b8b04271e7,2018-06-12 02:48:41.978017+00
,7094,,,55940,05306,Charlestown Road,Charlestown Road,"Charlestown Road, South of Kirkdale Drive",Charlestown Road,South of Kirkdale Drive,Charlestown,Road,Kirkdale Drive,100,674,130,,,,Arterial Road,OnGround,TwoOrMoreLanes,Road,Local,Hunter,Lake Macquarie,Charlestown,2290.0,Trafficorder Tube Axlepair Counter,False,0,0,9737619,4522785.0,-32.955757,151.686371,9,5,True,73cf4bb89e0c2a0c3a8ba4fabd3b843c,2018-06-12 02:48:41.978017+00
,7108,,,55911,05265,City Road,City Road,"City Road, East of Kahibah Road",City Road,East of Kahibah Road,City,Road,Kahibah Road,80,10,1480,A,43.0,A43,Primary Road,OnGround,TwoOrMoreLanes,Road,State,Hunter,Newcastle,Adamstown Heights,2289.0,Trafficorder Tube Axlepair Counter,False,0,0,9740053,4523027.0,-32.952587,151.71228,9,5,True,4eab9480392fc8db1aef32d71b05976f,2018-06-12 02:48:41.978017+00
,7125,,,55717,05006,Tarean Road,Tarean Road,"Tarean Road, East of Memorial Drive",Tarean Road,East of Memorial Drive,Tarean,Road,Memorial Drive,40,-10,-10,,,,Arterial Road,OnGround,TwoOrMoreLanes,Road,Local,Hunter,Port Stephens,Karuah,2324.0,Trafficorder Loop Counter,False,1,0,9765478,4554908.0,-32.65453,151.967926,9,4,True,a60a8515d4e0f38db3ebc9964061d55a,2018-06-12 02:48:41.978017+00
,7130,,,55774,05083,Pacific Highway,Pacific Highway,"Pacific Highway, East of The Bucketts Way",Pacific Highway,East of The Bucketts Way,Pacific,Highway,The Bucketts Way,1460,10,1820,A,1.0,A1,Primary Road,OnGround,TwoOrMoreLanes,Highway,State,Hunter,Port Stephens,Twelve Mile Creek,2324.0,Trafficorder Tube Axlepair Counter,False,0,1,9757430,4555591.0,-32.651798,151.881821,3,5,True,8ef1122892f6212b963e47b28fed9f2b,2018-06-12 02:48:41.978017+00
,7144,,,56019,05496,Newcastle Link Road,Newcastle Link Road,"Newcastle Link Road, West of Minmi Road",Newcastle Link Road,West of Minmi Road,Newcastle Link,Road,Minmi Road,390,82,250,A,15.0,A15,Sub-Arterial Road,OnGround,TwoOrMoreLanes,Road,Local,Hunter,Lake Macquarie,Cameron Park,2285.0,Trafficorder Tube Axlepair Counter,False,0,0,9731510,4529024.5,-32.901955,151.618088,10,5,True,e12104495e065ce40c172c92040ff9ab,2018-06-12 02:48:41.978017+00
,7156,,,56090,05593,Stewart Avenue,Stewart Avenue,"Stewart Avenue, East of Parry Street",Stewart Avenue,East of Parry Street,Stewart,Avenue,Parry Street,50,10,1535,A,43.0,A43,Primary Road,OnGround,TwoOrMoreLanes,Avenue,State,Hunter,Newcastle,Newcastle West,2302.0,Trafficorder Tube Axlepair Counter,False,0,0,9744502,4525739.0,-32.926315,151.758545,9,5,True,7ee7ffb6c1f12c68f08ad89029a9e9ce,2018-06-12 02:48:41.978017+00
,7161,,,55775,05084,The Bucketts Way,The Bucketts Way,"The Bucketts Way, North of Pacific Highway",The Bucketts Way,North of Pacific Highway,The Bucketts Way,,Pacific Highway,1200,90,10,,,,Arterial Road,OnGround,TwoOrMoreLanes,,Regional,Hunter,Port Stephens,Twelve Mile Creek,2324.0,Trafficorder Tube Axlepair Counter,False,0,1,9756230,4556743.0,-32.641918,151.868454,9,5,True,7a9c94af1d066428aad0623b99181e80,2018-06-12 02:48:41.978017+00
,7165,,,56043,05522,Maitland Road,Maitland Road,"Maitland Road, West of Millfield Street",Maitland Road,West of Millfield Street,Maitland,Road,Millfield Street,20,588,200,B,68.0,B68,Arterial Road,OnGround,TwoOrMoreLanes,Road,State,Hunter,Cessnock,Cessnock,2325.0,Trafficorder Tube Axlepair Counter,False,0,0,9707529,4537842.5,-32.831741,151.357803,10,5,True,9414285534749555374028911a388407,2018-06-12 02:48:41.978017+00
,7176,,,55954,05321,Wallsend Road,Wallsend Road,"Wallsend Road, East of Sandgate Road",Wallsend Road,East of Sandgate Road,Wallsend,Road,Sandgate Road,140,23,1040,,,,Arterial Road,OnGround,TwoOrMoreLanes,Road,Local,Hunter,Newcastle,Sandgate,2304.0,Trafficorder Dual Tube Classifier,False,0,1,9739739,4531927.5,-32.872467,151.704636,9,5,True,e543c9e78b358cea189177085683e0e3,2018-06-12 02:48:41.978017+00
,7191,,,17126150,HEX2,Hunter Expressway,Hunter Expressway,"Hunter Expressway, East of Sawyers Gully Road",Hunter.hunter Expressway,East of Sawyers Gully Road,Hunter,Expressway,Sawyers Gully Road,850,6011,160,M,15.0,M15,Motorway,OnGround,TwoOrMoreLanes,Expressway,State,Hunter,Cessnock,Sawyers Gully,2326.0,Tirtl,False,1,1,9716692,4544124.0,-32.77161,151.452805,3,5,True,287a9faf4d45c78e5abf7202c9e11e80,2018-06-12 02:48:41.978017+00
,7192,,,15334005,7289,Thomas Street,Thomas Street,"Thomas Street, East of Metcalfe Street","Thomas.thomas St, Wallsend",East of Metcalfe Street,Thomas,Street,Metcalfe Street,20,82,160,A,15.0,A15,Local Road,OnGround,TwoOrMoreLanes,Street,State,Hunter,Newcastle,Wallsend,2287.0,Tirtl,False,1,1,9736464,4528353.5,-32.906013,151.671356,7,5,True,428b2023698a2f13204e2765134b7f01,2018-06-12 02:48:41.978017+00
,7224,,,56023,05506,Excelsior Parade,Excelsior Parade,"Excelsior Parade, West of Cary Street",Excelsior Parade,West of Cary Street,Excelsior,Parade,Cary Street,70,217,190,B,53.0,B53,Local Road,OnGround,OneLane,Parade,State,Hunter,Lake Macquarie,Toronto,2283.0,Trafficorder Tube Axlepair Counter,False,0,0,9728462,4516525.0,-33.015865,151.591385,10,5,True,39f47893d5d6bc4bf3b978a581e109eb,2018-06-12 02:48:41.978017+00
,7230,,,56186,05910,Lake Road,Lake Road,"Lake Road, South of Reservoir Road",Lake Road,South of Reservoir Road,Lake,Road,Reservoir Road,110,217,368,B,53.0,B53,Arterial Road,OnGround,TwoOrMoreLanes,Road,Local,Hunter,Lake Macquarie,Glendale,2285.0,Trafficorder Tube Axlepair Counter,False,0,0,9734531,4526389.5,-32.924507,151.651627,9,5,True,3929f68c24e74eed9f30755eca5041e8,2018-06-12 02:48:41.978017+00
,7272,,,55860,05194,Cessnock Road,Cessnock Road,"Cessnock Road, North of Charles Street","Cessnock.cessnock Rd, Weston",North of Charles Street,Cessnock,Road,Charles Street,70,588,190,B,68.0,B68,Arterial Road,OnGround,TwoOrMoreLanes,Road,State,Hunter,Cessnock,Abermain,2326.0,Trafficorder Loop Counter,False,1,0,9713361,4538697.0,-32.821819,151.419708,9,5,True,9cd488376a10c003b018ee43d87ba784,2018-06-12 02:48:41.978017+00
,7296,,,56175,05873,Elizabeth Street,Elizabeth Street,"Elizabeth Street, East of Industrial Drive",Elizabeth Street,East of Industrial Drive,Elizabeth,Street,Industrial Drive,130,7772,10,,,,Distributor Road,OnGround,TwoOrMoreLanes,Street,Regional,Hunter,Newcastle,Carrington,2294.0,Trafficorder Tube Axlepair Counter,False,0,0,9744859,4527828.0,-32.907333,151.761337,10,5,True,297e4a28a61a77e3b0006c72aa416ef3,2018-06-12 02:48:41.978017+00
,7302,,,56138,05677,Bridges Road,Bridges Road,"Bridges Road, North of Musgrove Street",Bridges Road,North of Musgrove Street,Bridges,Road,Musgrove Street,40,326,26,B,63.0,B63,Arterial Road,OnGround,TwoOrMoreLanes,Road,State,Hunter,Newcastle,New Lambton,2305.0,Trafficorder Tube Axlepair Counter,False,0,0,9740453,4525510.5,-32.930031,151.715362,9,5,True,8287de8cffa039041ca4a86429d7a836,2018-06-12 02:48:41.978017+00
,7309,,,56088,05592,Cabbage Tree Road,Cabbage Tree Road,"Cabbage Tree Road, West of Lavis Lane",Cabbage Tree Road,West of Lavis Lane,Cabbage Tree,Road,Lavis Lane,680,302,10,,,,Arterial Road,OnGround,TwoOrMoreLanes,Road,State,Hunter,Port Stephens,Williamtown,2318.0,Trafficorder Tube Axlepair Counter,False,0,1,9752293,4537570.0,-32.816422,151.835968,10,5,True,35e5fc0ef1289a7cd989de9b04bf6468,2018-06-12 02:48:41.978017+00
,5078,,,56028,05510,Macquarie Street,Main Road,"Macquarie Street, North of Newport Road",Wamsley Street,North of Newport Road,Main,Road,Newport Road,20,217,100,B,53.0,B53,Arterial Road,OnGround,TwoOrMoreLanes,Street,State,Hunter,Lake Macquarie,Dora Creek,2264.0,Excel Ll,False,1,1,9719706,4509342.0,-33.0840721130371,151.5009765625,9,4,True,b018535b30d5dd2f59510a66eaa692f7,
,5149,,,55883,05210,Red Head Road,Red Head Road,"Red Head Road, South of White Cap Close","Collier.redhead Rd, Dudley",South of White Cap Close,Red Head,Road,White Cap Close,20,325,55,,,,Arterial Road,OnGround,TwoOrMoreLanes,Street,Regional,Hunter,Lake Macquarie,Redhead,2290.0,Trafficorder Loop Counter,False,1,0,9740105,4516938.0,-33.0074653625488,151.715789794922,9,5,True,2c7b2a7e57b7bcfea41189070a62cf3f,
,5157,,,55863,05196,Branxton-Toronto Rd,Freemans Drive,"Branxton-Toronto Rd, North of Palmers Road","Leggetts.toronto-Branxton Road, Freemans Waterhole",North of Palmers Road,Freemans,Drive,Palmers Road,480,220,65,B,82.0,B82,Arterial Road,OnGround,TwoOrMoreLanes,Drive,State,Hunter,Lake Macquarie,Freemans Waterhole,2323.0,Trafficorder Loop Counter,False,1,0,9718497,4521975.5,-32.9706268310547,151.482223510742,9,4,True,10b61483b1745aec5323520488a07d65,
