geography,source_file,FINANCIAL_YEAR,HH_LGA_ID,area_name,TRAVEL_MODE,TRIPS_BY_MODE,PCT_OF_TOTAL_TRIPS,MODE_SHARE,DISTANCE_BY_MODE,PCT_OF_TOTAL_DISTANCE,TRIP_AVG_DISTANCE,TRIP_AVG_TIME,HH_SA3_ID
lga,hts_by_lga_2020-21_to_2024-25.xlsx,2024/25,1720.0,Cessnock,Other**,2000,1.2,1.2,3000,0.1,1.6,8.2,
lga,hts_by_lga_2020-21_to_2024-25.xlsx,2024/25,1720.0,Cessnock,Public transport**,2000,1.4,1.4,33000,1.5,13.6,23.5,
lga,hts_by_lga_2020-21_to_2024-25.xlsx,2024/25,1720.0,Cessnock,Vehicle driver,117000,67.5,68.9,1893000,83.7,16.2,19.9,
lga,hts_by_lga_2020-21_to_2024-25.xlsx,2024/25,1720.0,Cessnock,Vehicle passenger,31000,17.9,18.3,325000,14.4,10.5,15.2,
lga,hts_by_lga_2020-21_to_2024-25.xlsx,2024/25,1720.0,Cessnock,Walk linked**,4000,2.1,0.0,2000,0.1,0.5,10.2,
lga,hts_by_lga_2020-21_to_2024-25.xlsx,2024/25,1720.0,Cessnock,Walk only*,17000,9.9,10.1,5000,0.2,0.3,3.8,
lga,hts_by_lga_2020-21_to_2024-25.xlsx,2024/25,4650.0,Lake Macquarie,Other*,9000,1.1,1.2,44000,0.6,5.1,18.0,
lga,hts_by_lga_2020-21_to_2024-25.xlsx,2024/25,4650.0,Lake Macquarie,Public transport,38000,4.8,5.2,731000,10.0,19.4,30.5,
lga,hts_by_lga_2020-21_to_2024-25.xlsx,2024/25,4650.0,Lake Macquarie,Vehicle driver,434000,55.7,60.7,4890000,67.2,11.3,18.0,
lga,hts_by_lga_2020-21_to_2024-25.xlsx,2024/25,4650.0,Lake Macquarie,Vehicle passenger,153000,19.6,21.3,1478000,20.3,9.7,16.1,
lga,hts_by_lga_2020-21_to_2024-25.xlsx,2024/25,4650.0,Lake Macquarie,Walk linked*,63000,8.1,0.0,73000,1.0,1.2,13.6,
lga,hts_by_lga_2020-21_to_2024-25.xlsx,2024/25,4650.0,Lake Macquarie,Walk only,83000,10.6,11.6,62000,0.9,0.7,13.0,
lga,hts_by_lga_2020-21_to_2024-25.xlsx,2024/25,5050.0,Maitland,Other*,4000,1.0,1.0,19000,0.5,4.8,20.9,
lga,hts_by_lga_2020-21_to_2024-25.xlsx,2024/25,5050.0,Maitland,Public transport**,4000,1.0,1.0,35000,0.9,9.5,20.3,
lga,hts_by_lga_2020-21_to_2024-25.xlsx,2024/25,5050.0,Maitland,Vehicle driver,204000,53.8,54.4,2709000,71.2,13.3,19.0,
lga,hts_by_lga_2020-21_to_2024-25.xlsx,2024/25,5050.0,Maitland,Vehicle passenger*,123000,32.3,32.7,1019000,26.8,8.3,15.3,
lga,hts_by_lga_2020-21_to_2024-25.xlsx,2024/25,5050.0,Maitland,Walk linked*,5000,1.2,0.0,3000,0.1,0.7,7.0,
lga,hts_by_lga_2020-21_to_2024-25.xlsx,2024/25,5050.0,Maitland,Walk only*,40000,10.7,10.8,20000,0.5,0.5,11.7,
lga,hts_by_lga_2020-21_to_2024-25.xlsx,2024/25,5900.0,Newcastle,Other,18000,3.0,3.2,94000,1.8,5.2,19.2,
lga,hts_by_lga_2020-21_to_2024-25.xlsx,2024/25,5900.0,Newcastle,Public transport,22000,3.6,3.8,509000,9.8,23.4,34.4,
lga,hts_by_lga_2020-21_to_2024-25.xlsx,2024/25,5900.0,Newcastle,Vehicle driver,334000,55.8,59.0,3390000,65.2,10.2,17.2,
lga,hts_by_lga_2020-21_to_2024-25.xlsx,2024/25,5900.0,Newcastle,Vehicle passenger,117000,19.5,20.6,1138000,21.9,9.8,15.5,
lga,hts_by_lga_2020-21_to_2024-25.xlsx,2024/25,5900.0,Newcastle,Walk linked,32000,5.4,0.0,18000,0.4,0.6,12.9,
lga,hts_by_lga_2020-21_to_2024-25.xlsx,2024/25,5900.0,Newcastle,Walk only,76000,12.7,13.4,54000,1.0,0.7,12.3,
lga,hts_by_lga_2020-21_to_2024-25.xlsx,2024/25,6400.0,Port Stephens,Public transport*,6000,3.1,3.1,88000,3.5,14.9,29.3,
lga,hts_by_lga_2020-21_to_2024-25.xlsx,2024/25,6400.0,Port Stephens,Vehicle driver,132000,68.3,69.8,1963000,77.2,14.9,17.9,
lga,hts_by_lga_2020-21_to_2024-25.xlsx,2024/25,6400.0,Port Stephens,Vehicle passenger*,32000,16.8,17.1,476000,18.7,14.8,16.4,
lga,hts_by_lga_2020-21_to_2024-25.xlsx,2024/25,6400.0,Port Stephens,Walk linked*,4000,2.1,0.0,4000,0.2,1.0,19.6,
lga,hts_by_lga_2020-21_to_2024-25.xlsx,2024/25,6400.0,Port Stephens,Walk only*,19000,9.8,10.0,11000,0.4,0.6,11.7,
lga,hts_by_lga_2020-21_to_2024-25.xlsx,2023/24,1720.0,Cessnock,Public transport**,5000,2.1,2.1,60000,2.2,13.3,25.0,
lga,hts_by_lga_2020-21_to_2024-25.xlsx,2023/24,1720.0,Cessnock,Vehicle driver,146000,67.8,69.0,2225000,81.6,15.2,20.3,
lga,hts_by_lga_2020-21_to_2024-25.xlsx,2023/24,1720.0,Cessnock,Vehicle passenger,42000,19.6,20.0,432000,15.8,10.2,16.5,
lga,hts_by_lga_2020-21_to_2024-25.xlsx,2023/24,1720.0,Cessnock,Walk linked**,4000,1.7,0.0,2000,0.1,0.5,10.3,
lga,hts_by_lga_2020-21_to_2024-25.xlsx,2023/24,1720.0,Cessnock,Walk only*,19000,8.8,8.9,10000,0.4,0.5,6.6,
lga,hts_by_lga_2020-21_to_2024-25.xlsx,2023/24,4650.0,Lake Macquarie,Other*,7000,0.9,1.0,31000,0.4,4.5,14.9,
lga,hts_by_lga_2020-21_to_2024-25.xlsx,2023/24,4650.0,Lake Macquarie,Public transport,37000,5.0,5.5,707000,10.3,19.2,31.3,
lga,hts_by_lga_2020-21_to_2024-25.xlsx,2023/24,4650.0,Lake Macquarie,Vehicle driver,400000,54.7,59.3,4475000,65.1,11.2,18.2,
lga,hts_by_lga_2020-21_to_2024-25.xlsx,2023/24,4650.0,Lake Macquarie,Vehicle passenger,151000,20.6,22.4,1519000,22.1,10.0,16.7,
lga,hts_by_lga_2020-21_to_2024-25.xlsx,2023/24,4650.0,Lake Macquarie,Walk linked,57000,7.8,0.0,72000,1.0,1.3,14.7,
lga,hts_by_lga_2020-21_to_2024-25.xlsx,2023/24,4650.0,Lake Macquarie,Walk only,80000,10.9,11.9,70000,1.0,0.9,13.9,
lga,hts_by_lga_2020-21_to_2024-25.xlsx,2023/24,5050.0,Maitland,Other*,4000,1.0,1.1,18000,0.4,4.6,20.6,
lga,hts_by_lga_2020-21_to_2024-25.xlsx,2023/24,5050.0,Maitland,Public transport**,3000,0.9,1.0,49000,1.2,14.0,25.7,
lga,hts_by_lga_2020-21_to_2024-25.xlsx,2023/24,5050.0,Maitland,Vehicle driver,196000,53.0,53.4,2828000,69.4,14.4,20.5,
lga,hts_by_lga_2020-21_to_2024-25.xlsx,2023/24,5050.0,Maitland,Vehicle passenger*,125000,33.8,34.1,1158000,28.4,9.3,16.2,
lga,hts_by_lga_2020-21_to_2024-25.xlsx,2023/24,5050.0,Maitland,Walk linked*,3000,0.9,0.0,3000,0.1,1.0,9.1,
lga,hts_by_lga_2020-21_to_2024-25.xlsx,2023/24,5050.0,Maitland,Walk only*,39000,10.4,10.5,19000,0.5,0.5,11.9,
lga,hts_by_lga_2020-21_to_2024-25.xlsx,2023/24,5900.0,Newcastle,Other,16000,2.9,3.0,77000,1.5,4.7,19.0,
lga,hts_by_lga_2020-21_to_2024-25.xlsx,2023/24,5900.0,Newcastle,Public transport,15000,2.6,2.7,362000,7.3,24.5,37.7,
lga,hts_by_lga_2020-21_to_2024-25.xlsx,2023/24,5900.0,Newcastle,Vehicle driver,317000,55.9,58.6,3432000,69.1,10.8,17.6,
lga,hts_by_lga_2020-21_to_2024-25.xlsx,2023/24,5900.0,Newcastle,Vehicle passenger,109000,19.2,20.1,1020000,20.5,9.4,15.0,
lga,hts_by_lga_2020-21_to_2024-25.xlsx,2023/24,5900.0,Newcastle,Walk linked*,26000,4.5,0.0,17000,0.3,0.7,13.8,
lga,hts_by_lga_2020-21_to_2024-25.xlsx,2023/24,5900.0,Newcastle,Walk only,84000,14.9,15.6,60000,1.2,0.7,12.2,
lga,hts_by_lga_2020-21_to_2024-25.xlsx,2023/24,6400.0,Port Stephens,Other**,2000,0.8,0.9,12000,0.4,6.2,23.3,
lga,hts_by_lga_2020-21_to_2024-25.xlsx,2023/24,6400.0,Port Stephens,Public transport*,8000,3.4,3.5,115000,4.1,14.2,28.7,
lga,hts_by_lga_2020-21_to_2024-25.xlsx,2023/24,6400.0,Port Stephens,Vehicle driver,160000,67.9,69.4,2343000,82.7,14.7,19.5,
lga,hts_by_lga_2020-21_to_2024-25.xlsx,2023/24,6400.0,Port Stephens,Vehicle passenger*,35000,14.8,15.1,342000,12.1,9.8,16.9,
lga,hts_by_lga_2020-21_to_2024-25.xlsx,2023/24,6400.0,Port Stephens,Walk linked*,5000,2.2,0.0,5000,0.2,0.9,17.5,
lga,hts_by_lga_2020-21_to_2024-25.xlsx,2023/24,6400.0,Port Stephens,Walk only*,26000,10.8,11.1,14000,0.5,0.6,10.4,
lga,hts_by_lga_2020-21_to_2024-25.xlsx,2022/23,1720.0,Cessnock,Public transport**,4000,2.5,2.6,56000,2.7,12.5,23.1,
lga,hts_by_lga_2020-21_to_2024-25.xlsx,2022/23,1720.0,Cessnock,Vehicle driver,113000,64.7,65.3,1571000,77.4,13.9,18.8,
lga,hts_by_lga_2020-21_to_2024-25.xlsx,2022/23,1720.0,Cessnock,Vehicle passenger*,39000,22.5,22.7,394000,19.4,10.0,15.7,
lga,hts_by_lga_2020-21_to_2024-25.xlsx,2022/23,1720.0,Cessnock,Walk linked**,2000,0.9,0.0,1000,0.0,0.5,10.7,
lga,hts_by_lga_2020-21_to_2024-25.xlsx,2022/23,1720.0,Cessnock,Walk only*,16000,9.3,9.4,10000,0.5,0.6,7.4,
lga,hts_by_lga_2020-21_to_2024-25.xlsx,2022/23,4650.0,Lake Macquarie,Other*,6000,0.8,0.8,30000,0.4,5.0,14.3,
lga,hts_by_lga_2020-21_to_2024-25.xlsx,2022/23,4650.0,Lake Macquarie,Public transport*,32000,4.2,4.6,575000,7.6,18.1,30.4,
lga,hts_by_lga_2020-21_to_2024-25.xlsx,2022/23,4650.0,Lake Macquarie,Vehicle driver,405000,53.4,58.3,4748000,62.5,11.7,18.4,
lga,hts_by_lga_2020-21_to_2024-25.xlsx,2022/23,4650.0,Lake Macquarie,Vehicle passenger,163000,21.5,23.5,2091000,27.5,12.8,19.8,
lga,hts_by_lga_2020-21_to_2024-25.xlsx,2022/23,4650.0,Lake Macquarie,Walk linked,63000,8.3,0.0,83000,1.1,1.3,17.4,
lga,hts_by_lga_2020-21_to_2024-25.xlsx,2022/23,4650.0,Lake Macquarie,Walk only,89000,11.8,12.8,74000,1.0,0.8,17.5,
lga,hts_by_lga_2020-21_to_2024-25.xlsx,2022/23,5050.0,Maitland,Other**,4000,1.1,1.1,17000,0.4,4.0,25.4,
lga,hts_by_lga_2020-21_to_2024-25.xlsx,2022/23,5050.0,Maitland,Public transport**,5000,1.2,1.2,55000,1.3,12.1,27.8,
lga,hts_by_lga_2020-21_to_2024-25.xlsx,2022/23,5050.0,Maitland,Vehicle driver,209000,53.0,53.7,3036000,70.8,14.5,19.8,
lga,hts_by_lga_2020-21_to_2024-25.xlsx,2022/23,5050.0,Maitland,Vehicle passenger*,131000,33.3,33.7,1158000,27.0,8.8,15.5,
lga,hts_by_lga_2020-21_to_2024-25.xlsx,2022/23,5050.0,Maitland,Walk linked*,5000,1.3,0.0,4000,0.1,0.8,7.6,
lga,hts_by_lga_2020-21_to_2024-25.xlsx,2022/23,5050.0,Maitland,Walk only*,40000,10.2,10.4,18000,0.4,0.5,11.3,
lga,hts_by_lga_2020-21_to_2024-25.xlsx,2022/23,5900.0,Newcastle,Other*,14000,2.4,2.4,72000,1.6,5.2,19.4,
lga,hts_by_lga_2020-21_to_2024-25.xlsx,2022/23,5900.0,Newcastle,Public transport,13000,2.3,2.4,212000,4.7,15.9,30.7,
lga,hts_by_lga_2020-21_to_2024-25.xlsx,2022/23,5900.0,Newcastle,Vehicle driver,335000,57.3,59.4,3392000,75.4,10.1,16.7,
lga,hts_by_lga_2020-21_to_2024-25.xlsx,2022/23,5900.0,Newcastle,Vehicle passenger,132000,22.5,23.4,759000,16.9,5.8,12.2,
lga,hts_by_lga_2020-21_to_2024-25.xlsx,2022/23,5900.0,Newcastle,Walk linked,21000,3.6,0.0,15000,0.3,0.7,15.3,
lga,hts_by_lga_2020-21_to_2024-25.xlsx,2022/23,5900.0,Newcastle,Walk only*,70000,11.9,12.4,49000,1.1,0.7,10.9,
lga,hts_by_lga_2020-21_to_2024-25.xlsx,2022/23,6400.0,Port Stephens,Other**,1000,0.5,0.5,7000,0.2,6.2,23.3,
lga,hts_by_lga_2020-21_to_2024-25.xlsx,2022/23,6400.0,Port Stephens,Public transport*,11000,4.4,4.6,257000,8.0,23.4,40.3,
lga,hts_by_lga_2020-21_to_2024-25.xlsx,2022/23,6400.0,Port Stephens,Vehicle driver,168000,67.7,70.1,2536000,79.4,15.1,19.8,
lga,hts_by_lga_2020-21_to_2024-25.xlsx,2022/23,6400.0,Port Stephens,Vehicle passenger*,34000,13.7,14.1,372000,11.6,10.9,17.2,
lga,hts_by_lga_2020-21_to_2024-25.xlsx,2022/23,6400.0,Port Stephens,Walk linked*,8000,3.3,0.0,7000,0.2,0.8,13.4,
lga,hts_by_lga_2020-21_to_2024-25.xlsx,2022/23,6400.0,Port Stephens,Walk only*,26000,10.4,10.7,15000,0.5,0.6,11.1,
lga,hts_by_lga_2009-10_to_2019-20.xlsx,2019/20,1720.0,Cessnock,Bus,2000,1.2,1.2,9000,0.4,4.7,11.3,
lga,hts_by_lga_2009-10_to_2019-20.xlsx,2019/20,1720.0,Cessnock,Other,1000,0.6,0.6,1000,0.0,0.5,4.0,
lga,hts_by_lga_2009-10_to_2019-20.xlsx,2019/20,1720.0,Cessnock,Vehicle Driver,107000,64.5,64.8,1825000,78.6,17.1,22.2,
lga,hts_by_lga_2009-10_to_2019-20.xlsx,2019/20,1720.0,Cessnock,Vehicle Passenger,53000,31.9,32.1,486000,20.9,9.1,13.2,
lga,hts_by_lga_2009-10_to_2019-20.xlsx,2019/20,1720.0,Cessnock,Walk Linked,1000,0.6,,0,0.0,0.1,2.0,
lga,hts_by_lga_2009-10_to_2019-20.xlsx,2019/20,1720.0,Cessnock,Walk Only,2000,1.2,1.2,1000,0.0,0.4,7.8,
lga,hts_by_lga_2009-10_to_2019-20.xlsx,2019/20,4650.0,Lake Macquarie,Bus,21000,2.9,3.0,195000,2.7,9.3,22.1,
lga,hts_by_lga_2009-10_to_2019-20.xlsx,2019/20,4650.0,Lake Macquarie,Other,15000,2.1,2.1,139000,1.9,9.3,42.3,
lga,hts_by_lga_2009-10_to_2019-20.xlsx,2019/20,4650.0,Lake Macquarie,Train,4000,0.6,0.6,275000,3.8,73.6,67.7,
lga,hts_by_lga_2009-10_to_2019-20.xlsx,2019/20,4650.0,Lake Macquarie,Vehicle Driver,417000,57.4,59.2,4838000,67.0,11.6,18.9,
lga,hts_by_lga_2009-10_to_2019-20.xlsx,2019/20,4650.0,Lake Macquarie,Vehicle Passenger,187000,25.8,26.6,1698000,23.5,9.1,15.5,
lga,hts_by_lga_2009-10_to_2019-20.xlsx,2019/20,4650.0,Lake Macquarie,Walk Linked,22000,3.0,,17000,0.2,0.8,8.4,
lga,hts_by_lga_2009-10_to_2019-20.xlsx,2019/20,4650.0,Lake Macquarie,Walk Only,60000,8.3,8.5,59000,0.8,1.0,13.0,
lga,hts_by_lga_2009-10_to_2019-20.xlsx,2019/20,5050.0,Maitland,Bus,1000,0.4,0.5,10000,0.4,6.6,13.7,
lga,hts_by_lga_2009-10_to_2019-20.xlsx,2019/20,5050.0,Maitland,Train,4000,1.8,1.8,77000,3.1,21.6,25.8,
lga,hts_by_lga_2009-10_to_2019-20.xlsx,2019/20,5050.0,Maitland,Vehicle Driver,143000,63.3,65.6,1945000,78.1,13.6,21.2,
lga,hts_by_lga_2009-10_to_2019-20.xlsx,2019/20,5050.0,Maitland,Vehicle Passenger,53000,23.5,24.3,431000,17.3,8.2,13.7,
lga,hts_by_lga_2009-10_to_2019-20.xlsx,2019/20,5050.0,Maitland,Walk Linked,8000,3.5,,9000,0.4,1.0,9.9,
lga,hts_by_lga_2009-10_to_2019-20.xlsx,2019/20,5050.0,Maitland,Walk Only,17000,7.5,7.8,17000,0.7,1.0,19.9,
lga,hts_by_lga_2009-10_to_2019-20.xlsx,2019/20,5900.0,Newcastle,Bus,29000,4.7,5.1,158000,3.6,5.4,20.2,
lga,hts_by_lga_2009-10_to_2019-20.xlsx,2019/20,5900.0,Newcastle,Other,24000,3.9,4.2,74000,1.7,3.1,16.7,
lga,hts_by_lga_2009-10_to_2019-20.xlsx,2019/20,5900.0,Newcastle,Train,9000,1.5,1.6,998000,22.6,109.5,97.9,
lga,hts_by_lga_2009-10_to_2019-20.xlsx,2019/20,5900.0,Newcastle,Vehicle Driver,348000,56.5,61.4,2504000,56.7,7.2,14.9,
lga,hts_by_lga_2009-10_to_2019-20.xlsx,2019/20,5900.0,Newcastle,Vehicle Passenger,99000,16.1,17.5,595000,13.5,6.0,14.2,
lga,hts_by_lga_2009-10_to_2019-20.xlsx,2019/20,5900.0,Newcastle,Walk Linked,49000,8.0,,37000,0.8,0.8,9.1,
lga,hts_by_lga_2009-10_to_2019-20.xlsx,2019/20,5900.0,Newcastle,Walk Only,58000,9.4,10.2,51000,1.2,0.9,10.6,
lga,hts_by_lga_2009-10_to_2019-20.xlsx,2019/20,6400.0,Port Stephens,Bus,1000,0.5,0.5,30000,1.1,21.1,41.5,
lga,hts_by_lga_2009-10_to_2019-20.xlsx,2019/20,6400.0,Port Stephens,Other,3000,1.6,1.6,9000,0.3,3.5,25.5,
lga,hts_by_lga_2009-10_to_2019-20.xlsx,2019/20,6400.0,Port Stephens,Vehicle Driver,131000,70.4,70.8,1743000,65.7,13.3,17.4,
lga,hts_by_lga_2009-10_to_2019-20.xlsx,2019/20,6400.0,Port Stephens,Vehicle Passenger,45000,24.2,24.3,866000,32.7,19.4,29.1,
lga,hts_by_lga_2009-10_to_2019-20.xlsx,2019/20,6400.0,Port Stephens,Walk Linked,1000,0.5,,0,0.0,0.1,30.8,
lga,hts_by_lga_2009-10_to_2019-20.xlsx,2019/20,6400.0,Port Stephens,Walk Only,5000,2.7,2.7,3000,0.1,0.6,13.7,
lga,hts_by_lga_2009-10_to_2019-20.xlsx,2018/19,1720.0,Cessnock,Bus,1000,0.5,0.5,4000,0.1,3.0,10.0,
lga,hts_by_lga_2009-10_to_2019-20.xlsx,2018/19,1720.0,Cessnock,Vehicle Driver,119000,63.3,63.6,2120000,76.8,17.8,22.0,
lga,hts_by_lga_2009-10_to_2019-20.xlsx,2018/19,1720.0,Cessnock,Vehicle Passenger,62000,33.0,33.2,634000,23.0,10.2,14.0,
lga,hts_by_lga_2009-10_to_2019-20.xlsx,2018/19,1720.0,Cessnock,Walk Linked,1000,0.5,,0,0.0,0.1,2.0,
lga,hts_by_lga_2009-10_to_2019-20.xlsx,2018/19,1720.0,Cessnock,Walk Only,5000,2.7,2.7,2000,0.1,0.4,8.1,
lga,hts_by_lga_2009-10_to_2019-20.xlsx,2018/19,4650.0,Lake Macquarie,Bus,16000,2.3,2.4,147000,2.3,9.4,20.7,
lga,hts_by_lga_2009-10_to_2019-20.xlsx,2018/19,4650.0,Lake Macquarie,Other,15000,2.1,2.2,149000,2.3,9.9,44.5,
lga,hts_by_lga_2009-10_to_2019-20.xlsx,2018/19,4650.0,Lake Macquarie,Train,4000,0.6,0.6,371000,5.7,95.0,80.5,
lga,hts_by_lga_2009-10_to_2019-20.xlsx,2018/19,4650.0,Lake Macquarie,Vehicle Driver,406000,57.8,59.9,4321000,66.6,10.6,18.5,
lga,hts_by_lga_2009-10_to_2019-20.xlsx,2018/19,4650.0,Lake Macquarie,Vehicle Passenger,175000,24.9,25.8,1419000,21.9,8.1,14.9,
lga,hts_by_lga_2009-10_to_2019-20.xlsx,2018/19,4650.0,Lake Macquarie,Walk Linked,24000,3.4,,21000,0.3,0.9,8.6,
lga,hts_by_lga_2009-10_to_2019-20.xlsx,2018/19,4650.0,Lake Macquarie,Walk Only,62000,8.8,9.1,57000,0.9,0.9,12.8,
lga,hts_by_lga_2009-10_to_2019-20.xlsx,2018/19,5050.0,Maitland,Train,3000,1.6,1.7,81000,4.4,24.6,30.5,
lga,hts_by_lga_2009-10_to_2019-20.xlsx,2018/19,5050.0,Maitland,Vehicle Driver,125000,66.8,69.4,1419000,76.4,11.3,19.1,
lga,hts_by_lga_2009-10_to_2019-20.xlsx,2018/19,5050.0,Maitland,Vehicle Passenger,37000,19.8,20.6,334000,18.0,9.0,16.5,
lga,hts_by_lga_2009-10_to_2019-20.xlsx,2018/19,5050.0,Maitland,Walk Linked,7000,3.7,,6000,0.3,0.9,7.2,
lga,hts_by_lga_2009-10_to_2019-20.xlsx,2018/19,5050.0,Maitland,Walk Only,15000,8.0,8.3,17000,0.9,1.2,20.9,
lga,hts_by_lga_2009-10_to_2019-20.xlsx,2018/19,5900.0,Newcastle,Bus,29000,4.9,5.3,169000,3.8,5.8,22.1,
lga,hts_by_lga_2009-10_to_2019-20.xlsx,2018/19,5900.0,Newcastle,Other,30000,5.1,5.5,104000,2.3,3.5,17.4,
lga,hts_by_lga_2009-10_to_2019-20.xlsx,2018/19,5900.0,Newcastle,Train,11000,1.9,2.0,1432000,31.9,126.2,110.6,
lga,hts_by_lga_2009-10_to_2019-20.xlsx,2018/19,5900.0,Newcastle,Vehicle Driver,337000,57.1,61.3,2223000,49.5,6.6,14.5,
lga,hts_by_lga_2009-10_to_2019-20.xlsx,2018/19,5900.0,Newcastle,Vehicle Passenger,84000,14.2,15.3,487000,10.8,5.8,14.5,
lga,hts_by_lga_2009-10_to_2019-20.xlsx,2018/19,5900.0,Newcastle,Walk Linked,40000,6.8,,26000,0.6,0.6,6.5,
lga,hts_by_lga_2009-10_to_2019-20.xlsx,2018/19,5900.0,Newcastle,Walk Only,59000,10.0,10.7,53000,1.2,0.9,11.4,
lga,hts_by_lga_2009-10_to_2019-20.xlsx,2018/19,6400.0,Port Stephens,Bus,2000,1.0,1.0,32000,1.2,21.1,41.5,
lga,hts_by_lga_2009-10_to_2019-20.xlsx,2018/19,6400.0,Port Stephens,Other,2000,1.0,1.0,9000,0.3,4.6,30.0,
lga,hts_by_lga_2009-10_to_2019-20.xlsx,2018/19,6400.0,Port Stephens,Vehicle Driver,139000,72.0,72.0,1791000,66.1,12.9,16.7,
lga,hts_by_lga_2009-10_to_2019-20.xlsx,2018/19,6400.0,Port Stephens,Vehicle Passenger,47000,24.4,24.4,876000,32.3,18.8,29.8,
lga,hts_by_lga_2009-10_to_2019-20.xlsx,2018/19,6400.0,Port Stephens,Walk Only,3000,1.6,1.6,1000,0.0,0.4,8.6,
lga,hts_by_lga_2009-10_to_2019-20.xlsx,2017/18,1720.0,Cessnock,Bus,1000,0.5,0.5,3000,0.1,3.0,10.0,
lga,hts_by_lga_2009-10_to_2019-20.xlsx,2017/18,1720.0,Cessnock,Vehicle Driver,113000,60.4,61.4,1901000,71.1,16.8,21.4,
lga,hts_by_lga_2009-10_to_2019-20.xlsx,2017/18,1720.0,Cessnock,Vehicle Passenger,65000,34.8,35.3,765000,28.6,11.7,15.1,
lga,hts_by_lga_2009-10_to_2019-20.xlsx,2017/18,1720.0,Cessnock,Walk Linked,3000,1.6,,1000,0.0,0.4,8.6,
lga,hts_by_lga_2009-10_to_2019-20.xlsx,2017/18,1720.0,Cessnock,Walk Only,5000,2.7,2.7,2000,0.1,0.3,11.2,
lga,hts_by_lga_2009-10_to_2019-20.xlsx,2017/18,4650.0,Lake Macquarie,Bus,22000,3.2,3.3,184000,2.9,8.5,21.1,
lga,hts_by_lga_2009-10_to_2019-20.xlsx,2017/18,4650.0,Lake Macquarie,Other,15000,2.1,2.2,149000,2.3,9.9,43.8,
lga,hts_by_lga_2009-10_to_2019-20.xlsx,2017/18,4650.0,Lake Macquarie,Train,2000,0.3,0.3,184000,2.9,76.0,67.4,
lga,hts_by_lga_2009-10_to_2019-20.xlsx,2017/18,4650.0,Lake Macquarie,Vehicle Driver,402000,57.6,59.6,4284000,67.4,10.7,17.8,
lga,hts_by_lga_2009-10_to_2019-20.xlsx,2017/18,4650.0,Lake Macquarie,Vehicle Passenger,180000,25.8,26.7,1489000,23.4,8.3,15.1,
lga,hts_by_lga_2009-10_to_2019-20.xlsx,2017/18,4650.0,Lake Macquarie,Walk Linked,23000,3.3,,18000,0.3,0.8,9.1,
lga,hts_by_lga_2009-10_to_2019-20.xlsx,2017/18,4650.0,Lake Macquarie,Walk Only,54000,7.7,8.0,44000,0.7,0.8,12.6,
lga,hts_by_lga_2009-10_to_2019-20.xlsx,2017/18,5050.0,Maitland,Bus,5000,2.3,2.4,31000,1.5,5.8,17.4,
lga,hts_by_lga_2009-10_to_2019-20.xlsx,2017/18,5050.0,Maitland,Other,2000,0.9,1.0,7000,0.3,2.7,23.3,
lga,hts_by_lga_2009-10_to_2019-20.xlsx,2017/18,5050.0,Maitland,Train,2000,0.9,1.0,59000,2.9,24.6,30.5,
lga,hts_by_lga_2009-10_to_2019-20.xlsx,2017/18,5050.0,Maitland,Vehicle Driver,141000,65.3,68.1,1580000,77.6,11.2,17.7,
lga,hts_by_lga_2009-10_to_2019-20.xlsx,2017/18,5050.0,Maitland,Vehicle Passenger,41000,19.0,19.8,339000,16.6,8.3,14.3,
lga,hts_by_lga_2009-10_to_2019-20.xlsx,2017/18,5050.0,Maitland,Walk Linked,9000,4.2,,5000,0.2,0.6,5.9,
lga,hts_by_lga_2009-10_to_2019-20.xlsx,2017/18,5050.0,Maitland,Walk Only,16000,7.4,7.7,16000,0.8,1.0,18.4,
lga,hts_by_lga_2009-10_to_2019-20.xlsx,2017/18,5900.0,Newcastle,Bus,24000,4.5,4.8,144000,4.1,6.1,21.9,
lga,hts_by_lga_2009-10_to_2019-20.xlsx,2017/18,5900.0,Newcastle,Other,21000,4.0,4.2,76000,2.1,3.6,18.2,
lga,hts_by_lga_2009-10_to_2019-20.xlsx,2017/18,5900.0,Newcastle,Train,4000,0.8,0.8,553000,15.6,145.6,114.2,
lga,hts_by_lga_2009-10_to_2019-20.xlsx,2017/18,5900.0,Newcastle,Vehicle Driver,303000,57.1,60.7,2228000,62.7,7.4,15.2,
lga,hts_by_lga_2009-10_to_2019-20.xlsx,2017/18,5900.0,Newcastle,Vehicle Passenger,86000,16.2,17.2,479000,13.5,5.6,13.5,
lga,hts_by_lga_2009-10_to_2019-20.xlsx,2017/18,5900.0,Newcastle,Walk Linked,32000,6.0,,20000,0.6,0.6,6.2,
lga,hts_by_lga_2009-10_to_2019-20.xlsx,2017/18,5900.0,Newcastle,Walk Only,61000,11.5,12.2,54000,1.5,0.9,12.3,
lga,hts_by_lga_2009-10_to_2019-20.xlsx,2017/18,6400.0,Port Stephens,Bus,3000,1.8,1.8,35000,1.3,11.7,25.6,
lga,hts_by_lga_2009-10_to_2019-20.xlsx,2017/18,6400.0,Port Stephens,Other,2000,1.2,1.2,12000,0.4,5.6,39.3,
lga,hts_by_lga_2009-10_to_2019-20.xlsx,2017/18,6400.0,Port Stephens,Vehicle Driver,114000,67.9,67.9,1771000,65.5,15.6,19.0,
lga,hts_by_lga_2009-10_to_2019-20.xlsx,2017/18,6400.0,Port Stephens,Vehicle Passenger,43000,25.6,25.6,885000,32.7,20.7,32.1,
lga,hts_by_lga_2009-10_to_2019-20.xlsx,2017/18,6400.0,Port Stephens,Walk Only,6000,3.6,3.6,2000,0.1,0.3,5.1,
lga,hts_by_lga_2009-10_to_2019-20.xlsx,2016/17,1720.0,Cessnock,Bus,3000,1.5,1.6,23000,1.0,8.3,21.3,
lga,hts_by_lga_2009-10_to_2019-20.xlsx,2016/17,1720.0,Cessnock,Vehicle Driver,116000,59.5,60.4,1604000,73.2,13.9,19.4,
lga,hts_by_lga_2009-10_to_2019-20.xlsx,2016/17,1720.0,Cessnock,Vehicle Passenger,65000,33.3,33.9,559000,25.5,8.7,12.0,
lga,hts_by_lga_2009-10_to_2019-20.xlsx,2016/17,1720.0,Cessnock,Walk Linked,3000,1.5,,1000,0.0,0.4,7.8,
lga,hts_by_lga_2009-10_to_2019-20.xlsx,2016/17,1720.0,Cessnock,Walk Only,8000,4.1,4.2,4000,0.2,0.5,14.5,
lga,hts_by_lga_2009-10_to_2019-20.xlsx,2016/17,4650.0,Lake Macquarie,Bus,23000,3.1,3.3,173000,2.9,7.6,22.1,
lga,hts_by_lga_2009-10_to_2019-20.xlsx,2016/17,4650.0,Lake Macquarie,Other,8000,1.1,1.2,52000,0.9,6.8,29.7,
lga,hts_by_lga_2009-10_to_2019-20.xlsx,2016/17,4650.0,Lake Macquarie,Train,5000,0.7,0.7,275000,4.6,58.3,57.6,
lga,hts_by_lga_2009-10_to_2019-20.xlsx,2016/17,4650.0,Lake Macquarie,Vehicle Driver,425000,57.9,61.8,4080000,68.8,9.6,16.5,
lga,hts_by_lga_2009-10_to_2019-20.xlsx,2016/17,4650.0,Lake Macquarie,Vehicle Passenger,155000,21.1,22.5,1260000,21.3,8.1,15.3,
lga,hts_by_lga_2009-10_to_2019-20.xlsx,2016/17,4650.0,Lake Macquarie,Walk Linked,46000,6.3,,29000,0.5,0.6,7.4,
lga,hts_by_lga_2009-10_to_2019-20.xlsx,2016/17,4650.0,Lake Macquarie,Walk Only,72000,9.8,10.5,59000,1.0,0.8,12.0,
lga,hts_by_lga_2009-10_to_2019-20.xlsx,2016/17,5050.0,Maitland,Bus,4000,1.5,1.6,21000,0.8,5.9,17.7,
lga,hts_by_lga_2009-10_to_2019-20.xlsx,2016/17,5050.0,Maitland,Other,4000,1.5,1.6,10000,0.4,2.4,18.6,
lga,hts_by_lga_2009-10_to_2019-20.xlsx,2016/17,5050.0,Maitland,Train,3000,1.1,1.2,109000,4.0,40.3,45.2,
lga,hts_by_lga_2009-10_to_2019-20.xlsx,2016/17,5050.0,Maitland,Vehicle Driver,169000,63.5,65.5,2070000,75.3,12.3,18.0,
lga,hts_by_lga_2009-10_to_2019-20.xlsx,2016/17,5050.0,Maitland,Vehicle Passenger,62000,23.3,24.0,527000,19.2,8.5,13.5,
lga,hts_by_lga_2009-10_to_2019-20.xlsx,2016/17,5050.0,Maitland,Walk Linked,8000,3.0,,3000,0.1,0.3,5.9,
lga,hts_by_lga_2009-10_to_2019-20.xlsx,2016/17,5050.0,Maitland,Walk Only,16000,6.0,6.2,9000,0.3,0.6,13.6,
lga,hts_by_lga_2009-10_to_2019-20.xlsx,2016/17,5900.0,Newcastle,Bus,18000,3.1,3.3,103000,2.6,5.8,19.5,
lga,hts_by_lga_2009-10_to_2019-20.xlsx,2016/17,5900.0,Newcastle,Other,22000,3.8,4.0,66000,1.7,3.1,15.7,
lga,hts_by_lga_2009-10_to_2019-20.xlsx,2016/17,5900.0,Newcastle,Train,1000,0.2,0.2,197000,5.0,157.2,108.0,
lga,hts_by_lga_2009-10_to_2019-20.xlsx,2016/17,5900.0,Newcastle,Vehicle Driver,334000,57.9,61.3,2608000,66.8,7.8,15.5,
lga,hts_by_lga_2009-10_to_2019-20.xlsx,2016/17,5900.0,Newcastle,Vehicle Passenger,106000,18.4,19.4,845000,21.6,8.0,14.8,
lga,hts_by_lga_2009-10_to_2019-20.xlsx,2016/17,5900.0,Newcastle,Walk Linked,32000,5.5,,16000,0.4,0.5,5.3,
lga,hts_by_lga_2009-10_to_2019-20.xlsx,2016/17,5900.0,Newcastle,Walk Only,64000,11.1,11.7,71000,1.8,1.1,14.8,
lga,hts_by_lga_2009-10_to_2019-20.xlsx,2016/17,6400.0,Port Stephens,Bus,7000,3.1,3.2,107000,3.4,14.7,32.1,
lga,hts_by_lga_2009-10_to_2019-20.xlsx,2016/17,6400.0,Port Stephens,Other,8000,3.5,3.7,28000,0.9,3.4,18.1,
lga,hts_by_lga_2009-10_to_2019-20.xlsx,2016/17,6400.0,Port Stephens,Vehicle Driver,154000,68.1,70.3,2205000,69.9,14.3,18.2,
lga,hts_by_lga_2009-10_to_2019-20.xlsx,2016/17,6400.0,Port Stephens,Vehicle Passenger,38000,16.8,17.4,805000,25.5,21.0,28.5,
lga,hts_by_lga_2009-10_to_2019-20.xlsx,2016/17,6400.0,Port Stephens,Walk Linked,7000,3.1,,2000,0.1,0.2,5.0,
lga,hts_by_lga_2009-10_to_2019-20.xlsx,2016/17,6400.0,Port Stephens,Walk Only,12000,5.3,5.5,9000,0.3,0.8,8.6,
sa3,hts_by_sa3_2020-21_to_2024-25.xlsx,2024/25,,Lake Macquarie - East,Other*,9000,2.0,2.2,41000,1.1,4.5,15.1,11101.0
sa3,hts_by_sa3_2020-21_to_2024-25.xlsx,2024/25,,Lake Macquarie - East,Public transport*,15000,3.3,3.6,302000,8.0,20.6,32.3,11101.0
sa3,hts_by_sa3_2020-21_to_2024-25.xlsx,2024/25,,Lake Macquarie - East,Vehicle driver,246000,55.2,60.0,2606000,69.1,10.6,17.3,11101.0
sa3,hts_by_sa3_2020-21_to_2024-25.xlsx,2024/25,,Lake Macquarie - East,Vehicle passenger*,82000,18.5,20.0,723000,19.2,8.8,16.0,11101.0
sa3,hts_by_sa3_2020-21_to_2024-25.xlsx,2024/25,,Lake Macquarie - East,Walk linked*,35000,7.9,0.0,59000,1.6,1.7,20.6,11101.0
sa3,hts_by_sa3_2020-21_to_2024-25.xlsx,2024/25,,Lake Macquarie - East,Walk only,58000,13.1,14.2,37000,1.0,0.6,10.7,11101.0
sa3,hts_by_sa3_2020-21_to_2024-25.xlsx,2024/25,,Lake Macquarie - West,Other**,1000,0.4,0.5,8000,0.2,5.7,30.5,11102.0
sa3,hts_by_sa3_2020-21_to_2024-25.xlsx,2024/25,,Lake Macquarie - West,Public transport*,22000,6.9,7.6,434000,13.0,19.3,29.5,11102.0
sa3,hts_by_sa3_2020-21_to_2024-25.xlsx,2024/25,,Lake Macquarie - West,Vehicle driver,181000,55.9,61.3,2181000,65.5,12.1,18.8,11102.0
sa3,hts_by_sa3_2020-21_to_2024-25.xlsx,2024/25,,Lake Macquarie - West,Vehicle passenger,66000,20.4,22.3,665000,20.0,10.1,15.0,11102.0
sa3,hts_by_sa3_2020-21_to_2024-25.xlsx,2024/25,,Lake Macquarie - West,Walk linked*,28000,8.8,0.0,18000,0.6,0.6,7.0,11102.0
sa3,hts_by_sa3_2020-21_to_2024-25.xlsx,2024/25,,Lake Macquarie - West,Walk only*,25000,7.6,8.3,23000,0.7,0.9,16.9,11102.0
sa3,hts_by_sa3_2020-21_to_2024-25.xlsx,2024/25,,Lower Hunter,Other**,2000,0.7,0.8,3000,0.1,1.6,8.2,10601.0
sa3,hts_by_sa3_2020-21_to_2024-25.xlsx,2024/25,,Lower Hunter,Public transport*,9000,2.9,3.0,86000,2.6,9.9,24.5,10601.0
sa3,hts_by_sa3_2020-21_to_2024-25.xlsx,2024/25,,Lower Hunter,Vehicle driver,186000,61.5,63.9,2682000,81.8,14.4,18.5,10601.0
sa3,hts_by_sa3_2020-21_to_2024-25.xlsx,2024/25,,Lower Hunter,Vehicle passenger*,67000,22.2,23.0,487000,14.9,7.3,11.4,10601.0
sa3,hts_by_sa3_2020-21_to_2024-25.xlsx,2024/25,,Lower Hunter,Walk linked*,11000,3.7,0.0,10000,0.3,0.9,13.0,10601.0
sa3,hts_by_sa3_2020-21_to_2024-25.xlsx,2024/25,,Lower Hunter,Walk only,27000,9.0,9.3,10000,0.3,0.4,6.3,10601.0
sa3,hts_by_sa3_2020-21_to_2024-25.xlsx,2024/25,,Maitland,Other*,4000,1.1,1.1,19000,0.5,4.9,20.6,10602.0
sa3,hts_by_sa3_2020-21_to_2024-25.xlsx,2024/25,,Maitland,Public transport*,3000,0.8,0.8,29000,0.8,9.6,20.9,10602.0
sa3,hts_by_sa3_2020-21_to_2024-25.xlsx,2024/25,,Maitland,Vehicle driver,199000,54.9,55.4,2706000,72.5,13.6,19.3,10602.0
sa3,hts_by_sa3_2020-21_to_2024-25.xlsx,2024/25,,Maitland,Vehicle passenger*,115000,31.9,32.2,956000,25.6,8.3,15.3,10602.0
sa3,hts_by_sa3_2020-21_to_2024-25.xlsx,2024/25,,Maitland,Walk linked*,3000,0.9,0.0,3000,0.1,0.9,8.6,10602.0
sa3,hts_by_sa3_2020-21_to_2024-25.xlsx,2024/25,,Maitland,Walk only*,37000,10.3,10.4,19000,0.5,0.5,12.2,10602.0
sa3,hts_by_sa3_2020-21_to_2024-25.xlsx,2024/25,,Newcastle,Other,18000,2.8,2.9,94000,1.7,5.2,19.2,11103.0
sa3,hts_by_sa3_2020-21_to_2024-25.xlsx,2024/25,,Newcastle,Public transport,23000,3.5,3.7,519000,9.3,22.9,34.2,11103.0
sa3,hts_by_sa3_2020-21_to_2024-25.xlsx,2024/25,,Newcastle,Vehicle driver,362000,56.3,59.4,3669000,65.8,10.1,17.2,11103.0
sa3,hts_by_sa3_2020-21_to_2024-25.xlsx,2024/25,,Newcastle,Vehicle passenger,128000,19.8,20.9,1216000,21.8,9.5,15.7,11103.0
sa3,hts_by_sa3_2020-21_to_2024-25.xlsx,2024/25,,Newcastle,Walk linked,34000,5.3,0.0,19000,0.3,0.6,12.2,11103.0
sa3,hts_by_sa3_2020-21_to_2024-25.xlsx,2024/25,,Newcastle,Walk only,79000,12.3,13.0,56000,1.0,0.7,12.2,11103.0
sa3,hts_by_sa3_2020-21_to_2024-25.xlsx,2024/25,,Port Stephens,Public transport*,7000,3.5,3.6,115000,4.2,16.8,32.4,10603.0
sa3,hts_by_sa3_2020-21_to_2024-25.xlsx,2024/25,,Port Stephens,Vehicle driver,129000,66.6,68.4,2049000,75.6,15.8,18.5,10603.0
sa3,hts_by_sa3_2020-21_to_2024-25.xlsx,2024/25,,Port Stephens,Vehicle passenger*,35000,17.8,18.2,531000,19.6,15.4,19.5,10603.0
sa3,hts_by_sa3_2020-21_to_2024-25.xlsx,2024/25,,Port Stephens,Walk linked*,5000,2.5,0.0,4000,0.1,0.7,16.4,10603.0
sa3,hts_by_sa3_2020-21_to_2024-25.xlsx,2024/25,,Port Stephens,Walk only*,19000,9.6,9.8,13000,0.5,0.7,12.5,10603.0
sa3,hts_by_sa3_2020-21_to_2024-25.xlsx,2023/24,,Lake Macquarie - East,Other*,7000,1.8,2.0,31000,0.9,4.2,15.0,11101.0
sa3,hts_by_sa3_2020-21_to_2024-25.xlsx,2023/24,,Lake Macquarie - East,Public transport*,12000,3.0,3.2,311000,9.4,26.4,36.3,11101.0
sa3,hts_by_sa3_2020-21_to_2024-25.xlsx,2023/24,,Lake Macquarie - East,Vehicle driver,219000,54.8,59.6,2209000,66.9,10.1,17.2,11101.0
sa3,hts_by_sa3_2020-21_to_2024-25.xlsx,2023/24,,Lake Macquarie - East,Vehicle passenger,73000,18.2,19.9,652000,19.7,9.0,17.1,11101.0
sa3,hts_by_sa3_2020-21_to_2024-25.xlsx,2023/24,,Lake Macquarie - East,Walk linked*,33000,8.1,0.0,59000,1.8,1.8,22.0,11101.0
sa3,hts_by_sa3_2020-21_to_2024-25.xlsx,2023/24,,Lake Macquarie - East,Walk only,56000,14.0,15.3,41000,1.2,0.7,10.5,11101.0
sa3,hts_by_sa3_2020-21_to_2024-25.xlsx,2023/24,,Lake Macquarie - West,Other**,1000,0.3,0.4,4000,0.1,3.9,12.5,11102.0
sa3,hts_by_sa3_2020-21_to_2024-25.xlsx,2023/24,,Lake Macquarie - West,Public transport*,24000,7.2,7.8,419000,12.1,17.6,29.7,11102.0
sa3,hts_by_sa3_2020-21_to_2024-25.xlsx,2023/24,,Lake Macquarie - West,Vehicle driver,179000,54.2,58.5,2189000,63.4,12.3,19.2,11102.0
sa3,hts_by_sa3_2020-21_to_2024-25.xlsx,2023/24,,Lake Macquarie - West,Vehicle passenger,74000,22.3,24.1,790000,22.9,10.7,15.6,11102.0
sa3,hts_by_sa3_2020-21_to_2024-25.xlsx,2023/24,,Lake Macquarie - West,Walk linked*,25000,7.5,0.0,18000,0.5,0.7,7.6,11102.0
sa3,hts_by_sa3_2020-21_to_2024-25.xlsx,2023/24,,Lake Macquarie - West,Walk only*,28000,8.4,9.1,30000,0.9,1.1,19.2,11102.0
sa3,hts_by_sa3_2020-21_to_2024-25.xlsx,2023/24,,Lower Hunter,Public transport*,13000,3.8,4.0,171000,4.7,13.5,25.4,10601.0
sa3,hts_by_sa3_2020-21_to_2024-25.xlsx,2023/24,,Lower Hunter,Vehicle driver,195000,58.3,60.8,2864000,78.6,14.7,19.8,10601.0
sa3,hts_by_sa3_2020-21_to_2024-25.xlsx,2023/24,,Lower Hunter,Vehicle passenger*,89000,26.7,27.9,586000,16.1,6.5,11.2,10601.0
sa3,hts_by_sa3_2020-21_to_2024-25.xlsx,2023/24,,Lower Hunter,Walk linked*,14000,4.2,0.0,11000,0.3,0.8,11.0,10601.0
sa3,hts_by_sa3_2020-21_to_2024-25.xlsx,2023/24,,Lower Hunter,Walk only,23000,7.0,7.3,10000,0.3,0.4,7.0,10601.0
sa3,hts_by_sa3_2020-21_to_2024-25.xlsx,2023/24,,Maitland,Other*,4000,1.1,1.1,19000,0.5,4.8,21.0,10602.0
sa3,hts_by_sa3_2020-21_to_2024-25.xlsx,2023/24,,Maitland,Public transport**,3000,0.8,0.8,43000,1.1,15.5,28.8,10602.0
sa3,hts_by_sa3_2020-21_to_2024-25.xlsx,2023/24,,Maitland,Vehicle driver,194000,55.5,56.0,2856000,72.3,14.7,20.7,10602.0
sa3,hts_by_sa3_2020-21_to_2024-25.xlsx,2023/24,,Maitland,Vehicle passenger*,109000,31.4,31.6,1011000,25.6,9.2,16.3,10602.0
sa3,hts_by_sa3_2020-21_to_2024-25.xlsx,2023/24,,Maitland,Walk linked*,3000,0.8,0.0,3000,0.1,1.2,10.1,10602.0
sa3,hts_by_sa3_2020-21_to_2024-25.xlsx,2023/24,,Maitland,Walk only*,36000,10.4,10.5,19000,0.5,0.5,12.0,10602.0
sa3,hts_by_sa3_2020-21_to_2024-25.xlsx,2023/24,,Newcastle,Other*,17000,2.7,2.8,79000,1.4,4.7,18.8,11103.0
sa3,hts_by_sa3_2020-21_to_2024-25.xlsx,2023/24,,Newcastle,Public transport,17000,2.7,2.9,379000,6.9,22.1,35.1,11103.0
sa3,hts_by_sa3_2020-21_to_2024-25.xlsx,2023/24,,Newcastle,Vehicle driver,356000,56.4,59.2,3813000,69.4,10.7,17.6,11103.0
sa3,hts_by_sa3_2020-21_to_2024-25.xlsx,2023/24,,Newcastle,Vehicle passenger,122000,19.3,20.3,1135000,20.7,9.3,15.4,11103.0
sa3,hts_by_sa3_2020-21_to_2024-25.xlsx,2023/24,,Newcastle,Walk linked,30000,4.8,0.0,21000,0.4,0.7,12.6,11103.0
sa3,hts_by_sa3_2020-21_to_2024-25.xlsx,2023/24,,Newcastle,Walk only,89000,14.1,14.8,64000,1.2,0.7,12.2,11103.0
sa3,hts_by_sa3_2020-21_to_2024-25.xlsx,2023/24,,Port Stephens,Other**,2000,0.7,0.7,9000,0.3,6.2,23.3,10603.0
sa3,hts_by_sa3_2020-21_to_2024-25.xlsx,2023/24,,Port Stephens,Public transport*,8000,3.3,3.3,118000,3.8,15.6,30.7,10603.0
sa3,hts_by_sa3_2020-21_to_2024-25.xlsx,2023/24,,Port Stephens,Vehicle driver,160000,68.9,70.7,2520000,81.8,15.8,20.1,10603.0
sa3,hts_by_sa3_2020-21_to_2024-25.xlsx,2023/24,,Port Stephens,Vehicle passenger*,34000,14.8,15.2,415000,13.5,12.1,22.7,10603.0
sa3,hts_by_sa3_2020-21_to_2024-25.xlsx,2023/24,,Port Stephens,Walk linked*,6000,2.6,0.0,4000,0.1,0.7,15.2,10603.0
sa3,hts_by_sa3_2020-21_to_2024-25.xlsx,2023/24,,Port Stephens,Walk only*,23000,9.8,10.0,15000,0.5,0.7,11.5,10603.0
sa3,hts_by_sa3_2020-21_to_2024-25.xlsx,2022/23,,Lake Macquarie - East,Other**,6000,1.4,1.5,28000,0.8,4.8,14.6,11101.0
sa3,hts_by_sa3_2020-21_to_2024-25.xlsx,2022/23,,Lake Macquarie - East,Public transport*,10000,2.4,2.6,268000,8.0,26.3,33.9,11101.0
sa3,hts_by_sa3_2020-21_to_2024-25.xlsx,2022/23,,Lake Macquarie - East,Vehicle driver,228000,53.4,58.3,2288000,68.1,10.0,16.8,11101.0
sa3,hts_by_sa3_2020-21_to_2024-25.xlsx,2022/23,,Lake Macquarie - East,Vehicle passenger,89000,20.9,22.8,678000,20.2,7.6,16.0,11101.0
sa3,hts_by_sa3_2020-21_to_2024-25.xlsx,2022/23,,Lake Macquarie - East,Walk linked*,35000,8.3,0.0,54000,1.6,1.5,18.8,11101.0
sa3,hts_by_sa3_2020-21_to_2024-25.xlsx,2022/23,,Lake Macquarie - East,Walk only,58000,13.7,14.9,46000,1.4,0.8,13.1,11101.0
sa3,hts_by_sa3_2020-21_to_2024-25.xlsx,2022/23,,Lake Macquarie - West,Other**,1000,0.4,0.4,5000,0.1,3.8,12.1,11102.0
sa3,hts_by_sa3_2020-21_to_2024-25.xlsx,2022/23,,Lake Macquarie - West,Public transport*,22000,6.8,7.5,349000,8.1,15.8,28.7,11102.0
sa3,hts_by_sa3_2020-21_to_2024-25.xlsx,2022/23,,Lake Macquarie - West,Vehicle driver,170000,52.2,57.3,2417000,55.7,14.2,20.6,11102.0
sa3,hts_by_sa3_2020-21_to_2024-25.xlsx,2022/23,,Lake Macquarie - West,Vehicle passenger,71000,21.9,24.0,1507000,34.8,21.2,25.3,11102.0
sa3,hts_by_sa3_2020-21_to_2024-25.xlsx,2022/23,,Lake Macquarie - West,Walk linked*,29000,8.9,0.0,28000,0.6,1.0,15.7,11102.0
sa3,hts_by_sa3_2020-21_to_2024-25.xlsx,2022/23,,Lake Macquarie - West,Walk only*,32000,9.9,10.8,30000,0.7,0.9,27.4,11102.0
sa3,hts_by_sa3_2020-21_to_2024-25.xlsx,2022/23,,Lower Hunter,Other**,0,0.2,0.2,0,0.0,0.7,1.0,10601.0
sa3,hts_by_sa3_2020-21_to_2024-25.xlsx,2022/23,,Lower Hunter,Public transport*,9000,3.0,3.0,92000,3.4,10.7,21.5,10601.0
sa3,hts_by_sa3_2020-21_to_2024-25.xlsx,2022/23,,Lower Hunter,Vehicle driver,171000,58.6,60.4,2150000,78.3,12.6,17.1,10601.0
sa3,hts_by_sa3_2020-21_to_2024-25.xlsx,2022/23,,Lower Hunter,Vehicle passenger*,82000,28.1,29.0,481000,17.5,5.9,10.3,10601.0
sa3,hts_by_sa3_2020-21_to_2024-25.xlsx,2022/23,,Lower Hunter,Walk linked*,9000,2.9,0.0,7000,0.3,0.9,11.8,10601.0
sa3,hts_by_sa3_2020-21_to_2024-25.xlsx,2022/23,,Lower Hunter,Walk only*,21000,7.2,7.5,13000,0.5,0.6,9.0,10601.0
sa3,hts_by_sa3_2020-21_to_2024-25.xlsx,2022/23,,Maitland,Other*,4000,1.2,1.2,18000,0.4,4.2,26.1,10602.0
sa3,hts_by_sa3_2020-21_to_2024-25.xlsx,2022/23,,Maitland,Public transport*,4000,1.0,1.0,47000,1.1,12.8,29.2,10602.0
sa3,hts_by_sa3_2020-21_to_2024-25.xlsx,2022/23,,Maitland,Vehicle driver,201000,55.4,56.0,3039000,74.2,15.2,20.1,10602.0
sa3,hts_by_sa3_2020-21_to_2024-25.xlsx,2022/23,,Maitland,Vehicle passenger*,112000,30.8,31.2,968000,23.6,8.7,15.3,10602.0
sa3,hts_by_sa3_2020-21_to_2024-25.xlsx,2022/23,,Maitland,Walk linked*,4000,1.2,0.0,4000,0.1,0.9,8.6,10602.0
sa3,hts_by_sa3_2020-21_to_2024-25.xlsx,2022/23,,Maitland,Walk only*,38000,10.4,10.6,18000,0.4,0.5,11.3,10602.0
sa3,hts_by_sa3_2020-21_to_2024-25.xlsx,2022/23,,Newcastle,Other*,14000,2.2,2.3,72000,1.4,5.2,19.2,11103.0
sa3,hts_by_sa3_2020-21_to_2024-25.xlsx,2022/23,,Newcastle,Public transport,15000,2.3,2.4,221000,4.4,14.8,29.6,11103.0
sa3,hts_by_sa3_2020-21_to_2024-25.xlsx,2022/23,,Newcastle,Vehicle driver,369000,58.0,60.5,3748000,75.0,10.2,16.9,11103.0
sa3,hts_by_sa3_2020-21_to_2024-25.xlsx,2022/23,,Newcastle,Vehicle passenger,139000,21.9,22.8,885000,17.7,6.3,13.1,11103.0
sa3,hts_by_sa3_2020-21_to_2024-25.xlsx,2022/23,,Newcastle,Walk linked,26000,4.1,0.0,19000,0.4,0.7,13.4,11103.0
sa3,hts_by_sa3_2020-21_to_2024-25.xlsx,2022/23,,Newcastle,Walk only,73000,11.4,11.9,51000,1.0,0.7,11.0,11103.0
sa3,hts_by_sa3_2020-21_to_2024-25.xlsx,2022/23,,Port Stephens,Other**,1000,0.3,0.3,5000,0.2,6.2,23.3,10603.0
sa3,hts_by_sa3_2020-21_to_2024-25.xlsx,2022/23,,Port Stephens,Public transport*,13000,4.8,5.0,258000,7.2,20.3,36.4,10603.0
sa3,hts_by_sa3_2020-21_to_2024-25.xlsx,2022/23,,Port Stephens,Vehicle driver,169000,64.5,66.8,2757000,76.7,16.3,20.5,10603.0
sa3,hts_by_sa3_2020-21_to_2024-25.xlsx,2022/23,,Port Stephens,Vehicle passenger*,47000,17.7,18.4,549000,15.3,11.8,21.7,10603.0
sa3,hts_by_sa3_2020-21_to_2024-25.xlsx,2022/23,,Port Stephens,Walk linked*,9000,3.5,0.0,6000,0.2,0.7,11.5,10603.0
sa3,hts_by_sa3_2020-21_to_2024-25.xlsx,2022/23,,Port Stephens,Walk only*,24000,9.1,9.4,16000,0.5,0.7,12.8,10603.0
sa3,hts_by_sa3_2009-10_to_2019-20.xlsx,2019/20,,Lake Macquarie - East,Bus,5000,0.5,0.6,23000,0.3,4.8,19.6,11101.0
sa3,hts_by_sa3_2009-10_to_2019-20.xlsx,2019/20,,Lake Macquarie - East,Other,2000,0.2,0.2,7000,0.1,3.6,20.0,11101.0
sa3,hts_by_sa3_2009-10_to_2019-20.xlsx,2019/20,,Lake Macquarie - East,Train,2000,0.3,0.3,149000,1.9,66.8,68.7,11101.0
sa3,hts_by_sa3_2009-10_to_2019-20.xlsx,2019/20,,Lake Macquarie - East,Vehicle Driver,262000,29.7,30.5,2684000,35.1,10.3,18.0,11101.0
sa3,hts_by_sa3_2009-10_to_2019-20.xlsx,2019/20,,Lake Macquarie - East,Vehicle Passenger,117000,13.2,13.6,919000,12.0,7.9,14.6,11101.0
sa3,hts_by_sa3_2009-10_to_2019-20.xlsx,2019/20,,Lake Macquarie - East,Walk Linked,12000,1.4,,9000,0.1,0.7,7.8,11101.0
sa3,hts_by_sa3_2009-10_to_2019-20.xlsx,2019/20,,Lake Macquarie - East,Walk Only,41000,4.7,4.8,36000,0.5,0.9,12.2,11101.0
sa3,hts_by_sa3_2009-10_to_2019-20.xlsx,2019/20,,Lake Macquarie - West,Bus,18000,3.2,3.3,191000,2.9,10.6,22.9,11102.0
sa3,hts_by_sa3_2009-10_to_2019-20.xlsx,2019/20,,Lake Macquarie - West,Other,16000,2.9,3.0,166000,2.5,10.4,46.2,11102.0
sa3,hts_by_sa3_2009-10_to_2019-20.xlsx,2019/20,,Lake Macquarie - West,Train,1000,0.3,0.3,112000,1.7,74.7,59.2,11102.0
sa3,hts_by_sa3_2009-10_to_2019-20.xlsx,2019/20,,Lake Macquarie - West,Vehicle Driver,150000,27.0,27.8,2058000,30.9,13.8,20.1,11102.0
sa3,hts_by_sa3_2009-10_to_2019-20.xlsx,2019/20,,Lake Macquarie - West,Vehicle Passenger,66000,11.8,12.2,775000,11.6,11.8,17.4,11102.0
sa3,hts_by_sa3_2009-10_to_2019-20.xlsx,2019/20,,Lake Macquarie - West,Walk Linked,9000,1.5,,8000,0.1,1.0,9.6,11102.0
sa3,hts_by_sa3_2009-10_to_2019-20.xlsx,2019/20,,Lake Macquarie - West,Walk Only,18000,3.3,3.4,23000,0.4,1.3,14.8,11102.0
sa3,hts_by_sa3_2009-10_to_2019-20.xlsx,2019/20,,Lower Hunter,Bus,2000,0.4,0.4,9000,0.1,4.6,11.2,10601.0
sa3,hts_by_sa3_2009-10_to_2019-20.xlsx,2019/20,,Lower Hunter,Other,2000,0.3,0.3,1000,0.0,0.5,4.0,10601.0
sa3,hts_by_sa3_2009-10_to_2019-20.xlsx,2019/20,,Lower Hunter,Train,2000,0.5,0.5,135000,1.7,55.1,53.1,10601.0
sa3,hts_by_sa3_2009-10_to_2019-20.xlsx,2019/20,,Lower Hunter,Vehicle Driver,153000,29.6,30.1,2884000,37.1,18.8,24.2,10601.0
sa3,hts_by_sa3_2009-10_to_2019-20.xlsx,2019/20,,Lower Hunter,Vehicle Passenger,85000,16.4,16.7,833000,10.7,9.8,14.0,10601.0
sa3,hts_by_sa3_2009-10_to_2019-20.xlsx,2019/20,,Lower Hunter,Walk Linked,4000,0.8,,4000,0.1,0.9,9.5,10601.0
sa3,hts_by_sa3_2009-10_to_2019-20.xlsx,2019/20,,Lower Hunter,Walk Only,10000,1.9,2.0,15000,0.2,1.6,15.7,10601.0
sa3,hts_by_sa3_2009-10_to_2019-20.xlsx,2019/20,,Maitland,Bus,1000,0.3,0.3,9000,0.2,6.6,13.7,10602.0
sa3,hts_by_sa3_2009-10_to_2019-20.xlsx,2019/20,,Maitland,Train,4000,0.9,1.0,91000,1.8,22.0,26.6,10602.0
sa3,hts_by_sa3_2009-10_to_2019-20.xlsx,2019/20,,Maitland,Vehicle Driver,139000,31.1,32.4,1932000,38.8,13.9,21.1,10602.0
sa3,hts_by_sa3_2009-10_to_2019-20.xlsx,2019/20,,Maitland,Vehicle Passenger,53000,11.9,12.4,429000,8.6,8.1,13.6,10602.0
sa3,hts_by_sa3_2009-10_to_2019-20.xlsx,2019/20,,Maitland,Walk Linked,9000,2.1,,9000,0.2,1.0,9.6,10602.0
sa3,hts_by_sa3_2009-10_to_2019-20.xlsx,2019/20,,Maitland,Walk Only,17000,3.8,3.9,15000,0.3,0.9,19.6,10602.0
sa3,hts_by_sa3_2009-10_to_2019-20.xlsx,2019/20,,Newcastle,Bus,30000,2.4,2.6,163000,1.8,5.4,20.2,11103.0
sa3,hts_by_sa3_2009-10_to_2019-20.xlsx,2019/20,,Newcastle,Other,24000,1.9,2.1,76000,0.8,3.1,16.8,11103.0
sa3,hts_by_sa3_2009-10_to_2019-20.xlsx,2019/20,,Newcastle,Train,9000,0.7,0.8,1000000,11.0,110.0,97.9,11103.0
sa3,hts_by_sa3_2009-10_to_2019-20.xlsx,2019/20,,Newcastle,Vehicle Driver,361000,28.4,30.8,2591000,28.6,7.2,15.1,11103.0
sa3,hts_by_sa3_2009-10_to_2019-20.xlsx,2019/20,,Newcastle,Vehicle Passenger,101000,7.9,8.6,604000,6.7,6.0,14.2,11103.0
sa3,hts_by_sa3_2009-10_to_2019-20.xlsx,2019/20,,Newcastle,Walk Linked,51000,4.0,,39000,0.4,0.8,9.1,11103.0
sa3,hts_by_sa3_2009-10_to_2019-20.xlsx,2019/20,,Newcastle,Walk Only,60000,4.7,5.1,55000,0.6,0.9,11.1,11103.0
sa3,hts_by_sa3_2009-10_to_2019-20.xlsx,2019/20,,Port Stephens,Bus,2000,0.4,0.4,32000,0.6,21.1,41.5,10603.0
sa3,hts_by_sa3_2009-10_to_2019-20.xlsx,2019/20,,Port Stephens,Other,2000,0.6,0.6,9000,0.2,3.5,25.5,10603.0
sa3,hts_by_sa3_2009-10_to_2019-20.xlsx,2019/20,,Port Stephens,Vehicle Driver,140000,35.4,35.6,1817000,33.0,13.0,17.5,10603.0
sa3,hts_by_sa3_2009-10_to_2019-20.xlsx,2019/20,,Port Stephens,Vehicle Passenger,46000,11.6,11.7,891000,16.2,19.4,29.0,10603.0
sa3,hts_by_sa3_2009-10_to_2019-20.xlsx,2019/20,,Port Stephens,Walk Linked,1000,0.3,,0,0.0,0.1,30.6,10603.0
sa3,hts_by_sa3_2009-10_to_2019-20.xlsx,2019/20,,Port Stephens,Walk Only,6000,1.6,1.6,3000,0.1,0.5,11.4,10603.0
sa3,hts_by_sa3_2009-10_to_2019-20.xlsx,2018/19,,Lake Macquarie - East,Bus,5000,0.5,0.6,17000,0.3,3.7,17.1,11101.0
sa3,hts_by_sa3_2009-10_to_2019-20.xlsx,2018/19,,Lake Macquarie - East,Other,1000,0.1,0.1,6000,0.1,4.7,25.0,11101.0
sa3,hts_by_sa3_2009-10_to_2019-20.xlsx,2018/19,,Lake Macquarie - East,Train,1000,0.2,0.2,172000,2.6,117.1,104.7,11101.0
sa3,hts_by_sa3_2009-10_to_2019-20.xlsx,2018/19,,Lake Macquarie - East,Vehicle Driver,254000,28.6,29.6,2232000,33.1,8.8,17.2,11101.0
sa3,hts_by_sa3_2009-10_to_2019-20.xlsx,2018/19,,Lake Macquarie - East,Vehicle Passenger,122000,13.7,14.2,903000,13.4,7.4,14.4,11101.0
sa3,hts_by_sa3_2009-10_to_2019-20.xlsx,2018/19,,Lake Macquarie - East,Walk Linked,15000,1.6,,10000,0.1,0.7,7.6,11101.0
sa3,hts_by_sa3_2009-10_to_2019-20.xlsx,2018/19,,Lake Macquarie - East,Walk Only,46000,5.2,5.3,28000,0.4,0.6,10.4,11101.0
sa3,hts_by_sa3_2009-10_to_2019-20.xlsx,2018/19,,Lake Macquarie - West,Bus,12000,2.4,2.5,136000,2.3,11.7,21.8,11102.0
sa3,hts_by_sa3_2009-10_to_2019-20.xlsx,2018/19,,Lake Macquarie - West,Other,13000,2.7,2.8,135000,2.3,10.4,46.3,11102.0
sa3,hts_by_sa3_2009-10_to_2019-20.xlsx,2018/19,,Lake Macquarie - West,Train,2000,0.5,0.5,159000,2.7,71.6,57.2,11102.0
sa3,hts_by_sa3_2009-10_to_2019-20.xlsx,2018/19,,Lake Macquarie - West,Vehicle Driver,142000,29.7,30.9,1983000,33.8,13.9,21.0,11102.0
sa3,hts_by_sa3_2009-10_to_2019-20.xlsx,2018/19,,Lake Macquarie - West,Vehicle Passenger,46000,9.5,9.9,480000,8.2,10.5,16.9,11102.0
sa3,hts_by_sa3_2009-10_to_2019-20.xlsx,2018/19,,Lake Macquarie - West,Walk Linked,9000,1.9,,11000,0.2,1.2,11.6,11102.0
sa3,hts_by_sa3_2009-10_to_2019-20.xlsx,2018/19,,Lake Macquarie - West,Walk Only,16000,3.3,3.4,28000,0.5,1.8,19.6,11102.0
sa3,hts_by_sa3_2009-10_to_2019-20.xlsx,2018/19,,Lower Hunter,Bus,2000,0.3,0.3,5000,0.1,3.0,10.0,10601.0
sa3,hts_by_sa3_2009-10_to_2019-20.xlsx,2018/19,,Lower Hunter,Train,2000,0.3,0.3,146000,1.6,69.0,64.7,10601.0
sa3,hts_by_sa3_2009-10_to_2019-20.xlsx,2018/19,,Lower Hunter,Vehicle Driver,184000,28.1,28.6,3168000,35.4,17.2,21.6,10601.0
sa3,hts_by_sa3_2009-10_to_2019-20.xlsx,2018/19,,Lower Hunter,Vehicle Passenger,118000,18.0,18.3,1130000,12.6,9.6,13.5,10601.0
sa3,hts_by_sa3_2009-10_to_2019-20.xlsx,2018/19,,Lower Hunter,Walk Linked,5000,0.7,,6000,0.1,1.1,10.3,10601.0
sa3,hts_by_sa3_2009-10_to_2019-20.xlsx,2018/19,,Lower Hunter,Walk Only,16000,2.5,2.5,23000,0.3,1.4,14.8,10601.0
sa3,hts_by_sa3_2009-10_to_2019-20.xlsx,2018/19,,Maitland,Train,3000,0.9,0.9,81000,2.2,24.6,30.5,10602.0
sa3,hts_by_sa3_2009-10_to_2019-20.xlsx,2018/19,,Maitland,Vehicle Driver,125000,32.9,34.2,1423000,37.7,11.4,18.5,10602.0
sa3,hts_by_sa3_2009-10_to_2019-20.xlsx,2018/19,,Maitland,Vehicle Passenger,40000,10.6,11.0,365000,9.7,9.1,16.7,10602.0
sa3,hts_by_sa3_2009-10_to_2019-20.xlsx,2018/19,,Maitland,Walk Linked,7000,1.8,,6000,0.2,0.9,7.2,10602.0
sa3,hts_by_sa3_2009-10_to_2019-20.xlsx,2018/19,,Maitland,Walk Only,14000,3.7,3.9,14000,0.4,1.0,19.1,10602.0
sa3,hts_by_sa3_2009-10_to_2019-20.xlsx,2018/19,,Newcastle,Bus,30000,2.5,2.6,172000,1.9,5.8,21.9,11103.0
sa3,hts_by_sa3_2009-10_to_2019-20.xlsx,2018/19,,Newcastle,Other,30000,2.5,2.7,105000,1.1,3.5,17.5,11103.0
sa3,hts_by_sa3_2009-10_to_2019-20.xlsx,2018/19,,Newcastle,Train,11000,0.9,1.0,1433000,15.7,128.1,111.4,11103.0
sa3,hts_by_sa3_2009-10_to_2019-20.xlsx,2018/19,,Newcastle,Vehicle Driver,347000,28.7,30.8,2299000,25.1,6.6,14.8,11103.0
sa3,hts_by_sa3_2009-10_to_2019-20.xlsx,2018/19,,Newcastle,Vehicle Passenger,84000,6.9,7.5,480000,5.2,5.7,14.4,11103.0
sa3,hts_by_sa3_2009-10_to_2019-20.xlsx,2018/19,,Newcastle,Walk Linked,42000,3.4,,27000,0.3,0.6,6.4,11103.0
sa3,hts_by_sa3_2009-10_to_2019-20.xlsx,2018/19,,Newcastle,Walk Only,61000,5.1,5.4,58000,0.6,0.9,12.0,11103.0
sa3,hts_by_sa3_2009-10_to_2019-20.xlsx,2018/19,,Port Stephens,Bus,1000,0.4,0.4,31000,0.6,21.1,41.5,10603.0
sa3,hts_by_sa3_2009-10_to_2019-20.xlsx,2018/19,,Port Stephens,Other,2000,0.5,0.5,9000,0.2,4.6,30.0,10603.0
sa3,hts_by_sa3_2009-10_to_2019-20.xlsx,2018/19,,Port Stephens,Vehicle Driver,139000,36.5,36.5,1753000,33.4,12.6,16.9,10603.0
sa3,hts_by_sa3_2009-10_to_2019-20.xlsx,2018/19,,Port Stephens,Vehicle Passenger,43000,11.2,11.2,828000,15.8,19.3,30.3,10603.0
sa3,hts_by_sa3_2009-10_to_2019-20.xlsx,2018/19,,Port Stephens,Walk Only,5000,1.4,1.4,1000,0.0,0.2,7.4,10603.0
sa3,hts_by_sa3_2009-10_to_2019-20.xlsx,2017/18,,Lake Macquarie - East,Bus,11000,1.3,1.4,54000,0.8,4.8,18.7,11101.0
sa3,hts_by_sa3_2009-10_to_2019-20.xlsx,2017/18,,Lake Macquarie - East,Other,1000,0.1,0.2,5000,0.1,3.9,19.3,11101.0
sa3,hts_by_sa3_2009-10_to_2019-20.xlsx,2017/18,,Lake Macquarie - East,Train,1000,0.1,0.1,64000,1.0,79.5,84.0,11101.0
sa3,hts_by_sa3_2009-10_to_2019-20.xlsx,2017/18,,Lake Macquarie - East,Vehicle Driver,245000,28.5,29.6,2167000,33.8,8.8,16.2,11101.0
sa3,hts_by_sa3_2009-10_to_2019-20.xlsx,2017/18,,Lake Macquarie - East,Vehicle Passenger,119000,13.8,14.3,882000,13.8,7.4,14.6,11101.0
sa3,hts_by_sa3_2009-10_to_2019-20.xlsx,2017/18,,Lake Macquarie - East,Walk Linked,16000,1.9,,9000,0.1,0.6,6.9,11101.0
sa3,hts_by_sa3_2009-10_to_2019-20.xlsx,2017/18,,Lake Macquarie - East,Walk Only,37000,4.3,4.5,24000,0.4,0.6,11.8,11101.0
sa3,hts_by_sa3_2009-10_to_2019-20.xlsx,2017/18,,Lake Macquarie - West,Bus,11000,2.0,2.1,137000,2.1,13.0,24.7,11102.0
sa3,hts_by_sa3_2009-10_to_2019-20.xlsx,2017/18,,Lake Macquarie - West,Other,15000,2.8,2.9,153000,2.3,10.5,46.2,11102.0
sa3,hts_by_sa3_2009-10_to_2019-20.xlsx,2017/18,,Lake Macquarie - West,Train,2000,0.3,0.3,117000,1.8,72.9,58.0,11102.0
sa3,hts_by_sa3_2009-10_to_2019-20.xlsx,2017/18,,Lake Macquarie - West,Vehicle Driver,155000,29.9,30.7,2244000,34.2,14.5,21.5,11102.0
sa3,hts_by_sa3_2009-10_to_2019-20.xlsx,2017/18,,Lake Macquarie - West,Vehicle Passenger,54000,10.5,10.8,596000,9.1,11.0,17.3,11102.0
sa3,hts_by_sa3_2009-10_to_2019-20.xlsx,2017/18,,Lake Macquarie - West,Walk Linked,7000,1.3,,9000,0.1,1.3,15.2,11102.0
sa3,hts_by_sa3_2009-10_to_2019-20.xlsx,2017/18,,Lake Macquarie - West,Walk Only,17000,3.2,3.3,21000,0.3,1.3,14.7,11102.0
sa3,hts_by_sa3_2009-10_to_2019-20.xlsx,2017/18,,Lower Hunter,Bus,3000,0.6,0.6,62000,0.8,18.8,32.1,10601.0
sa3,hts_by_sa3_2009-10_to_2019-20.xlsx,2017/18,,Lower Hunter,Train,2000,0.3,0.3,105000,1.4,69.0,64.8,10601.0
sa3,hts_by_sa3_2009-10_to_2019-20.xlsx,2017/18,,Lower Hunter,Vehicle Driver,157000,29.4,29.9,2701000,34.8,17.2,22.0,10601.0
sa3,hts_by_sa3_2009-10_to_2019-20.xlsx,2017/18,,Lower Hunter,Vehicle Passenger,85000,16.0,16.3,989000,12.7,11.6,14.7,10601.0
sa3,hts_by_sa3_2009-10_to_2019-20.xlsx,2017/18,,Lower Hunter,Walk Linked,5000,0.9,,5000,0.1,1.0,11.5,10601.0
sa3,hts_by_sa3_2009-10_to_2019-20.xlsx,2017/18,,Lower Hunter,Walk Only,15000,2.9,2.9,16000,0.2,1.0,13.7,10601.0
sa3,hts_by_sa3_2009-10_to_2019-20.xlsx,2017/18,,Maitland,Bus,6000,1.3,1.3,34000,0.8,5.8,17.4,10602.0
sa3,hts_by_sa3_2009-10_to_2019-20.xlsx,2017/18,,Maitland,Other,3000,0.7,0.7,10000,0.2,3.0,22.1,10602.0
sa3,hts_by_sa3_2009-10_to_2019-20.xlsx,2017/18,,Maitland,Train,2000,0.5,0.6,61000,1.4,24.6,30.5,10602.0
sa3,hts_by_sa3_2009-10_to_2019-20.xlsx,2017/18,,Maitland,Vehicle Driver,148000,31.7,33.1,1644000,38.4,11.1,17.2,10602.0
sa3,hts_by_sa3_2009-10_to_2019-20.xlsx,2017/18,,Maitland,Vehicle Passenger,45000,9.7,10.1,372000,8.7,8.2,14.4,10602.0
sa3,hts_by_sa3_2009-10_to_2019-20.xlsx,2017/18,,Maitland,Walk Linked,10000,2.0,,6000,0.1,0.6,5.9,10602.0
sa3,hts_by_sa3_2009-10_to_2019-20.xlsx,2017/18,,Maitland,Walk Only,19000,4.0,4.2,15000,0.3,0.8,17.4,10602.0
sa3,hts_by_sa3_2009-10_to_2019-20.xlsx,2017/18,,Newcastle,Bus,24000,2.2,2.4,148000,2.0,6.1,21.8,11103.0
sa3,hts_by_sa3_2009-10_to_2019-20.xlsx,2017/18,,Newcastle,Other,22000,2.0,2.1,80000,1.1,3.7,19.1,11103.0
sa3,hts_by_sa3_2009-10_to_2019-20.xlsx,2017/18,,Newcastle,Train,4000,0.3,0.3,517000,7.2,144.9,112.6,11103.0
sa3,hts_by_sa3_2009-10_to_2019-20.xlsx,2017/18,,Newcastle,Vehicle Driver,308000,28.3,30.1,2266000,31.4,7.4,15.4,11103.0
sa3,hts_by_sa3_2009-10_to_2019-20.xlsx,2017/18,,Newcastle,Vehicle Passenger,92000,8.5,9.0,523000,7.2,5.7,13.7,11103.0
sa3,hts_by_sa3_2009-10_to_2019-20.xlsx,2017/18,,Newcastle,Walk Linked,33000,3.0,,21000,0.3,0.6,6.2,11103.0
sa3,hts_by_sa3_2009-10_to_2019-20.xlsx,2017/18,,Newcastle,Walk Only,61000,5.7,6.0,56000,0.8,0.9,12.4,11103.0
sa3,hts_by_sa3_2009-10_to_2019-20.xlsx,2017/18,,Port Stephens,Bus,3000,0.8,0.8,36000,0.7,12.7,27.4,10603.0
sa3,hts_by_sa3_2009-10_to_2019-20.xlsx,2017/18,,Port Stephens,Other,2000,0.5,0.5,7000,0.1,4.6,30.0,10603.0
sa3,hts_by_sa3_2009-10_to_2019-20.xlsx,2017/18,,Port Stephens,Vehicle Driver,123000,34.8,34.8,1773000,33.4,14.5,18.1,10603.0
sa3,hts_by_sa3_2009-10_to_2019-20.xlsx,2017/18,,Port Stephens,Vehicle Passenger,41000,11.7,11.7,837000,15.8,20.3,31.2,10603.0
sa3,hts_by_sa3_2009-10_to_2019-20.xlsx,2017/18,,Port Stephens,Walk Only,8000,2.2,2.2,2000,0.0,0.3,5.6,10603.0
sa3,hts_by_sa3_2009-10_to_2019-20.xlsx,2016/17,,Lake Macquarie - East,Bus,10000,1.1,1.2,56000,0.9,5.5,19.6,11101.0
sa3,hts_by_sa3_2009-10_to_2019-20.xlsx,2016/17,,Lake Macquarie - East,Other,4000,0.4,0.4,30000,0.5,7.7,32.8,11101.0
sa3,hts_by_sa3_2009-10_to_2019-20.xlsx,2016/17,,Lake Macquarie - East,Train,1000,0.1,0.1,103000,1.6,78.6,86.7,11101.0
sa3,hts_by_sa3_2009-10_to_2019-20.xlsx,2016/17,,Lake Macquarie - East,Vehicle Driver,269000,28.2,30.5,2251000,34.1,8.4,15.3,11101.0
sa3,hts_by_sa3_2009-10_to_2019-20.xlsx,2016/17,,Lake Macquarie - East,Vehicle Passenger,110000,11.5,12.4,803000,12.2,7.3,14.4,11101.0
sa3,hts_by_sa3_2009-10_to_2019-20.xlsx,2016/17,,Lake Macquarie - East,Walk Linked,36000,3.7,,19000,0.3,0.5,6.1,11101.0
sa3,hts_by_sa3_2009-10_to_2019-20.xlsx,2016/17,,Lake Macquarie - East,Walk Only,47000,4.9,5.3,35000,0.5,0.7,10.6,11101.0
sa3,hts_by_sa3_2009-10_to_2019-20.xlsx,2016/17,,Lake Macquarie - West,Bus,12000,2.4,2.5,115000,2.2,9.4,24.6,11102.0
sa3,hts_by_sa3_2009-10_to_2019-20.xlsx,2016/17,,Lake Macquarie - West,Other,4000,0.7,0.8,21000,0.4,5.8,26.6,11102.0
sa3,hts_by_sa3_2009-10_to_2019-20.xlsx,2016/17,,Lake Macquarie - West,Train,3000,0.6,0.7,157000,3.0,49.0,45.0,11102.0
sa3,hts_by_sa3_2009-10_to_2019-20.xlsx,2016/17,,Lake Macquarie - West,Vehicle Driver,152000,30.1,31.4,1795000,34.5,11.8,18.9,11102.0
sa3,hts_by_sa3_2009-10_to_2019-20.xlsx,2016/17,,Lake Macquarie - West,Vehicle Passenger,45000,8.9,9.3,477000,9.2,10.6,18.0,11102.0
sa3,hts_by_sa3_2009-10_to_2019-20.xlsx,2016/17,,Lake Macquarie - West,Walk Linked,10000,2.0,,10000,0.2,1.0,12.1,11102.0
sa3,hts_by_sa3_2009-10_to_2019-20.xlsx,2016/17,,Lake Macquarie - West,Walk Only,26000,5.2,5.4,25000,0.5,0.9,14.2,11102.0
sa3,hts_by_sa3_2009-10_to_2019-20.xlsx,2016/17,,Lower Hunter,Bus,5000,0.8,0.8,74000,1.0,16.1,30.7,10601.0
sa3,hts_by_sa3_2009-10_to_2019-20.xlsx,2016/17,,Lower Hunter,Train,2000,0.3,0.3,104000,1.4,69.0,64.7,10601.0
sa3,hts_by_sa3_2009-10_to_2019-20.xlsx,2016/17,,Lower Hunter,Vehicle Driver,162000,28.9,29.4,2584000,35.8,16.0,21.3,10601.0
sa3,hts_by_sa3_2009-10_to_2019-20.xlsx,2016/17,,Lower Hunter,Vehicle Passenger,89000,15.9,16.2,823000,11.4,9.2,12.7,10601.0
sa3,hts_by_sa3_2009-10_to_2019-20.xlsx,2016/17,,Lower Hunter,Walk Linked,5000,0.8,,5000,0.1,1.0,11.4,10601.0
sa3,hts_by_sa3_2009-10_to_2019-20.xlsx,2016/17,,Lower Hunter,Walk Only,18000,3.3,3.3,19000,0.3,1.0,14.5,10601.0
sa3,hts_by_sa3_2009-10_to_2019-20.xlsx,2016/17,,Maitland,Bus,4000,0.7,0.8,23000,0.4,5.9,17.7,10602.0
sa3,hts_by_sa3_2009-10_to_2019-20.xlsx,2016/17,,Maitland,Other,4000,0.8,0.8,10000,0.2,2.5,18.5,10602.0
sa3,hts_by_sa3_2009-10_to_2019-20.xlsx,2016/17,,Maitland,Train,3000,0.5,0.5,103000,1.9,40.3,45.2,10602.0
sa3,hts_by_sa3_2009-10_to_2019-20.xlsx,2016/17,,Maitland,Vehicle Driver,165000,31.6,32.6,2062000,37.9,12.5,17.9,10602.0
sa3,hts_by_sa3_2009-10_to_2019-20.xlsx,2016/17,,Maitland,Vehicle Passenger,61000,11.7,12.0,512000,9.4,8.4,13.4,10602.0
sa3,hts_by_sa3_2009-10_to_2019-20.xlsx,2016/17,,Maitland,Walk Linked,8000,1.6,,3000,0.0,0.3,5.7,10602.0
sa3,hts_by_sa3_2009-10_to_2019-20.xlsx,2016/17,,Maitland,Walk Only,16000,3.1,3.2,9000,0.2,0.6,13.6,10602.0
sa3,hts_by_sa3_2009-10_to_2019-20.xlsx,2016/17,,Newcastle,Bus,18000,1.5,1.6,98000,1.2,5.5,18.9,11103.0
sa3,hts_by_sa3_2009-10_to_2019-20.xlsx,2016/17,,Newcastle,Other,22000,1.9,2.0,69000,0.9,3.2,16.6,11103.0
sa3,hts_by_sa3_2009-10_to_2019-20.xlsx,2016/17,,Newcastle,Train,1000,0.1,0.1,192000,2.4,156.9,108.5,11103.0
sa3,hts_by_sa3_2009-10_to_2019-20.xlsx,2016/17,,Newcastle,Vehicle Driver,346000,29.1,30.8,2710000,33.4,7.8,15.6,11103.0
sa3,hts_by_sa3_2009-10_to_2019-20.xlsx,2016/17,,Newcastle,Vehicle Passenger,111000,9.4,9.9,904000,11.1,8.1,15.0,11103.0
sa3,hts_by_sa3_2009-10_to_2019-20.xlsx,2016/17,,Newcastle,Walk Linked,32000,2.7,,16000,0.2,0.5,5.3,11103.0
sa3,hts_by_sa3_2009-10_to_2019-20.xlsx,2016/17,,Newcastle,Walk Only,64000,5.4,5.7,71000,0.9,1.1,14.8,11103.0
sa3,hts_by_sa3_2009-10_to_2019-20.xlsx,2016/17,,Port Stephens,Bus,7000,1.5,1.6,109000,1.7,15.0,32.5,10603.0
sa3,hts_by_sa3_2009-10_to_2019-20.xlsx,2016/17,,Port Stephens,Other,8000,1.7,1.8,27000,0.4,3.3,16.4,10603.0
sa3,hts_by_sa3_2009-10_to_2019-20.xlsx,2016/17,,Port Stephens,Vehicle Driver,165000,34.1,35.2,2235000,34.9,13.5,17.5,10603.0
sa3,hts_by_sa3_2009-10_to_2019-20.xlsx,2016/17,,Port Stephens,Vehicle Passenger,40000,8.3,8.5,824000,12.9,20.6,27.8,10603.0
sa3,hts_by_sa3_2009-10_to_2019-20.xlsx,2016/17,,Port Stephens,Walk Linked,7000,1.5,,2000,0.0,0.2,5.0,10603.0
sa3,hts_by_sa3_2009-10_to_2019-20.xlsx,2016/17,,Port Stephens,Walk Only,14000,2.9,2.9,9000,0.1,0.7,8.4,10603.0
sa3,hts_by_sa3_2009-10_to_2019-20.xlsx,2015/16,,Lake Macquarie - East,Bus,11000,1.1,1.2,58000,0.8,5.5,20.5,11101.0
sa3,hts_by_sa3_2009-10_to_2019-20.xlsx,2015/16,,Lake Macquarie - East,Other,5000,0.5,0.5,40000,0.5,8.2,29.4,11101.0
sa3,hts_by_sa3_2009-10_to_2019-20.xlsx,2015/16,,Lake Macquarie - East,Train,1000,0.1,0.1,92000,1.2,86.3,94.5,11101.0
sa3,hts_by_sa3_2009-10_to_2019-20.xlsx,2015/16,,Lake Macquarie - East,Vehicle Driver,282000,28.0,30.6,2394000,32.4,8.5,15.3,11101.0
sa3,hts_by_sa3_2009-10_to_2019-20.xlsx,2015/16,,Lake Macquarie - East,Vehicle Passenger,104000,10.4,11.3,1055000,14.3,10.1,16.4,11101.0
sa3,hts_by_sa3_2009-10_to_2019-20.xlsx,2015/16,,Lake Macquarie - East,Walk Linked,43000,4.3,,19000,0.3,0.5,5.7,11101.0
sa3,hts_by_sa3_2009-10_to_2019-20.xlsx,2015/16,,Lake Macquarie - East,Walk Only,57000,5.7,6.2,40000,0.5,0.7,10.1,11101.0
sa3,hts_by_sa3_2009-10_to_2019-20.xlsx,2015/16,,Lake Macquarie - West,Bus,7000,1.2,1.2,40000,0.7,6.1,22.6,11102.0
sa3,hts_by_sa3_2009-10_to_2019-20.xlsx,2015/16,,Lake Macquarie - West,Other,4000,0.8,0.8,26000,0.5,6.0,26.0,11102.0
sa3,hts_by_sa3_2009-10_to_2019-20.xlsx,2015/16,,Lake Macquarie - West,Train,6000,1.0,1.0,154000,2.8,27.2,32.8,11102.0
sa3,hts_by_sa3_2009-10_to_2019-20.xlsx,2015/16,,Lake Macquarie - West,Vehicle Driver,163000,28.4,29.7,1724000,31.5,10.6,17.4,11102.0
sa3,hts_by_sa3_2009-10_to_2019-20.xlsx,2015/16,,Lake Macquarie - West,Vehicle Passenger,57000,9.9,10.4,748000,13.6,13.2,20.1,11102.0
sa3,hts_by_sa3_2009-10_to_2019-20.xlsx,2015/16,,Lake Macquarie - West,Walk Linked,13000,2.3,,13000,0.2,1.0,10.9,11102.0
sa3,hts_by_sa3_2009-10_to_2019-20.xlsx,2015/16,,Lake Macquarie - West,Walk Only,38000,6.6,6.9,35000,0.6,0.9,13.8,11102.0
sa3,hts_by_sa3_2009-10_to_2019-20.xlsx,2015/16,,Lower Hunter,Bus,5000,1.1,1.1,114000,1.9,23.6,34.6,10601.0
sa3,hts_by_sa3_2009-10_to_2019-20.xlsx,2015/16,,Lower Hunter,Vehicle Driver,143000,31.9,32.5,2249000,37.8,15.7,21.2,10601.0
sa3,hts_by_sa3_2009-10_to_2019-20.xlsx,2015/16,,Lower Hunter,Vehicle Passenger,57000,12.6,12.8,605000,10.1,10.7,15.3,10601.0
sa3,hts_by_sa3_2009-10_to_2019-20.xlsx,2015/16,,Lower Hunter,Walk Linked,4000,0.8,,2000,0.0,0.6,9.8,10601.0
sa3,hts_by_sa3_2009-10_to_2019-20.xlsx,2015/16,,Lower Hunter,Walk Only,16000,3.6,3.7,9000,0.1,0.5,11.0,10601.0
sa3,hts_by_sa3_2009-10_to_2019-20.xlsx,2015/16,,Maitland,Bus,10000,1.5,1.6,69000,1.0,7.2,23.1,10602.0
sa3,hts_by_sa3_2009-10_to_2019-20.xlsx,2015/16,,Maitland,Other,7000,1.1,1.2,30000,0.5,4.3,16.2,10602.0
sa3,hts_by_sa3_2009-10_to_2019-20.xlsx,2015/16,,Maitland,Train,4000,0.7,0.7,133000,2.0,30.5,36.1,10602.0
sa3,hts_by_sa3_2009-10_to_2019-20.xlsx,2015/16,,Maitland,Vehicle Driver,182000,28.7,30.4,2556000,38.2,14.1,19.2,10602.0
sa3,hts_by_sa3_2009-10_to_2019-20.xlsx,2015/16,,Maitland,Vehicle Passenger,67000,10.6,11.2,530000,7.9,7.9,12.7,10602.0
sa3,hts_by_sa3_2009-10_to_2019-20.xlsx,2015/16,,Maitland,Walk Linked,18000,2.8,,6000,0.1,0.4,8.2,10602.0
sa3,hts_by_sa3_2009-10_to_2019-20.xlsx,2015/16,,Maitland,Walk Only,29000,4.6,4.9,18000,0.3,0.6,11.4,10602.0
sa3,hts_by_sa3_2009-10_to_2019-20.xlsx,2015/16,,Newcastle,Bus,19000,1.3,1.4,88000,1.0,4.6,18.9,11103.0
sa3,hts_by_sa3_2009-10_to_2019-20.xlsx,2015/16,,Newcastle,Other,18000,1.2,1.3,47000,0.5,2.6,14.4,11103.0
sa3,hts_by_sa3_2009-10_to_2019-20.xlsx,2015/16,,Newcastle,Train,4000,0.3,0.3,93000,1.0,24.2,32.9,11103.0
sa3,hts_by_sa3_2009-10_to_2019-20.xlsx,2015/16,,Newcastle,Vehicle Driver,384000,25.7,27.7,3142000,34.3,8.2,15.8,11103.0
sa3,hts_by_sa3_2009-10_to_2019-20.xlsx,2015/16,,Newcastle,Vehicle Passenger,155000,10.4,11.2,1078000,11.8,6.9,14.0,11103.0
sa3,hts_by_sa3_2009-10_to_2019-20.xlsx,2015/16,,Newcastle,Walk Linked,55000,3.6,,39000,0.4,0.7,7.8,11103.0
sa3,hts_by_sa3_2009-10_to_2019-20.xlsx,2015/16,,Newcastle,Walk Only,114000,7.6,8.2,87000,1.0,0.8,11.9,11103.0
sa3,hts_by_sa3_2009-10_to_2019-20.xlsx,2015/16,,Port Stephens,Bus,10000,1.8,1.9,129000,1.7,12.6,31.2,10603.0
sa3,hts_by_sa3_2009-10_to_2019-20.xlsx,2015/16,,Port Stephens,Other,9000,1.6,1.7,143000,1.9,15.3,24.8,10603.0
sa3,hts_by_sa3_2009-10_to_2019-20.xlsx,2015/16,,Port Stephens,Vehicle Driver,180000,31.7,33.4,2734000,35.8,15.2,19.0,10603.0
sa3,hts_by_sa3_2009-10_to_2019-20.xlsx,2015/16,,Port Stephens,Vehicle Passenger,42000,7.4,7.8,784000,10.3,18.7,22.7,10603.0
sa3,hts_by_sa3_2009-10_to_2019-20.xlsx,2015/16,,Port Stephens,Walk Linked,14000,2.4,,6000,0.1,0.5,4.3,10603.0
sa3,hts_by_sa3_2009-10_to_2019-20.xlsx,2015/16,,Port Stephens,Walk Only,28000,5.0,5.2,23000,0.3,0.8,8.1,10603.0
sa3,hts_by_sa3_2009-10_to_2019-20.xlsx,2014/15,,Lake Macquarie - East,Bus,5000,0.5,0.5,29000,0.4,5.6,20.5,11101.0
sa3,hts_by_sa3_2009-10_to_2019-20.xlsx,2014/15,,Lake Macquarie - East,Other,10000,0.9,1.0,61000,0.8,6.4,22.3,11101.0
sa3,hts_by_sa3_2009-10_to_2019-20.xlsx,2014/15,,Lake Macquarie - East,Train,2000,0.1,0.2,160000,2.2,104.9,131.5,11101.0
sa3,hts_by_sa3_2009-10_to_2019-20.xlsx,2014/15,,Lake Macquarie - East,Vehicle Driver,303000,28.3,30.9,2453000,33.6,8.1,15.1,11101.0
sa3,hts_by_sa3_2009-10_to_2019-20.xlsx,2014/15,,Lake Macquarie - East,Vehicle Passenger,101000,9.4,10.3,874000,12.0,8.7,14.7,11101.0
sa3,hts_by_sa3_2009-10_to_2019-20.xlsx,2014/15,,Lake Macquarie - East,Walk Linked,45000,4.2,,27000,0.4,0.6,6.8,11101.0
sa3,hts_by_sa3_2009-10_to_2019-20.xlsx,2014/15,,Lake Macquarie - East,Walk Only,71000,6.6,7.2,43000,0.6,0.6,8.8,11101.0
sa3,hts_by_sa3_2009-10_to_2019-20.xlsx,2014/15,,Lake Macquarie - West,Bus,9000,1.6,1.6,51000,1.0,5.8,20.3,11102.0
sa3,hts_by_sa3_2009-10_to_2019-20.xlsx,2014/15,,Lake Macquarie - West,Other,5000,1.0,1.0,31000,0.6,5.7,20.2,11102.0
sa3,hts_by_sa3_2009-10_to_2019-20.xlsx,2014/15,,Lake Macquarie - West,Train,6000,1.0,1.1,189000,3.6,32.1,37.5,11102.0
sa3,hts_by_sa3_2009-10_to_2019-20.xlsx,2014/15,,Lake Macquarie - West,Vehicle Driver,152000,26.9,28.4,1626000,31.3,10.7,17.2,11102.0
sa3,hts_by_sa3_2009-10_to_2019-20.xlsx,2014/15,,Lake Macquarie - West,Vehicle Passenger,66000,11.7,12.3,662000,12.7,10.0,15.8,11102.0
sa3,hts_by_sa3_2009-10_to_2019-20.xlsx,2014/15,,Lake Macquarie - West,Walk Linked,15000,2.6,,13000,0.2,0.9,8.8,11102.0
sa3,hts_by_sa3_2009-10_to_2019-20.xlsx,2014/15,,Lake Macquarie - West,Walk Only,30000,5.3,5.5,28000,0.5,1.0,13.0,11102.0
sa3,hts_by_sa3_2009-10_to_2019-20.xlsx,2014/15,,Lower Hunter,Bus,3000,0.8,0.8,47000,1.0,16.5,26.3,10601.0
sa3,hts_by_sa3_2009-10_to_2019-20.xlsx,2014/15,,Lower Hunter,Vehicle Driver,117000,30.7,31.9,1722000,37.4,14.7,19.9,10601.0
sa3,hts_by_sa3_2009-10_to_2019-20.xlsx,2014/15,,Lower Hunter,Vehicle Passenger,50000,13.1,13.6,523000,11.4,10.5,15.4,10601.0
sa3,hts_by_sa3_2009-10_to_2019-20.xlsx,2014/15,,Lower Hunter,Walk Linked,7000,1.9,,3000,0.1,0.4,10.8,10601.0
sa3,hts_by_sa3_2009-10_to_2019-20.xlsx,2014/15,,Lower Hunter,Walk Only,14000,3.6,3.7,8000,0.2,0.6,10.4,10601.0
sa3,hts_by_sa3_2009-10_to_2019-20.xlsx,2014/15,,Maitland,Bus,7000,1.1,1.2,45000,0.7,6.8,21.8,10602.0
sa3,hts_by_sa3_2009-10_to_2019-20.xlsx,2014/15,,Maitland,Other,6000,1.0,1.0,20000,0.3,3.5,10.2,10602.0
sa3,hts_by_sa3_2009-10_to_2019-20.xlsx,2014/15,,Maitland,Train,5000,0.8,0.8,144000,2.2,31.3,35.6,10602.0
sa3,hts_by_sa3_2009-10_to_2019-20.xlsx,2014/15,,Maitland,Vehicle Driver,172000,28.9,30.7,2553000,38.2,14.8,19.9,10602.0
sa3,hts_by_sa3_2009-10_to_2019-20.xlsx,2014/15,,Maitland,Vehicle Passenger,62000,10.4,11.1,549000,8.2,8.8,13.8,10602.0
sa3,hts_by_sa3_2009-10_to_2019-20.xlsx,2014/15,,Maitland,Walk Linked,18000,3.0,,9000,0.1,0.5,9.3,10602.0
sa3,hts_by_sa3_2009-10_to_2019-20.xlsx,2014/15,,Maitland,Walk Only,29000,4.9,5.2,18000,0.3,0.6,9.5,10602.0
sa3,hts_by_sa3_2009-10_to_2019-20.xlsx,2014/15,,Newcastle,Bus,23000,1.5,1.6,125000,1.5,5.5,20.4,11103.0
sa3,hts_by_sa3_2009-10_to_2019-20.xlsx,2014/15,,Newcastle,Other,19000,1.2,1.3,71000,0.8,3.7,18.0,11103.0
sa3,hts_by_sa3_2009-10_to_2019-20.xlsx,2014/15,,Newcastle,Train,4000,0.2,0.3,78000,0.9,21.4,27.9,11103.0
sa3,hts_by_sa3_2009-10_to_2019-20.xlsx,2014/15,,Newcastle,Vehicle Driver,390000,25.2,27.4,2789000,33.0,7.2,14.7,11103.0
sa3,hts_by_sa3_2009-10_to_2019-20.xlsx,2014/15,,Newcastle,Vehicle Passenger,163000,10.5,11.5,1035000,12.2,6.4,13.4,11103.0
sa3,hts_by_sa3_2009-10_to_2019-20.xlsx,2014/15,,Newcastle,Walk Linked,64000,4.1,,45000,0.5,0.7,7.5,11103.0
sa3,hts_by_sa3_2009-10_to_2019-20.xlsx,2014/15,,Newcastle,Walk Only,112000,7.3,7.9,83000,1.0,0.7,11.3,11103.0
sa3,hts_by_sa3_2009-10_to_2019-20.xlsx,2014/15,,Port Stephens,Bus,15000,2.4,2.5,237000,3.4,16.2,33.1,10603.0
sa3,hts_by_sa3_2009-10_to_2019-20.xlsx,2014/15,,Port Stephens,Other,10000,1.7,1.7,137000,2.0,13.7,24.8,10603.0
sa3,hts_by_sa3_2009-10_to_2019-20.xlsx,2014/15,,Port Stephens,Vehicle Driver,186000,30.7,32.2,2408000,34.5,13.0,18.0,10603.0
sa3,hts_by_sa3_2009-10_to_2019-20.xlsx,2014/15,,Port Stephens,Vehicle Passenger,48000,7.9,8.3,676000,9.7,14.1,18.1,10603.0
sa3,hts_by_sa3_2009-10_to_2019-20.xlsx,2014/15,,Port Stephens,Walk Linked,14000,2.3,,8000,0.1,0.6,5.6,10603.0
sa3,hts_by_sa3_2009-10_to_2019-20.xlsx,2014/15,,Port Stephens,Walk Only,30000,5.0,5.2,22000,0.3,0.7,7.8,10603.0
sa3,hts_by_sa3_2009-10_to_2019-20.xlsx,2013/14,,Lake Macquarie - East,Bus,8000,0.8,0.8,60000,0.8,7.9,25.4,11101.0
sa3,hts_by_sa3_2009-10_to_2019-20.xlsx,2013/14,,Lake Macquarie - East,Other,7000,0.7,0.8,40000,0.6,5.4,15.9,11101.0
sa3,hts_by_sa3_2009-10_to_2019-20.xlsx,2013/14,,Lake Macquarie - East,Train,1000,0.1,0.1,133000,1.8,146.9,189.9,11101.0
sa3,hts_by_sa3_2009-10_to_2019-20.xlsx,2013/14,,Lake Macquarie - East,Vehicle Driver,276000,27.9,30.1,2311000,31.9,8.4,15.5,11101.0
sa3,hts_by_sa3_2009-10_to_2019-20.xlsx,2013/14,,Lake Macquarie - East,Vehicle Passenger,102000,10.3,11.1,1022000,14.1,10.0,16.4,11101.0
sa3,hts_by_sa3_2009-10_to_2019-20.xlsx,2013/14,,Lake Macquarie - East,Walk Linked,36000,3.6,,19000,0.3,0.5,6.7,11101.0
sa3,hts_by_sa3_2009-10_to_2019-20.xlsx,2013/14,,Lake Macquarie - East,Walk Only,65000,6.5,7.1,39000,0.5,0.6,10.0,11101.0
sa3,hts_by_sa3_2009-10_to_2019-20.xlsx,2013/14,,Lake Macquarie - West,Bus,11000,1.8,1.9,80000,1.2,7.3,19.1,11102.0
sa3,hts_by_sa3_2009-10_to_2019-20.xlsx,2013/14,,Lake Macquarie - West,Other,4000,0.7,0.8,50000,0.8,11.2,24.2,11102.0
sa3,hts_by_sa3_2009-10_to_2019-20.xlsx,2013/14,,Lake Macquarie - West,Train,7000,1.1,1.2,202000,3.2,30.6,35.0,11102.0
sa3,hts_by_sa3_2009-10_to_2019-20.xlsx,2013/14,,Lake Macquarie - West,Vehicle Driver,157000,26.1,27.7,2018000,31.6,12.9,18.1,11102.0
sa3,hts_by_sa3_2009-10_to_2019-20.xlsx,2013/14,,Lake Macquarie - West,Vehicle Passenger,74000,12.4,13.1,806000,12.6,10.9,15.8,11102.0
sa3,hts_by_sa3_2009-10_to_2019-20.xlsx,2013/14,,Lake Macquarie - West,Walk Linked,17000,2.9,,13000,0.2,0.7,8.0,11102.0
sa3,hts_by_sa3_2009-10_to_2019-20.xlsx,2013/14,,Lake Macquarie - West,Walk Only,30000,5.0,5.3,21000,0.3,0.7,10.5,11102.0
sa3,hts_by_sa3_2009-10_to_2019-20.xlsx,2013/14,,Lower Hunter,Bus,2000,0.6,0.6,59000,1.2,24.5,37.5,10601.0
sa3,hts_by_sa3_2009-10_to_2019-20.xlsx,2013/14,,Lower Hunter,Other,1000,0.2,0.2,5000,0.1,7.1,52.5,10601.0
sa3,hts_by_sa3_2009-10_to_2019-20.xlsx,2013/14,,Lower Hunter,Vehicle Driver,130000,31.8,33.0,1886000,37.2,14.5,19.8,10601.0
sa3,hts_by_sa3_2009-10_to_2019-20.xlsx,2013/14,,Lower Hunter,Vehicle Passenger,49000,12.0,12.4,573000,11.3,11.7,17.2,10601.0
sa3,hts_by_sa3_2009-10_to_2019-20.xlsx,2013/14,,Lower Hunter,Walk Linked,7000,1.8,,5000,0.1,0.6,11.3,10601.0
sa3,hts_by_sa3_2009-10_to_2019-20.xlsx,2013/14,,Lower Hunter,Walk Only,15000,3.7,3.8,10000,0.2,0.7,10.7,10601.0
sa3,hts_by_sa3_2009-10_to_2019-20.xlsx,2013/14,,Maitland,Bus,12000,1.9,2.1,80000,1.3,6.8,22.0,10602.0
sa3,hts_by_sa3_2009-10_to_2019-20.xlsx,2013/14,,Maitland,Other,7000,1.2,1.3,36000,0.6,5.1,10.1,10602.0
sa3,hts_by_sa3_2009-10_to_2019-20.xlsx,2013/14,,Maitland,Train,4000,0.6,0.6,93000,1.5,26.1,30.3,10602.0
sa3,hts_by_sa3_2009-10_to_2019-20.xlsx,2013/14,,Maitland,Vehicle Driver,173000,28.3,30.2,2361000,38.3,13.7,18.7,10602.0
sa3,hts_by_sa3_2009-10_to_2019-20.xlsx,2013/14,,Maitland,Vehicle Passenger,59000,9.7,10.3,477000,7.7,8.1,13.3,10602.0
sa3,hts_by_sa3_2009-10_to_2019-20.xlsx,2013/14,,Maitland,Walk Linked,19000,3.1,,11000,0.2,0.6,9.9,10602.0
sa3,hts_by_sa3_2009-10_to_2019-20.xlsx,2013/14,,Maitland,Walk Only,32000,5.2,5.6,22000,0.4,0.7,9.7,10602.0
sa3,hts_by_sa3_2009-10_to_2019-20.xlsx,2013/14,,Newcastle,Bus,15000,1.0,1.1,90000,1.0,5.8,20.8,11103.0
sa3,hts_by_sa3_2009-10_to_2019-20.xlsx,2013/14,,Newcastle,Other,17000,1.1,1.2,160000,1.8,9.3,25.1,11103.0
sa3,hts_by_sa3_2009-10_to_2019-20.xlsx,2013/14,,Newcastle,Train,4000,0.3,0.3,41000,0.4,9.8,16.0,11103.0
sa3,hts_by_sa3_2009-10_to_2019-20.xlsx,2013/14,,Newcastle,Vehicle Driver,392000,25.9,27.8,3111000,34.4,7.9,15.3,11103.0
sa3,hts_by_sa3_2009-10_to_2019-20.xlsx,2013/14,,Newcastle,Vehicle Passenger,165000,10.9,11.7,1010000,11.2,6.1,13.2,11103.0
sa3,hts_by_sa3_2009-10_to_2019-20.xlsx,2013/14,,Newcastle,Walk Linked,51000,3.4,,37000,0.4,0.7,7.9,11103.0
sa3,hts_by_sa3_2009-10_to_2019-20.xlsx,2013/14,,Newcastle,Walk Only,112000,7.4,7.9,67000,0.7,0.6,9.8,11103.0
sa3,hts_by_sa3_2009-10_to_2019-20.xlsx,2013/14,,Port Stephens,Bus,13000,2.4,2.5,188000,2.9,14.6,29.9,10603.0
sa3,hts_by_sa3_2009-10_to_2019-20.xlsx,2013/14,,Port Stephens,Other,5000,1.0,1.0,126000,1.9,23.5,35.3,10603.0
sa3,hts_by_sa3_2009-10_to_2019-20.xlsx,2013/14,,Port Stephens,Vehicle Driver,154000,28.8,30.0,2115000,32.2,13.7,19.0,10603.0
sa3,hts_by_sa3_2009-10_to_2019-20.xlsx,2013/14,,Port Stephens,Vehicle Passenger,58000,10.8,11.2,833000,12.7,14.5,20.7,10603.0
sa3,hts_by_sa3_2009-10_to_2019-20.xlsx,2013/14,,Port Stephens,Walk Linked,10000,2.0,,7000,0.1,0.7,5.0,10603.0
sa3,hts_by_sa3_2009-10_to_2019-20.xlsx,2013/14,,Port Stephens,Walk Only,27000,5.0,5.2,17000,0.3,0.6,7.4,10603.0
sa3,hts_by_sa3_2009-10_to_2019-20.xlsx,2012/13,,Lake Macquarie - East,Bus,10000,0.9,1.0,83000,1.1,8.6,29.4,11101.0
sa3,hts_by_sa3_2009-10_to_2019-20.xlsx,2012/13,,Lake Macquarie - East,Other,8000,0.8,0.8,41000,0.5,5.1,17.2,11101.0
sa3,hts_by_sa3_2009-10_to_2019-20.xlsx,2012/13,,Lake Macquarie - East,Train,1000,0.1,0.1,118000,1.6,82.2,123.8,11101.0
sa3,hts_by_sa3_2009-10_to_2019-20.xlsx,2012/13,,Lake Macquarie - East,Vehicle Driver,287000,27.7,29.5,2573000,34.3,9.0,15.9,11101.0
sa3,hts_by_sa3_2009-10_to_2019-20.xlsx,2012/13,,Lake Macquarie - East,Vehicle Passenger,111000,10.7,11.4,872000,11.6,7.8,14.6,11101.0
sa3,hts_by_sa3_2009-10_to_2019-20.xlsx,2012/13,,Lake Macquarie - East,Walk Linked,31000,3.0,,23000,0.3,0.7,7.2,11101.0
sa3,hts_by_sa3_2009-10_to_2019-20.xlsx,2012/13,,Lake Macquarie - East,Walk Only,69000,6.7,7.1,45000,0.6,0.7,10.1,11101.0
sa3,hts_by_sa3_2009-10_to_2019-20.xlsx,2012/13,,Lake Macquarie - West,Bus,11000,2.2,2.3,92000,1.5,8.3,21.1,11102.0
sa3,hts_by_sa3_2009-10_to_2019-20.xlsx,2012/13,,Lake Macquarie - West,Other,4000,0.8,0.9,46000,0.8,10.8,21.2,11102.0
sa3,hts_by_sa3_2009-10_to_2019-20.xlsx,2012/13,,Lake Macquarie - West,Train,5000,0.9,1.0,143000,2.4,31.7,33.8,11102.0
sa3,hts_by_sa3_2009-10_to_2019-20.xlsx,2012/13,,Lake Macquarie - West,Vehicle Driver,142000,28.3,30.0,2183000,36.0,15.4,19.9,11102.0
sa3,hts_by_sa3_2009-10_to_2019-20.xlsx,2012/13,,Lake Macquarie - West,Vehicle Passenger,56000,11.2,11.9,546000,9.0,9.7,13.9,11102.0
sa3,hts_by_sa3_2009-10_to_2019-20.xlsx,2012/13,,Lake Macquarie - West,Walk Linked,14000,2.8,,9000,0.2,0.6,7.7,11102.0
sa3,hts_by_sa3_2009-10_to_2019-20.xlsx,2012/13,,Lake Macquarie - West,Walk Only,18000,3.7,3.9,12000,0.2,0.6,10.4,11102.0
sa3,hts_by_sa3_2009-10_to_2019-20.xlsx,2012/13,,Lower Hunter,Bus,5000,1.3,1.3,73000,1.4,14.5,24.4,10601.0
sa3,hts_by_sa3_2009-10_to_2019-20.xlsx,2012/13,,Lower Hunter,Other,1000,0.2,0.2,4000,0.1,7.2,52.5,10601.0
sa3,hts_by_sa3_2009-10_to_2019-20.xlsx,2012/13,,Lower Hunter,Train,0,0.1,0.1,5000,0.1,17.2,20.0,10601.0
sa3,hts_by_sa3_2009-10_to_2019-20.xlsx,2012/13,,Lower Hunter,Vehicle Driver,128000,32.0,33.4,1941000,37.1,15.1,20.7,10601.0
sa3,hts_by_sa3_2009-10_to_2019-20.xlsx,2012/13,,Lower Hunter,Vehicle Passenger,43000,10.7,11.2,577000,11.0,13.5,18.5,10601.0
sa3,hts_by_sa3_2009-10_to_2019-20.xlsx,2012/13,,Lower Hunter,Walk Linked,9000,2.2,,7000,0.1,0.8,12.0,10601.0
sa3,hts_by_sa3_2009-10_to_2019-20.xlsx,2012/13,,Lower Hunter,Walk Only,15000,3.7,3.8,11000,0.2,0.7,10.1,10601.0
sa3,hts_by_sa3_2009-10_to_2019-20.xlsx,2012/13,,Maitland,Bus,9000,1.6,1.7,57000,0.9,6.4,17.6,10602.0
sa3,hts_by_sa3_2009-10_to_2019-20.xlsx,2012/13,,Maitland,Other,7000,1.2,1.3,124000,2.1,18.5,28.0,10602.0
sa3,hts_by_sa3_2009-10_to_2019-20.xlsx,2012/13,,Maitland,Train,2000,0.3,0.3,37000,0.6,20.7,23.8,10602.0
sa3,hts_by_sa3_2009-10_to_2019-20.xlsx,2012/13,,Maitland,Vehicle Driver,163000,29.4,30.9,2124000,35.2,13.0,17.5,10602.0
sa3,hts_by_sa3_2009-10_to_2019-20.xlsx,2012/13,,Maitland,Vehicle Passenger,61000,11.0,11.6,647000,10.7,10.6,15.5,10602.0
sa3,hts_by_sa3_2009-10_to_2019-20.xlsx,2012/13,,Maitland,Walk Linked,14000,2.4,,9000,0.1,0.7,7.6,10602.0
sa3,hts_by_sa3_2009-10_to_2019-20.xlsx,2012/13,,Maitland,Walk Only,22000,4.0,4.2,17000,0.3,0.7,10.5,10602.0
sa3,hts_by_sa3_2009-10_to_2019-20.xlsx,2012/13,,Newcastle,Bus,11000,0.8,0.8,70000,0.7,6.4,23.4,11103.0
sa3,hts_by_sa3_2009-10_to_2019-20.xlsx,2012/13,,Newcastle,Other,15000,1.0,1.1,128000,1.3,8.7,22.9,11103.0
sa3,hts_by_sa3_2009-10_to_2019-20.xlsx,2012/13,,Newcastle,Train,6000,0.4,0.4,52000,0.5,9.3,13.9,11103.0
sa3,hts_by_sa3_2009-10_to_2019-20.xlsx,2012/13,,Newcastle,Vehicle Driver,384000,26.9,28.6,3443000,36.3,9.0,16.5,11103.0
sa3,hts_by_sa3_2009-10_to_2019-20.xlsx,2012/13,,Newcastle,Vehicle Passenger,148000,10.4,11.0,938000,9.9,6.3,12.7,11103.0
sa3,hts_by_sa3_2009-10_to_2019-20.xlsx,2012/13,,Newcastle,Walk Linked,40000,2.8,,29000,0.3,0.7,6.9,11103.0
sa3,hts_by_sa3_2009-10_to_2019-20.xlsx,2012/13,,Newcastle,Walk Only,109000,7.6,8.1,85000,0.9,0.8,11.2,11103.0
sa3,hts_by_sa3_2009-10_to_2019-20.xlsx,2012/13,,Port Stephens,Bus,13000,2.5,2.6,181000,2.5,14.0,27.4,10603.0
sa3,hts_by_sa3_2009-10_to_2019-20.xlsx,2012/13,,Port Stephens,Other,4000,0.7,0.8,63000,0.9,16.6,31.9,10603.0
sa3,hts_by_sa3_2009-10_to_2019-20.xlsx,2012/13,,Port Stephens,Vehicle Driver,146000,28.7,29.6,2219000,30.5,15.2,19.5,10603.0
sa3,hts_by_sa3_2009-10_to_2019-20.xlsx,2012/13,,Port Stephens,Vehicle Passenger,57000,11.2,11.6,1152000,15.9,20.2,24.7,10603.0
sa3,hts_by_sa3_2009-10_to_2019-20.xlsx,2012/13,,Port Stephens,Walk Linked,8000,1.7,,5000,0.1,0.5,5.6,10603.0
sa3,hts_by_sa3_2009-10_to_2019-20.xlsx,2012/13,,Port Stephens,Walk Only,27000,5.2,5.4,12000,0.2,0.5,6.8,10603.0
sa3,hts_by_sa3_2009-10_to_2019-20.xlsx,2011/12,,Lake Macquarie - East,Bus,12000,1.1,1.2,111000,1.3,9.4,31.5,11101.0
sa3,hts_by_sa3_2009-10_to_2019-20.xlsx,2011/12,,Lake Macquarie - East,Other,5000,0.5,0.5,34000,0.4,6.8,22.3,11101.0
sa3,hts_by_sa3_2009-10_to_2019-20.xlsx,2011/12,,Lake Macquarie - East,Train,3000,0.2,0.3,226000,2.6,88.9,107.8,11101.0
sa3,hts_by_sa3_2009-10_to_2019-20.xlsx,2011/12,,Lake Macquarie - East,Vehicle Driver,302000,28.0,29.9,2873000,33.5,9.5,16.0,11101.0
sa3,hts_by_sa3_2009-10_to_2019-20.xlsx,2011/12,,Lake Macquarie - East,Vehicle Passenger,114000,10.6,11.3,979000,11.4,8.6,15.8,11101.0
sa3,hts_by_sa3_2009-10_to_2019-20.xlsx,2011/12,,Lake Macquarie - East,Walk Linked,33000,3.1,,19000,0.2,0.6,5.9,11101.0
sa3,hts_by_sa3_2009-10_to_2019-20.xlsx,2011/12,,Lake Macquarie - East,Walk Only,71000,6.5,7.0,47000,0.5,0.7,10.8,11101.0
sa3,hts_by_sa3_2009-10_to_2019-20.xlsx,2011/12,,Lake Macquarie - West,Bus,7000,1.3,1.4,58000,0.8,7.8,22.4,11102.0
sa3,hts_by_sa3_2009-10_to_2019-20.xlsx,2011/12,,Lake Macquarie - West,Other,3000,0.5,0.5,25000,0.4,9.0,21.8,11102.0
sa3,hts_by_sa3_2009-10_to_2019-20.xlsx,2011/12,,Lake Macquarie - West,Train,4000,0.6,0.7,97000,1.4,27.3,29.0,11102.0
sa3,hts_by_sa3_2009-10_to_2019-20.xlsx,2011/12,,Lake Macquarie - West,Vehicle Driver,171000,30.6,31.7,2572000,37.2,15.0,19.3,11102.0
sa3,hts_by_sa3_2009-10_to_2019-20.xlsx,2011/12,,Lake Macquarie - West,Vehicle Passenger,60000,10.8,11.2,674000,9.7,11.2,15.2,11102.0
sa3,hts_by_sa3_2009-10_to_2019-20.xlsx,2011/12,,Lake Macquarie - West,Walk Linked,10000,1.8,,5000,0.1,0.5,7.2,11102.0
sa3,hts_by_sa3_2009-10_to_2019-20.xlsx,2011/12,,Lake Macquarie - West,Walk Only,24000,4.4,4.5,24000,0.3,1.0,13.4,11102.0
sa3,hts_by_sa3_2009-10_to_2019-20.xlsx,2011/12,,Lower Hunter,Bus,7000,2.1,2.1,83000,1.9,11.9,24.6,10601.0
sa3,hts_by_sa3_2009-10_to_2019-20.xlsx,2011/12,,Lower Hunter,Other,2000,0.6,0.6,9000,0.2,4.3,25.8,10601.0
sa3,hts_by_sa3_2009-10_to_2019-20.xlsx,2011/12,,Lower Hunter,Train,0,0.1,0.1,5000,0.1,17.2,20.0,10601.0
sa3,hts_by_sa3_2009-10_to_2019-20.xlsx,2011/12,,Lower Hunter,Vehicle Driver,110000,32.3,33.5,1654000,38.6,15.0,20.5,10601.0
sa3,hts_by_sa3_2009-10_to_2019-20.xlsx,2011/12,,Lower Hunter,Vehicle Passenger,33000,9.7,10.1,380000,8.9,11.4,16.7,10601.0
sa3,hts_by_sa3_2009-10_to_2019-20.xlsx,2011/12,,Lower Hunter,Walk Linked,6000,1.7,,6000,0.1,0.9,8.5,10601.0
sa3,hts_by_sa3_2009-10_to_2019-20.xlsx,2011/12,,Lower Hunter,Walk Only,12000,3.5,3.6,8000,0.2,0.7,9.6,10601.0
sa3,hts_by_sa3_2009-10_to_2019-20.xlsx,2011/12,,Maitland,Bus,11000,2.2,2.3,68000,1.2,6.2,17.9,10602.0
sa3,hts_by_sa3_2009-10_to_2019-20.xlsx,2011/12,,Maitland,Other,5000,1.0,1.0,128000,2.3,26.4,36.8,10602.0
sa3,hts_by_sa3_2009-10_to_2019-20.xlsx,2011/12,,Maitland,Train,1000,0.2,0.3,28000,0.5,23.0,29.8,10602.0
sa3,hts_by_sa3_2009-10_to_2019-20.xlsx,2011/12,,Maitland,Vehicle Driver,147000,29.8,30.9,1964000,34.8,13.4,18.5,10602.0
sa3,hts_by_sa3_2009-10_to_2019-20.xlsx,2011/12,,Maitland,Vehicle Passenger,61000,12.3,12.7,619000,11.0,10.2,15.8,10602.0
sa3,hts_by_sa3_2009-10_to_2019-20.xlsx,2011/12,,Maitland,Walk Linked,8000,1.7,,5000,0.1,0.6,7.1,10602.0
sa3,hts_by_sa3_2009-10_to_2019-20.xlsx,2011/12,,Maitland,Walk Only,13000,2.7,2.8,10000,0.2,0.8,13.9,10602.0
sa3,hts_by_sa3_2009-10_to_2019-20.xlsx,2011/12,,Newcastle,Bus,9000,0.6,0.7,46000,0.5,5.4,20.2,11103.0
sa3,hts_by_sa3_2009-10_to_2019-20.xlsx,2011/12,,Newcastle,Other,11000,0.8,0.9,132000,1.4,11.5,21.4,11103.0
sa3,hts_by_sa3_2009-10_to_2019-20.xlsx,2011/12,,Newcastle,Train,5000,0.4,0.4,48000,0.5,9.0,14.7,11103.0
sa3,hts_by_sa3_2009-10_to_2019-20.xlsx,2011/12,,Newcastle,Vehicle Driver,374000,27.5,28.9,3451000,36.6,9.2,16.5,11103.0
sa3,hts_by_sa3_2009-10_to_2019-20.xlsx,2011/12,,Newcastle,Vehicle Passenger,144000,10.5,11.1,935000,9.9,6.5,12.7,11103.0
sa3,hts_by_sa3_2009-10_to_2019-20.xlsx,2011/12,,Newcastle,Walk Linked,34000,2.5,,23000,0.2,0.7,6.4,11103.0
sa3,hts_by_sa3_2009-10_to_2019-20.xlsx,2011/12,,Newcastle,Walk Only,104000,7.6,8.0,82000,0.9,0.8,11.2,11103.0
sa3,hts_by_sa3_2009-10_to_2019-20.xlsx,2011/12,,Port Stephens,Bus,5000,1.1,1.2,52000,0.8,10.0,20.9,10603.0
sa3,hts_by_sa3_2009-10_to_2019-20.xlsx,2011/12,,Port Stephens,Vehicle Driver,139000,30.4,31.6,2206000,32.4,15.9,19.0,10603.0
sa3,hts_by_sa3_2009-10_to_2019-20.xlsx,2011/12,,Port Stephens,Vehicle Passenger,55000,12.0,12.4,1127000,16.6,20.6,25.0,10603.0
sa3,hts_by_sa3_2009-10_to_2019-20.xlsx,2011/12,,Port Stephens,Walk Linked,8000,1.8,,5000,0.1,0.6,3.1,10603.0
sa3,hts_by_sa3_2009-10_to_2019-20.xlsx,2011/12,,Port Stephens,Walk Only,21000,4.6,4.8,12000,0.2,0.6,7.7,10603.0
sa3,hts_by_sa3_2009-10_to_2019-20.xlsx,2010/11,,Lake Macquarie - East,Bus,18000,1.4,1.5,127000,1.4,7.2,27.6,11101.0
sa3,hts_by_sa3_2009-10_to_2019-20.xlsx,2010/11,,Lake Macquarie - East,Other,6000,0.5,0.5,44000,0.5,6.9,22.0,11101.0
sa3,hts_by_sa3_2009-10_to_2019-20.xlsx,2010/11,,Lake Macquarie - East,Train,3000,0.2,0.3,257000,2.8,88.7,107.8,11101.0
sa3,hts_by_sa3_2009-10_to_2019-20.xlsx,2010/11,,Lake Macquarie - East,Vehicle Driver,337000,27.4,29.2,3087000,34.2,9.2,15.4,11101.0
sa3,hts_by_sa3_2009-10_to_2019-20.xlsx,2010/11,,Lake Macquarie - East,Vehicle Passenger,135000,11.0,11.7,912000,10.1,6.7,13.8,11101.0
sa3,hts_by_sa3_2009-10_to_2019-20.xlsx,2010/11,,Lake Macquarie - East,Walk Linked,37000,3.0,,28000,0.3,0.8,6.6,11101.0
sa3,hts_by_sa3_2009-10_to_2019-20.xlsx,2010/11,,Lake Macquarie - East,Walk Only,79000,6.4,6.8,61000,0.7,0.8,10.8,11101.0
sa3,hts_by_sa3_2009-10_to_2019-20.xlsx,2010/11,,Lake Macquarie - West,Bus,8000,1.5,1.6,64000,1.0,7.8,19.6,11102.0
sa3,hts_by_sa3_2009-10_to_2019-20.xlsx,2010/11,,Lake Macquarie - West,Other,5000,0.9,1.0,6000,0.1,1.3,8.6,11102.0
sa3,hts_by_sa3_2009-10_to_2019-20.xlsx,2010/11,,Lake Macquarie - West,Train,4000,0.7,0.7,89000,1.4,23.5,25.1,11102.0
sa3,hts_by_sa3_2009-10_to_2019-20.xlsx,2010/11,,Lake Macquarie - West,Vehicle Driver,159000,29.5,30.8,2212000,33.7,13.9,18.1,11102.0
sa3,hts_by_sa3_2009-10_to_2019-20.xlsx,2010/11,,Lake Macquarie - West,Vehicle Passenger,65000,12.0,12.5,875000,13.3,13.5,17.3,11102.0
sa3,hts_by_sa3_2009-10_to_2019-20.xlsx,2010/11,,Lake Macquarie - West,Walk Linked,11000,2.1,,9000,0.1,0.7,10.1,11102.0
sa3,hts_by_sa3_2009-10_to_2019-20.xlsx,2010/11,,Lake Macquarie - West,Walk Only,17000,3.2,3.3,26000,0.4,1.5,16.7,11102.0
sa3,hts_by_sa3_2009-10_to_2019-20.xlsx,2010/11,,Lower Hunter,Bus,8000,2.8,2.9,68000,1.9,8.3,20.2,10601.0
sa3,hts_by_sa3_2009-10_to_2019-20.xlsx,2010/11,,Lower Hunter,Other,2000,0.6,0.6,5000,0.1,2.8,17.0,10601.0
sa3,hts_by_sa3_2009-10_to_2019-20.xlsx,2010/11,,Lower Hunter,Train,0,0.1,0.1,4000,0.1,17.2,20.0,10601.0
sa3,hts_by_sa3_2009-10_to_2019-20.xlsx,2010/11,,Lower Hunter,Vehicle Driver,93000,31.3,32.4,1387000,38.5,14.9,19.5,10601.0
sa3,hts_by_sa3_2009-10_to_2019-20.xlsx,2010/11,,Lower Hunter,Vehicle Passenger,31000,10.3,10.7,325000,9.0,10.6,14.8,10601.0
sa3,hts_by_sa3_2009-10_to_2019-20.xlsx,2010/11,,Lower Hunter,Walk Linked,5000,1.8,,5000,0.1,0.9,6.8,10601.0
sa3,hts_by_sa3_2009-10_to_2019-20.xlsx,2010/11,,Lower Hunter,Walk Only,10000,3.2,3.4,7000,0.2,0.7,8.0,10601.0
sa3,hts_by_sa3_2009-10_to_2019-20.xlsx,2010/11,,Maitland,Bus,8000,2.1,2.2,47000,1.0,5.6,15.3,10602.0
sa3,hts_by_sa3_2009-10_to_2019-20.xlsx,2010/11,,Maitland,Other,4000,0.9,0.9,130000,2.7,37.0,52.3,10602.0
sa3,hts_by_sa3_2009-10_to_2019-20.xlsx,2010/11,,Maitland,Train,1000,0.4,0.4,32000,0.7,21.7,28.9,10602.0
sa3,hts_by_sa3_2009-10_to_2019-20.xlsx,2010/11,,Maitland,Vehicle Driver,116000,29.1,30.4,1654000,33.7,14.2,19.3,10602.0
sa3,hts_by_sa3_2009-10_to_2019-20.xlsx,2010/11,,Maitland,Vehicle Passenger,54000,13.5,14.1,576000,11.7,10.7,16.6,10602.0
sa3,hts_by_sa3_2009-10_to_2019-20.xlsx,2010/11,,Maitland,Walk Linked,8000,2.1,,6000,0.1,0.7,6.5,10602.0
sa3,hts_by_sa3_2009-10_to_2019-20.xlsx,2010/11,,Maitland,Walk Only,8000,2.0,2.0,5000,0.1,0.7,10.9,10602.0
sa3,hts_by_sa3_2009-10_to_2019-20.xlsx,2010/11,,Newcastle,Bus,15000,1.1,1.2,68000,0.8,4.7,18.3,11103.0
sa3,hts_by_sa3_2009-10_to_2019-20.xlsx,2010/11,,Newcastle,Other,13000,1.0,1.0,43000,0.5,3.4,17.1,11103.0
sa3,hts_by_sa3_2009-10_to_2019-20.xlsx,2010/11,,Newcastle,Train,5000,0.4,0.4,64000,0.8,12.2,18.2,11103.0
sa3,hts_by_sa3_2009-10_to_2019-20.xlsx,2010/11,,Newcastle,Vehicle Driver,337000,25.8,27.6,2802000,34.8,8.3,15.7,11103.0
sa3,hts_by_sa3_2009-10_to_2019-20.xlsx,2010/11,,Newcastle,Vehicle Passenger,138000,10.6,11.3,924000,11.5,6.7,13.5,11103.0
sa3,hts_by_sa3_2009-10_to_2019-20.xlsx,2010/11,,Newcastle,Walk Linked,41000,3.2,,30000,0.4,0.7,6.6,11103.0
sa3,hts_by_sa3_2009-10_to_2019-20.xlsx,2010/11,,Newcastle,Walk Only,104000,7.9,8.5,93000,1.2,0.9,12.6,11103.0
sa3,hts_by_sa3_2009-10_to_2019-20.xlsx,2010/11,,Port Stephens,Bus,5000,1.0,1.1,43000,0.6,9.2,19.8,10603.0
sa3,hts_by_sa3_2009-10_to_2019-20.xlsx,2010/11,,Port Stephens,Vehicle Driver,140000,30.8,31.8,2301000,34.1,16.4,19.0,10603.0
sa3,hts_by_sa3_2009-10_to_2019-20.xlsx,2010/11,,Port Stephens,Vehicle Passenger,54000,11.9,12.2,1013000,15.0,18.8,20.9,10603.0
sa3,hts_by_sa3_2009-10_to_2019-20.xlsx,2010/11,,Port Stephens,Walk Linked,7000,1.6,,5000,0.1,0.7,4.1,10603.0
sa3,hts_by_sa3_2009-10_to_2019-20.xlsx,2010/11,,Port Stephens,Walk Only,22000,4.7,4.9,15000,0.2,0.7,8.1,10603.0
sa3,hts_by_sa3_2009-10_to_2019-20.xlsx,2009/10,,Lake Macquarie - East,Bus,20000,1.7,1.8,125000,1.4,6.3,24.0,11101.0
sa3,hts_by_sa3_2009-10_to_2019-20.xlsx,2009/10,,Lake Macquarie - East,Other,9000,0.7,0.8,107000,1.2,11.9,16.3,11101.0
sa3,hts_by_sa3_2009-10_to_2019-20.xlsx,2009/10,,Lake Macquarie - East,Train,3000,0.3,0.3,292000,3.3,93.0,100.8,11101.0
sa3,hts_by_sa3_2009-10_to_2019-20.xlsx,2009/10,,Lake Macquarie - East,Vehicle Driver,330000,27.5,29.4,2817000,32.0,8.5,14.8,11101.0
sa3,hts_by_sa3_2009-10_to_2019-20.xlsx,2009/10,,Lake Macquarie - East,Vehicle Passenger,135000,11.3,12.1,983000,11.1,7.3,14.1,11101.0
sa3,hts_by_sa3_2009-10_to_2019-20.xlsx,2009/10,,Lake Macquarie - East,Walk Linked,39000,3.3,,29000,0.3,0.7,7.1,11101.0
sa3,hts_by_sa3_2009-10_to_2019-20.xlsx,2009/10,,Lake Macquarie - East,Walk Only,63000,5.3,5.6,53000,0.6,0.8,12.2,11101.0
sa3,hts_by_sa3_2009-10_to_2019-20.xlsx,2009/10,,Lake Macquarie - West,Bus,14000,2.5,2.6,93000,1.4,6.5,22.3,11102.0
sa3,hts_by_sa3_2009-10_to_2019-20.xlsx,2009/10,,Lake Macquarie - West,Other,4000,0.6,0.7,3000,0.0,0.7,8.9,11102.0
sa3,hts_by_sa3_2009-10_to_2019-20.xlsx,2009/10,,Lake Macquarie - West,Train,5000,0.8,0.8,153000,2.4,33.7,34.9,11102.0
sa3,hts_by_sa3_2009-10_to_2019-20.xlsx,2009/10,,Lake Macquarie - West,Vehicle Driver,162000,27.9,29.6,2079000,32.0,12.8,17.4,11102.0
sa3,hts_by_sa3_2009-10_to_2019-20.xlsx,2009/10,,Lake Macquarie - West,Vehicle Passenger,68000,11.7,12.4,879000,13.5,12.9,17.0,11102.0
sa3,hts_by_sa3_2009-10_to_2019-20.xlsx,2009/10,,Lake Macquarie - West,Walk Linked,17000,2.9,,15000,0.2,0.9,9.6,11102.0
sa3,hts_by_sa3_2009-10_to_2019-20.xlsx,2009/10,,Lake Macquarie - West,Walk Only,22000,3.7,3.9,30000,0.5,1.4,15.2,11102.0
sa3,hts_by_sa3_2009-10_to_2019-20.xlsx,2009/10,,Lower Hunter,Bus,7000,2.4,2.5,80000,2.1,10.9,32.8,10601.0
sa3,hts_by_sa3_2009-10_to_2019-20.xlsx,2009/10,,Lower Hunter,Other,5000,1.6,1.6,13000,0.3,2.6,11.6,10601.0
sa3,hts_by_sa3_2009-10_to_2019-20.xlsx,2009/10,,Lower Hunter,Vehicle Driver,100000,33.2,33.9,1478000,39.6,14.7,18.6,10601.0
sa3,hts_by_sa3_2009-10_to_2019-20.xlsx,2009/10,,Lower Hunter,Vehicle Passenger,28000,9.4,9.6,289000,7.8,10.2,13.4,10601.0
sa3,hts_by_sa3_2009-10_to_2019-20.xlsx,2009/10,,Lower Hunter,Walk Linked,3000,1.1,,1000,0.0,0.4,3.9,10601.0
sa3,hts_by_sa3_2009-10_to_2019-20.xlsx,2009/10,,Lower Hunter,Walk Only,7000,2.3,2.4,4000,0.1,0.5,6.6,10601.0
sa3,hts_by_sa3_2009-10_to_2019-20.xlsx,2009/10,,Maitland,Bus,5000,1.4,1.4,21000,0.6,3.8,15.7,10602.0
sa3,hts_by_sa3_2009-10_to_2019-20.xlsx,2009/10,,Maitland,Other,5000,1.2,1.2,8000,0.2,1.6,10.5,10602.0
sa3,hts_by_sa3_2009-10_to_2019-20.xlsx,2009/10,,Maitland,Train,1000,0.2,0.2,17000,0.5,20.8,27.7,10602.0
sa3,hts_by_sa3_2009-10_to_2019-20.xlsx,2009/10,,Maitland,Vehicle Driver,109000,28.4,28.9,1383000,37.3,12.6,18.5,10602.0
sa3,hts_by_sa3_2009-10_to_2019-20.xlsx,2009/10,,Maitland,Vehicle Passenger,49000,12.7,12.9,397000,10.7,8.1,15.9,10602.0
sa3,hts_by_sa3_2009-10_to_2019-20.xlsx,2009/10,,Maitland,Walk Linked,3000,0.8,,3000,0.1,0.9,10.0,10602.0
sa3,hts_by_sa3_2009-10_to_2019-20.xlsx,2009/10,,Maitland,Walk Only,20000,5.3,5.4,25000,0.7,1.2,10.1,10602.0
sa3,hts_by_sa3_2009-10_to_2019-20.xlsx,2009/10,,Newcastle,Bus,19000,1.6,1.7,87000,1.2,4.5,19.6,11103.0
sa3,hts_by_sa3_2009-10_to_2019-20.xlsx,2009/10,,Newcastle,Other,12000,1.0,1.0,41000,0.6,3.5,19.6,11103.0
sa3,hts_by_sa3_2009-10_to_2019-20.xlsx,2009/10,,Newcastle,Train,2000,0.1,0.1,55000,0.8,34.6,41.1,11103.0
sa3,hts_by_sa3_2009-10_to_2019-20.xlsx,2009/10,,Newcastle,Vehicle Driver,318000,25.9,27.9,2427000,33.9,7.6,14.5,11103.0
sa3,hts_by_sa3_2009-10_to_2019-20.xlsx,2009/10,,Newcastle,Vehicle Passenger,139000,11.3,12.2,885000,12.4,6.4,13.3,11103.0
sa3,hts_by_sa3_2009-10_to_2019-20.xlsx,2009/10,,Newcastle,Walk Linked,43000,3.5,,24000,0.3,0.6,5.9,11103.0
sa3,hts_by_sa3_2009-10_to_2019-20.xlsx,2009/10,,Newcastle,Walk Only,81000,6.6,7.1,61000,0.9,0.8,11.4,11103.0
sa3,hts_by_sa3_2009-10_to_2019-20.xlsx,2009/10,,Port Stephens,Bus,6000,1.3,1.3,51000,1.0,9.1,22.2,10603.0
sa3,hts_by_sa3_2009-10_to_2019-20.xlsx,2009/10,,Port Stephens,Other,1000,0.2,0.2,1000,0.0,2.2,17.5,10603.0
sa3,hts_by_sa3_2009-10_to_2019-20.xlsx,2009/10,,Port Stephens,Vehicle Driver,143000,32.1,33.0,1935000,39.4,13.6,17.3,10603.0
sa3,hts_by_sa3_2009-10_to_2019-20.xlsx,2009/10,,Port Stephens,Vehicle Passenger,57000,12.7,13.1,448000,9.1,7.9,12.5,10603.0
sa3,hts_by_sa3_2009-10_to_2019-20.xlsx,2009/10,,Port Stephens,Walk Linked,7000,1.5,,5000,0.1,0.8,4.0,10603.0
sa3,hts_by_sa3_2009-10_to_2019-20.xlsx,2009/10,,Port Stephens,Walk Only,10000,2.3,2.4,12000,0.3,1.2,12.3,10603.0
