path,stage,bytes,rows,produced_by,source,source_url,licence,retrieved,sha256
data/raw/_osm_fetch.log,raw,539,,,,,,,34650b9503db5b75d0b1f3a446d283319b05a483a0155c16aed9fccb4dcc5d3e
data/raw/_s3_historical_gtfs_listing.txt,raw,6209826,,,,,,,b00abef076427693c54faf49963a622157c93606b932c787f4d3c32ab4c6393a
data/raw/provenance_abs_dem.json,raw,4624,,,,,,,77f2e89b091a60a8904aee12089c618adfa91ec17e2b9d3939268c7ab5f5aa15
data/raw/provenance_open_data.json,raw,10165,,,,,,,0b4c3e249876326e4aa801980417fba343a97dfebf5d821ffd86582bc7b43fe9
data/raw/boundaries/DZN_2021_AUST_GDA2020_SHP.zip,raw,62160137,9,src/extract/fetch_abs_dem.py,ABS Destination Zones 2021 (workplace geography),https://www.abs.gov.au/statistics/standards/australian-statistical-geography-standard-asgs/edition-3-july-2021-june-2026/access-and-downloads/digital-boundary-files/DZN_2021_AUST_GDA2020_SHP.zip,CC-BY 4.0,2026-08-10,40c867bb50c9816d7fae54f75c2641b32db78a4c910ddd4a43a7727fc0ddb417
data/raw/boundaries/LGA_2021_AUST_GDA2020_SHP.zip,raw,39858973,9,src/extract/fetch_abs_dem.py,ABS LGA 2021 boundaries,https://www.abs.gov.au/statistics/standards/australian-statistical-geography-standard-asgs/edition-3-july-2021-june-2026/access-and-downloads/digital-boundary-files/LGA_2021_AUST_GDA2020_SHP.zip,CC-BY 4.0,2026-08-10,3b42e527d3fb946fec937ed6f76b8cad9882047b46188295988c3bcaab90b99a
data/raw/boundaries/SA1_2021_AUST_SHP_GDA2020.zip,raw,100630598,5,src/extract/fetch_abs_dem.py,ABS ASGS Ed3 SA1 2021 digital boundaries,https://www.abs.gov.au/statistics/standards/australian-statistical-geography-standard-asgs/edition-3-july-2021-june-2026/access-and-downloads/digital-boundary-files/SA1_2021_AUST_SHP_GDA2020.zip,CC-BY 4.0,2026-08-10,177adac8fcc931355318984471e0e6ac76b42d1119acf3c4e3842a7c6f25ed18
data/raw/boundaries/SA2_2021_AUST_SHP_GDA2020.zip,raw,50678443,5,src/extract/fetch_abs_dem.py,ABS ASGS Ed3 SA2 2021 digital boundaries,https://www.abs.gov.au/statistics/standards/australian-statistical-geography-standard-asgs/edition-3-july-2021-june-2026/access-and-downloads/digital-boundary-files/SA2_2021_AUST_SHP_GDA2020.zip,CC-BY 4.0,2026-08-10,c4dc5bac209f01177eaa0715d27f32cdb09ab5784fb82979741556d2f8e6d148
data/raw/boundaries/SA3_2021_AUST_SHP_GDA2020.zip,raw,35980764,5,src/extract/fetch_abs_dem.py,ABS ASGS Ed3 SA3 2021 digital boundaries,https://www.abs.gov.au/statistics/standards/australian-statistical-geography-standard-asgs/edition-3-july-2021-june-2026/access-and-downloads/digital-boundary-files/SA3_2021_AUST_SHP_GDA2020.zip,CC-BY 4.0,2026-08-10,05215ddc3a577373aa929038cad4cd0fddf910d2f62dbc36cc9c628b5e0a6a32
data/raw/census/2021_GCP_SA1_for_NSW_short-header.zip,raw,124600647,129,src/extract/fetch_abs_dem.py,"ABS Census 2021 General Community Profile, SA1, NSW",https://www.abs.gov.au/census/find-census-data/datapacks/download/2021_GCP_SA1_for_NSW_short-header.zip,CC-BY 4.0,2026-08-10,c33220ea825e8849affc2024f97fd4c3cdb2d8bdd7431f2c91f6c3ce7965ca93
data/raw/census/2021_GCP_SA2_for_NSW_short-header.zip,raw,14761508,129,src/extract/fetch_abs_dem.py,"ABS Census 2021 GCP, SA2, NSW",https://www.abs.gov.au/census/find-census-data/datapacks/download/2021_GCP_SA2_for_NSW_short-header.zip,CC-BY 4.0,2026-08-10,f59a123df5cbdb70439bafd66eb931881c8c962ad696c8c1d55dd772c76938bc
data/raw/census/2021_PEP_SA1_for_NSW_short-header.zip,raw,86202163,78,src/extract/fetch_abs_dem.py,,,,,a9147cd46f5c2ed19b31b25793839f855aa720084870053f4760c85a56fe94c0
data/raw/census/2021_PEP_SA2_for_NSW_short-header.zip,raw,10394702,78,src/extract/fetch_abs_dem.py,"ABS Census 2021 Place of Enumeration Profile, SA2, NSW",https://www.abs.gov.au/census/find-census-data/datapacks/download/2021_PEP_SA2_for_NSW_short-header.zip,CC-BY 4.0,2026-08-10,451db76943125d7e6b5a38bc22843f9090094c34833d7cd3b056a0838e6e0da0
data/raw/census/2021_WPP_SA2_for_NSW_short-header.zip,raw,10277085,98,src/extract/fetch_abs_dem.py,,,,,f3a0522d5772e50e2f3b315787421ecb9f8f32e43c26d69ff960c9219256f39c
data/raw/counts/rms_documentation.pdf,raw,1648844,,src/extract/fetch_open_data.py,NSW traffic volume counts documentation,https://opendata.transport.nsw.gov.au/data/dataset/ef2b0bd2-db1e-48f3-9ea1-2bb9e6bc6504/resource/13d061b1-1606-49b5-b182-d36ce0801f14/download/rms-dataset-documentation-nsw-traffic-volume-counts_0.pdf,CC-BY 4.0,2026-08-10,97983a8d3faae1f084408bd2896f7224a47704d21c9f663445573b6915cee074
data/raw/counts/rms_hourly_permanent.zip,raw,871235013,5,src/extract/fetch_open_data.py,"NSW road traffic counts hourly, permanent stations",https://opendata.transport.nsw.gov.au/data/dataset/ef2b0bd2-db1e-48f3-9ea1-2bb9e6bc6504/resource/bca06c7e-30be-4a90-bc8b-c67428c0823a/download/road_traffic_counts_hourly_permanent.zip,CC-BY 4.0,2026-08-10,skipped_large
data/raw/counts/rms_station_reference.csv,raw,774192,1783,src/extract/fetch_open_data.py,NSW road traffic count station reference,https://opendata.transport.nsw.gov.au/data/dataset/ef2b0bd2-db1e-48f3-9ea1-2bb9e6bc6504/resource/c65ad7b4-0257-4cc6-953e-5299ac8d27ba/download/road_traffic_counts_station_reference.csv,CC-BY 4.0,2026-08-10,bea9249941c27ae8ebd4c724e8bffd6c6ddfa1db149dff6dc9ca7db777374ffd
data/raw/counts/rms_yearly_summary.csv,raw,49320218,275821,src/extract/fetch_open_data.py,NSW road traffic counts yearly summary (AADT),https://opendata.transport.nsw.gov.au/data/dataset/ef2b0bd2-db1e-48f3-9ea1-2bb9e6bc6504/resource/cba9a012-c305-414e-b848-f0e3aad18d97/download/road_traffic_counts_yearly_summary.csv,CC-BY 4.0,2026-08-10,f2b4f6b1bd15e90374c487a8814bfa9e4150bcb7e13410e5099d0df580f36c0f
data/raw/dem/Copernicus_DSM_COG_10_S33_00_E151_00_DEM.tif,raw,46923232,,src/extract/fetch_abs_dem.py,Copernicus GLO-30 DEM tile S33E151,https://copernicus-dem-30m.s3.amazonaws.com/Copernicus_DSM_COG_10_S33_00_E151_00_DEM/Copernicus_DSM_COG_10_S33_00_E151_00_DEM.tif,ESA / open,2026-08-10,5a758a39d86b673167581a78494b9a0bb911b5df57a72fc90b2890da622065e5
data/raw/dem/Copernicus_DSM_COG_10_S34_00_E151_00_DEM.tif,raw,20882213,,src/extract/fetch_abs_dem.py,Copernicus GLO-30 DEM tile S34E151,https://copernicus-dem-30m.s3.amazonaws.com/Copernicus_DSM_COG_10_S34_00_E151_00_DEM/Copernicus_DSM_COG_10_S34_00_E151_00_DEM.tif,ESA / open,2026-08-10,6e20871096986cd00fc3903ea95670a0d83860236a0e4f1360ac9ac67def485d
data/raw/hts/hts_by_lga_2009-10_to_2019-20.xlsx,raw,171511,,src/extract/fetch_open_data.py,NSW Household Travel Survey by LGA 2009/10-2019/20,https://opendata.transport.nsw.gov.au/data/dataset/c0f9a300-38e5-4086-90fb-c7a1f0b0fe31/resource/2bc7603b-6bba-456d-9a81-e560d8a0f5ce/download/data-by-lga-2009-to-2019_revised-release-feb-2026.xlsx,CC-BY 4.0,2026-08-10,4e280c6b3ae486ea64d7d7a786fff39a9d80c0e134b9a9328f8352149d223a34
data/raw/hts/hts_by_lga_2020-21_to_2024-25.xlsx,raw,140991,,src/extract/fetch_open_data.py,NSW Household Travel Survey by LGA 2020/21-2024/25,https://opendata.transport.nsw.gov.au/data/dataset/c0f9a300-38e5-4086-90fb-c7a1f0b0fe31/resource/8b0a7e54-9dea-43c3-9804-5e2917bf4f1f/download/data-by-lga-2020_21-to-2024_25.xlsx,CC-BY 4.0,2026-08-10,21b8cb5ca2fc689dfee6a7a5a71198e047e9fe6e2ef3203a1bcf6d35484177a7
data/raw/hts/hts_by_sa3_2009-10_to_2019-20.xlsx,raw,560261,,src/extract/fetch_open_data.py,NSW Household Travel Survey by SA3 2009/10-2019/20,https://opendata.transport.nsw.gov.au/data/dataset/c0f9a300-38e5-4086-90fb-c7a1f0b0fe31/resource/75b3e41c-18e6-499d-948d-de735fd8e308/download/data-by-sa3-2009-to-2019_revised-release-feb-2026.xlsx,CC-BY 4.0,2026-08-10,35bb2e40139be6f6331b9cb56e2d25356d64a691ac7ef2cff2d33398f47c4a28
data/raw/hts/hts_by_sa3_2020-21_to_2024-25.xlsx,raw,166975,,src/extract/fetch_open_data.py,NSW Household Travel Survey by SA3 2020/21-2024/25,https://opendata.transport.nsw.gov.au/data/dataset/c0f9a300-38e5-4086-90fb-c7a1f0b0fe31/resource/e95e31d5-64ed-44f1-b845-250498849758/download/data-by-sa3-2020_21-to-2024_25.xlsx,CC-BY 4.0,2026-08-10,4a3257d3ad830e008d62ff7ff7f91169678d39e8c294cfd295a33d2b46adbe8d
data/raw/hts/hts_data_document_2009_2019.pdf,raw,306302,,src/extract/fetch_open_data.py,HTS data documentation 2009-2019,https://opendata.transport.nsw.gov.au/data/dataset/c0f9a300-38e5-4086-90fb-c7a1f0b0fe31/resource/8c440e30-09b2-4c70-99ed-74a250fb55f9/download/hts-data-document-2009_2019.pdf,CC-BY 4.0,2026-08-10,18531d1e3c41b26ed91fd6ccd83db01c6453b288fe43452d06f6f311f8944821
data/raw/hts/hts_data_document_2020_2024.pdf,raw,327209,,src/extract/fetch_open_data.py,HTS data documentation 2020-2024,https://opendata.transport.nsw.gov.au/data/dataset/c0f9a300-38e5-4086-90fb-c7a1f0b0fe31/resource/5a0ac96e-4562-4ffe-bb96-beb0cb0dca89/download/hts-data-document-2020_2024.pdf,CC-BY 4.0,2026-08-10,69fde85959d2cde452fe34c885051395b67dad24febd60fd6780f9452808aa75
data/raw/opal/all_modes_trips.csv,raw,265365,6899,src/extract/fetch_open_data.py,TfNSW Opal Trips - All Modes,https://opendata.transport.nsw.gov.au/data/dataset/c92c0418-8678-4e39-9c34-70be8c35f7ef/resource/c77b83d7-cdcd-4a0e-9b12-fcc159727589/download/all_modes.csv,CC-BY 4.0,2026-08-10,adb9d043f3177d0e81210a812700eb73546772e9757b167828c7146cbc9dbfec
data/raw/opal/all_modes_trips_legacy.csv,raw,199305,5589,src/extract/fetch_open_data.py,TfNSW Opal Trips - All Modes (legacy methodology epoch),https://opendata.transport.nsw.gov.au/data/dataset/c92c0418-8678-4e39-9c34-70be8c35f7ef/resource/75df8157-3eab-4cf1-a877-86ce7c08af26/download/all-modes_legacy.csv,CC-BY 4.0,2026-08-10,d1d91fd06f81ee2dccfc93825f9caafd6b29bc4dcc345ec077db6fd32139d445
data/raw/opal/bus_trips_by_contract_area_legacy.csv,raw,332528,1228,src/extract/fetch_open_data.py,"TfNSW Opal bus trips by contract area (legacy, pre-2024 methodology)",https://opendata.transport.nsw.gov.au/data/dataset/e63d778f-46dd-4ea1-b832-ef917876ce5a/resource/9862b4f1-37d9-495a-97b6-0c867fa91d83/download/bus-card-type_48.csv,CC-BY 4.0,2026-08-10,700f4735d70b7c0df7f7c38fe7c96efe13e3dada3673ba5b4bc372a79f5f999b
data/raw/opal/bus_trips_by_contract_region.csv,raw,2042766,37444,src/extract/fetch_open_data.py,TfNSW Opal Trips - Bus by contract region,https://opendata.transport.nsw.gov.au/data/dataset/e63d778f-46dd-4ea1-b832-ef917876ce5a/resource/6095c2b7-8649-4244-902d-4e62c8ea87d9/download/bus.csv,CC-BY 4.0,2026-08-10,8c3b754bd6136ce74e166c996cc92d4fbe527c565cb15bf7625817f94050f00e
data/raw/opal/lightrail_trips_by_line_cardtype.csv,raw,2874866,70196,src/extract/fetch_open_data.py,"TfNSW Opal Trips - Light Rail (NRT, by month/line/card type)",https://opendata.transport.nsw.gov.au/data/dataset/6641ea76-4818-4e38-864f-4e3cb6bb98ee/resource/2bb651a0-eb15-4729-8dd5-9891b3708e6d/download/lightrail.csv,CC-BY 4.0,2026-08-10,44a8496c6d2db97f48d71df80bc9a4166afe1c356cb435569451e58f36b16a29
data/raw/opal/lightrail_trips_by_tapon_station.csv,raw,1716544,34374,src/extract/fetch_open_data.py,TfNSW Opal Light Rail trips by tap-on station (to Jun 2024; pre series break),https://opendata.transport.nsw.gov.au/data/dataset/6641ea76-4818-4e38-864f-4e3cb6bb98ee/resource/80b57af2-dc41-49c0-bb54-e0d7fa5214f6/download/lightrail-june-2024.csv,CC-BY 4.0,2026-08-10,a8069a32dc0f2551d0c81f8ab08d0a9a0d8475cdbd230e12f4f19635253e3f18
data/raw/opal/opal_tap_documentation.pdf,raw,493027,,src/extract/fetch_open_data.py,Open Opal Data documentation,https://opendata.transport.nsw.gov.au/data/dataset/4789edda-acb9-4eba-acc1-327db1a13843/resource/a148d2c0-bf82-44f8-904b-124f20e8a7bb/download/open-opal-data-documentation_0_1.pdf,CC-BY 4.0,2026-08-10,cbc69bca09826eb2136f28c5f31a20c9545faea74e74269b861f123c4bf95d37
data/raw/opal/station_entries_exits_2016_2023_typical_day.xlsx,raw,183811,,src/extract/fetch_open_data.py,TfNSW Train station entries/exits 2016-2023 typical day,https://opendata.transport.nsw.gov.au/data/dataset/3977df59-a1fa-422e-91ff-cfaeac355cc9/resource/491763fc-82ed-4e44-9fca-8f3285db526e/download/train-station-entries-and-exits-version-2.2.xlsx,CC-BY 4.0,2026-08-10,140480524394b13c4f0aee85d24515c519020bc38554c6f9be9aff9eae05bd26
data/raw/opal/station_entries_exits_monthly.csv,raw,980339,15706,src/extract/fetch_open_data.py,"TfNSW Train/Metro/LR station monthly usage (Opal batch, from Nov 2024)",https://opendata.transport.nsw.gov.au/data/dataset/3977df59-a1fa-422e-91ff-cfaeac355cc9/resource/f8bb2918-0540-4bb3-9ccf-f7aef04d4249/download/entry_exit.csv,CC-BY 4.0,2026-08-10,289de76e35e381db8855f0620e1555577ae37983d27ecad290771d3804300939
data/raw/opal/tap_time_loc_20160725-31.csv,raw,8603209,215630,src/extract/fetch_open_data.py,"Opal tap on/off by time and location, 25-31 Jul 2016 (era 2)",https://opendata.transport.nsw.gov.au/data/dataset/4789edda-acb9-4eba-acc1-327db1a13843/resource/ce1e431d-30a2-4f73-b1dd-d1944a203ca3/download/time-loc_20160725-31_2.csv,CC-BY 4.0,2026-08-10,e1ecf135e10d4d76fb8f4e50efaa443ed052a7fe6df575b2bde5aa6934074f7e
data/raw/opal/tap_time_loc_20160808-14.csv,raw,9013406,225080,src/extract/fetch_open_data.py,"Opal tap on/off by time and location, 8-14 Aug 2016 (era 2)",https://opendata.transport.nsw.gov.au/data/dataset/4789edda-acb9-4eba-acc1-327db1a13843/resource/91a8e531-b2f8-4d0f-9d82-79e45c56ce27/download/time-loc_20160808-14.csv,CC-BY 4.0,2026-08-10,58429edc78c3266ee5830ac623280c3acecc88b6efff393ca72912cd3a9c7a7f
data/processed/census/_census_report.json,processed,4309,,src/extract/extract_census.py,,,,,d17cc8959dfe2d708ad8a60ec4c4b445ce986ee9c0f4405472b34bf932a99a34
data/processed/census/census2021_G01_SA1.csv,processed,549841,1701,src/extract/extract_census.py,,,,,36c8fb6e9a70043bf928997de949ec8fd9167372fe7ae8da98fdffbe8b9e6106
data/processed/census/census2021_G02_SA1.csv,processed,87023,1701,src/extract/extract_census.py,,,,,0f4f31fc0787b92bfd7299052783dc94fad7ba9c796b115d81df0cd81ad0423a
data/processed/census/census2021_G04A_SA1.csv,processed,767068,1701,src/extract/extract_census.py,,,,,40484270e22cd1a6b957fb5c9f64882e031b31fcae2684e35dc319a30af61a93
data/processed/census/census2021_G04B_SA1.csv,processed,424242,1701,src/extract/extract_census.py,,,,,11eec5b39607fc01ce1adc28004916f02a0123217ffa28c81c50e5ffa4302189
data/processed/census/census2021_G17A_SA1.csv,processed,744687,1701,src/extract/extract_census.py,,,,,32e2ed00d2762de141b49033274388b6df04d16cd95bbc202ae1511cb7dc75e6
data/processed/census/census2021_G17B_SA1.csv,processed,752902,1701,src/extract/extract_census.py,,,,,8c0c608b4aea0e71ad6919999c12582fd49586030c7e4de8bd97f64ef89cec0b
data/processed/census/census2021_G17C_SA1.csv,processed,441207,1701,src/extract/extract_census.py,,,,,3c1ea1379d88400de0a354bf042a94e3c52f7e9c1c725ecc1068e3cbdcdf49ba
data/processed/census/census2021_G34_SA1.csv,processed,69438,1701,src/extract/extract_census.py,,,,,0577b5e19f5422178983bc474d69a2d302031c62065543232325dec8025df0f0
data/processed/census/census2021_G35_SA1.csv,processed,124795,1701,src/extract/extract_census.py,,,,,6a92ab675ec54bff006ec53d183082656393be91708730f701f6bacbd8b98f95
data/processed/census/census2021_G36_SA1.csv,processed,186934,1701,src/extract/extract_census.py,,,,,cd2baa1748af1db46341c7ddbffdff19cadc514422da420d26de9793dd00e71e
data/processed/census/census2021_G43_SA1.csv,processed,385250,1701,src/extract/extract_census.py,,,,,a96a1270837478f218383c64a4588f85859eaec4514fe1d1d0d990daabd93e12
data/processed/census/census2021_G46A_SA1.csv,processed,778104,1701,src/extract/extract_census.py,,,,,ad6f1b2df212d9d4aaa6ff0423020e5f57d9248de3a3bc3d496f34d1d02dfd1e
data/processed/census/census2021_G46B_SA1.csv,processed,675907,1701,src/extract/extract_census.py,,,,,3e7306b522f3b80734a073a48e1acb4e7289f28308cea533a4c6fd2428e9e5b2
data/processed/census/census2021_G54A_SA1.csv,processed,719764,1701,src/extract/extract_census.py,,,,,7a47c18dd4c0e70dcfd6623bc1d330e7ca92a9b8a2037a5450cba18476d9f687
data/processed/census/census2021_G54B_SA1.csv,processed,729142,1701,src/extract/extract_census.py,,,,,52a8ea21630731798b594c83703a7de96801fe9120fd51d4fdef31ca77a44ae6
data/processed/census/census2021_G60A_SA1.csv,processed,748498,1701,src/extract/extract_census.py,,,,,22f935e8932897a796b9289c52b79a9909ec4cee4470573d4be6fa6f33cc1c0e
data/processed/census/census2021_G60B_SA1.csv,processed,402554,1701,src/extract/extract_census.py,,,,,97b5de57d85069306b21fdc889b09bec16358a4bcd727ca8205ad55e51cd93ec
data/processed/census/census2021_G62_SA1.csv,processed,428161,1701,src/extract/extract_census.py,,,,,4674fcc9f27cf7200e6b6881a0f5b3b18b78317f2dd88a2c16bca60474d80454
data/processed/census/census2021_W01A_POW_SA2.csv,processed,36650,55,src/extract/extract_census.py,,,,,90a9832f249654e26ada0e40531c41b0d38b54054c9bd82b0d5b37e6a5d7545f
data/processed/census/census2021_W09A_POW_SA2.csv,processed,31939,55,src/extract/extract_census.py,,,,,97a85f329aa90498dd505d766daee511e6baa6bc26af5b2a9db4982652b6f653
data/processed/census/census2021_W09B_POW_SA2.csv,processed,30807,55,src/extract/extract_census.py,,,,,6645f2c4b7b41d4713ee619300068a4a19d1d8abf5d7c1d559155f9c45d2e15c
data/processed/census/census2021_W13_POW_SA2.csv,processed,35257,55,src/extract/extract_census.py,,,,,0b0708bd8a2d24d0b732a358163b1dfb5ec0d9161e35b5bdbe7804a3cddac480
data/processed/census/census2021_W21A_POW_SA2.csv,processed,29267,55,src/extract/extract_census.py,,,,,4878e29da9a7e819e63bd4b01e916a10d28b447a1140ddad6eb3a88096a12087
data/processed/census/census2021_W21B_POW_SA2.csv,processed,24169,55,src/extract/extract_census.py,,,,,80a19fa961ed5b2eb10719d791372a2a81de11e41ea36a0cc1101b297230d20e
data/processed/census/census2021_W22A_POW_SA2.csv,processed,28921,55,src/extract/extract_census.py,,,,,30268897b3d67d27a84d416176ec0ba513aa8b8e58a46882e75656cee907c157
data/processed/census/census2021_W22B_POW_SA2.csv,processed,30435,55,src/extract/extract_census.py,,,,,ead1ee73e937fcad40ad82bfdc747f55c587cb77d37cd59a25ec12dbec182434
data/processed/corridor/A2_signal_control_corridor.csv,processed,5890,28,src/build/build_corridor_layers.py,,,,,eeb8699090f3a3b8310206011dc65967cd4007fad504f3dd92eaad73dcd6ebd8
data/processed/corridor/A4_segment_runtime_decomposition.csv,processed,988,10,src/build/build_corridor_layers.py,,,,,f0f3d1ea4358592da30a875376c5c4ae0bb5647f300dea447807565434a7a7a0
data/processed/corridor/A4_stop_dwell_model.csv,processed,1220,6,src/build/build_corridor_layers.py,,,,,efd0e43cf45a175b28530d898f0db43589e4134c43befee932e52ef5cf3f4fe5
data/processed/corridor/A4_vehicle_spec.csv,processed,733,1,src/build/build_corridor_layers.py,,,,,66621aaacbccf4b2201687e54104e51f0b91069028d8d453c533ab8a827cfb0f
data/processed/corridor/_corridor_report.json,processed,649,,src/build/build_corridor_layers.py,,,,,9fd3189becdbef4e2dd111bf263a618ba608db36b2b080285ed91a35d31c5a25
data/processed/hts/_hts_report.json,processed,4241,,src/extract/extract_hts.py,,,,,7435c036e63e02ca3fd65cb49b470a6774e2cebb97a21c316898eb09da5a991c
data/processed/hts/hts_mode_newcastle.csv,processed,86922,752,src/extract/extract_hts.py,,,,,899ce4fbb44304773db7dc558c59ed905dd9d2fb5af6e007956d8d0b437d10e8
data/processed/hts/hts_purpose_newcastle.csv,processed,110427,951,src/extract/extract_hts.py,,,,,6a35feba09a89ddb602973ce1f656c3d394446f915b1df1c11d5674cbc67e0d9
data/processed/landuse/A5_parking_facilities.csv,processed,2102327,7710,src/build/build_landuse_parking.py + build_zone_attractions.py,,,,,417d830c5a001a556c37003daa1fea9ea28e73dcca98b3cfa3e48f1963bd1d72
data/processed/landuse/D1_buildings_cbd.csv,processed,769721,10795,src/build/build_landuse_parking.py + build_zone_attractions.py,,,,,76393bd49699a75b26ff7fda1907957d3b857b772a6d085a6d71770a94b6063d
data/processed/landuse/D1_employment_by_anzsic_POW_SA2.csv,processed,4971,55,src/build/build_landuse_parking.py + build_zone_attractions.py,,,,,e4d031b86d255ba9788f41db143f74bd17039aa701979bcf884bcb5ab292fb7e
data/processed/landuse/D1_frontage_segments.csv,processed,116235,498,src/build/build_landuse_parking.py + build_zone_attractions.py,,,,,415515bcf0e476bb5f6a667ee1b1065e45ee876ff5dc765264df62bd880324a2
data/processed/landuse/D1_poi.csv,processed,2117780,23697,src/build/build_landuse_parking.py + build_zone_attractions.py,,,,,0484f9159cb07e0825c43c778c7f79eabdec778051410688627833d7fd698b09
data/processed/landuse/D1_zone_attractions_SA1.csv,processed,355873,1701,src/build/build_landuse_parking.py + build_zone_attractions.py,,,,,63a6dbd284e3765df328d598812f779d0f82397eef8ee9fb4cd48486fad0e436
data/processed/landuse/_attractions_report.json,processed,1352,,src/build/build_landuse_parking.py + build_zone_attractions.py,,,,,cd7f994e8c07a1e39a460bf9a9e5f45ffc590a6541c0d9f8cfbf22f2d116d663
data/processed/landuse/_landuse_report.json,processed,1106,,src/build/build_landuse_parking.py + build_zone_attractions.py,,,,,17fbb0a91e173bc6f5f97ea994e9b575ae7bde711dc2fd631552ac00c3eeb303
data/processed/network/A1_road_edges.csv,processed,8604222,43112,src/build/build_network_layers.py + attach_gradient.py,,,,,eda24d6f4d4b68371268e28fd2fc0c11b94990b2255b63069d06d97b40383fab
data/processed/network/A1_road_geometry.jsonl,processed,10419138,43112,src/build/build_network_layers.py + attach_gradient.py,,,,,27f9412ba71c33568f6e5090229a02942402428bc5f682400325ebade96abcf3
data/processed/network/A2_crossings_osm.csv,processed,498568,9981,src/build/build_network_layers.py + attach_gradient.py,,,,,b7a14284dd1d88793596f7398335430713ece644e066a001148af4ca87a045fe
data/processed/network/A2_signal_nodes_osm.csv,processed,68034,1265,src/build/build_network_layers.py + attach_gradient.py,,,,,790a1f17e5fa5106508461ce4b34ca7574bf3428a71e2588ecc3bb917f420d1a
data/processed/network/A2_turn_restrictions_osm.csv,processed,105236,1386,src/build/build_network_layers.py + attach_gradient.py,,,,,ec5f751dca8a4dd04564b0b67e6bde49e30d469ab686e7ee5c271b00d5591772
data/processed/network/A5_parking_osm.csv,processed,654563,7710,src/build/build_network_layers.py + attach_gradient.py,,,,,e8215d5973c7a0d21d12d6aad4fcfb167b5d4c4f69bd2ef09495dad258ee0a43
data/processed/network/A6_footway_edges.csv,processed,6957914,35653,src/build/build_network_layers.py + attach_gradient.py,,,,,73b03a5222be0d921f13cbf061df2b539121430f5ba8a0eb37fa45462789f74d
data/processed/network/A6_footway_geometry.jsonl,processed,10179430,35653,src/build/build_network_layers.py + attach_gradient.py,,,,,332d12d1b79d0629ea39f6bed5dea403c48b0d844a62eff3d10fd6ac7d250985
data/processed/network/_build_report.json,processed,436,,src/build/build_network_layers.py + attach_gradient.py,,,,,a68ebf64c1f7ded43406de8df6459239678f88a7307edf4bf4822b392b530d2b
data/processed/network/_gradient_report.json,processed,406,,src/build/build_network_layers.py + attach_gradient.py,,,,,7ec6abac4d20cd85e9e0883fb9566ad180be23422cc6279a109e4855e8fecb58
data/processed/observed/_slice_report.json,processed,3736,,src/extract/slice_newcastle.py,,,,,21b6f091b57bf9142b72f5eb08d070ae28c61ea2df8a7f8708be09046c184867
data/processed/observed/opal_bus_newcastle_hunter.csv,processed,49156,1363,src/extract/slice_newcastle.py,,,,,59cccc3a1c98ddf8b0643d1ae445d6ae37f7a810a145f5de4eac1260c341ecb2
data/processed/observed/opal_lr_newcastle_by_month_cardtype.csv,processed,725066,16604,src/extract/slice_newcastle.py,,,,,7b79e2c59740cded85b721c195106f35d5efc065923da6c7803de8a052b6aa88
data/processed/observed/opal_lr_newcastle_by_stop.csv,processed,202344,4079,src/extract/slice_newcastle.py,,,,,fd8e8a9c4c0545ac2be3453b31d0d7b5a8ecb317aa3c9a92edb70662af85fb00
data/processed/observed/station_entries_exits_newcastle.csv,processed,66006,1092,src/extract/slice_newcastle.py,,,,,b2673f40d4849c38cecfddbdb18221ea51067490c6205e67cf0feeb0e708b2c9
data/processed/observed/traffic_aadt_newcastle.csv,processed,2117673,12231,src/extract/slice_newcastle.py,,,,,b93a018a64aa1ebba21bfaa1b6570df2e19ab281f9d088e50333010d7f0305a3
data/processed/observed/traffic_count_stations_newcastle.csv,processed,57702,134,src/extract/slice_newcastle.py,,,,,19178ec54f02cfbe40e20e301b887a1110ad59bd0d63d7139ce22c94c53b0586
data/processed/schedule_extras/A3_route_extras.csv,processed,41415,290,src/build/build_gtfs_extras.py,,,,,0c66653be7fe2345c5df6d58f2b00b9cb55cc31f53d1dee6dea8a0fe1ce5cd06
data/processed/schedule_extras/A3_stop_extras.csv,processed,401658,3873,src/build/build_gtfs_extras.py,,,,,1d22c1b2632863915c218c8d172c172d8d251ca145dbbf37ac3ef57af1eca3a6
data/processed/schedule_extras/A3_transfer_extras.csv,processed,513828,3584,src/build/build_gtfs_extras.py,,,,,b9ac0bc65b8e022e85615584966bad9b75446838cc1aee2131951ced7cbfa94f
data/processed/schedule_extras/_extras_report.json,processed,691,,src/build/build_gtfs_extras.py,,,,,3982a2ea663cffabee831c6e0b6dc196c9c0ffe85f3c0a497279d38de5f4c801
data/processed/validation/_validation_report.json,processed,500,,src/build/build_validation_targets.py,,,,,9d9c374554a1ad719ca82c59c11a649ad9dee3a084058c084f017ba16261cc27
data/processed/validation/bus_monthly_series.csv,processed,2925,108,src/build/build_validation_targets.py,,,,,12349cf379347f26ada4b1b67e5b6c92bd495d2c9938c2e729f056f3c34127a5
data/processed/validation/lr_monthly_series.csv,processed,2224,89,src/build/build_validation_targets.py,,,,,7111e637d43fc5cd236f50a0d8789a273016879d7cfb583ec119ad8a3069474d
data/processed/validation/lr_taps_by_stop.csv,processed,205,6,src/build/build_validation_targets.py,,,,,0c62da63ae0a88963060add74a6f0a165f8d3ace10da354068ededeb12ae8024
data/processed/validation/road_aadt_targets.csv,processed,12418,119,src/build/build_validation_targets.py,,,,,452e40d19f4c63ed4055cc44c953a88c42f11ad9fec6fc5e9c237b9c4595c521
data/processed/validation/station_entries_exits_mean.csv,processed,2236,52,src/build/build_validation_targets.py,,,,,bfe827118ee8988d39b9efb296d2bcc099927dab94704b5eb21b8de73281d25b
data/processed/validation/validation_targets.csv,processed,35207,210,src/build/build_validation_targets.py,,,,,abe9e13c5da1ddeafcccc90da0b51dcdfce6131667cc0b1aac4f7091a5b96e08
data/processed/zones/_zones_report.json,processed,967,,src/extract/extract_zones.py,,,,,d0613ea2bd9ea004b9a1057ba01c7661bf854165c6d44b3c558b1cc4fcfad90b
data/processed/zones/zone_lookup_SA1.csv,processed,259724,1701,src/extract/extract_zones.py,,,,,c3328d21309f5e1bace18e8c14b0f370e0e9f51e154c96ceee4d24d19c54d3d7
data/processed/zones/zones_DZN.csv,processed,62772,265,src/extract/extract_zones.py,,,,,c80b5e131851ab57961477237e3d5aca209a50d7f8114a4f66233cfa28417363
data/processed/zones/zones_DZN.gpkg,processed,5709824,,src/extract/extract_zones.py,,,,,98da8268a916fec808a6d83acd281d78ce742dd775ba7ac15e775bae89197471
data/processed/zones/zones_LGA.csv,processed,1197,5,src/extract/extract_zones.py,,,,,1c6149c4727f26e862e27bd358ffdc3e5010d3a60aaf213a9ad7bc03ed71665f
data/processed/zones/zones_LGA.gpkg,processed,761856,,src/extract/extract_zones.py,,,,,bfbe3b0f752ec9d396acdcdc35ac5dbb61029e7f54f8bf16e3f808f145657373
data/processed/zones/zones_SA1.csv,processed,495363,1701,src/extract/extract_zones.py,,,,,b7cd2079fc24d9e4b06632f5660f8292891f3e924abaa90215b1b4968d4ba136
data/processed/zones/zones_SA1.gpkg,processed,6803456,,src/extract/extract_zones.py,,,,,94c0456b3d598524405714552b471359a863515dcc03f735c9ab384baf3a3a45
data/processed/zones/zones_SA2.csv,processed,15468,55,src/extract/extract_zones.py,,,,,cde31f2e3da1cdf3eab5f4a465507ff4f660882d0b47e42a7b79f0857395d65b
data/processed/zones/zones_SA2.gpkg,processed,2605056,,src/extract/extract_zones.py,,,,,3d1760bba68c539a58ba2cbfe616e940d2c7851052a2e2fe294fa326b75ab8c8
data/processed/zones/zones_SA3.csv,processed,1894,7,src/extract/extract_zones.py,,,,,e51b347ea86975c7e4157bf3748dde875029d069a800ca7b14e8f0c71b6aa422
data/processed/zones/zones_SA3.gpkg,processed,1466368,,src/extract/extract_zones.py,,,,,85797518c5985b64401e296595f591af8d8c2f6f15ff146724d3977820df950b
schedules/_era1_reconstruction_report.json,processed,915,,src/build/build_era_feeds.py,,,,,6ed5cee6b77723cdf27b4d04f8179b7697c1b4580886fd8f4d035b365a55f89c
schedules/base2026.zip,processed,9454546,8,src/build/build_era_feeds.py,,,,,003354ec0a8aa9c52f94258b0f3746385ba0748d7fee1620707df31c9f3e3d14
schedules/era1_pre2014_reconstructed.zip,processed,11150838,7,src/build/build_era_feeds.py,,,,,acea472b7d3f2881f1185d797ef67a4d504cbb0958213fa2f83ec6fc5e1c5e49
schedules/era2_2016_rail_truncated.zip,processed,11145832,7,src/build/build_era_feeds.py,,,,,3f8174ff53ce9652a59283f94d4339617f4c07df6d9ae76a18f18155d8adc93a
schedules/era3_2018_keolis_interchange.zip,processed,6161429,8,src/build/build_era_feeds.py,,,,,629c8c8caa84483ab336b2034f2cf12c9c1705d0153f928738e3a24d461a24bb
schedules/era4_2019_lr_open.zip,processed,5846088,8,src/build/build_era_feeds.py,,,,,502faf181203f55448990b9d93b6ed586e8190e4c8152090635b866c017e78b1
schedules/era_build_summary.json,processed,6789,,src/build/build_era_feeds.py,,,,,cddf6054d45264c548837952ba292c7611f8d71765514548c6d22024e5e04c8b
schedules/raw/provenance.json,raw,4793,,src/extract/fetch_gtfs.py,,,,,b2015579ed89a0865b9e0803f96a424f702869efa90f19e26fd758005e9d115a
schedules/raw/base2026/lightrail.zip,raw,53308,10,src/extract/fetch_gtfs.py,,,,,987777bb6841cc8390f9ee20bece40cc107b99083fa1c5009819e9a4aee5aa6d
schedules/raw/base2026/nisc001.zip,raw,3459002,9,src/extract/fetch_gtfs.py,,,,,76f701acb32d0c54c31ea40492ae69349612742c577e60ece3faab29f4379a05
schedules/raw/base2026/nswtrains.zip,raw,39662943,14,src/extract/fetch_gtfs.py,,,,,ec8627698f779043d4bdcefefda58758792ecd4fe61c0a5946a432894fc0929d
schedules/raw/base2026/regionbuses.zip,raw,6884155,9,src/extract/fetch_gtfs.py,,,,,0b5abc43851700adce7f083ddd390ff8e732000a58dcf0ac6a01be0f6d49a47a
schedules/raw/base2026/sydneytrains.zip,raw,14499105,11,src/extract/fetch_gtfs.py,,,,,dcbea41e838612c9ec52a7e259e7d4f1c65360ae492d720d54f881e6c8a47dcf
schedules/raw/era2_2016_rail_truncated/complete.zip,raw,101718167,8,src/extract/fetch_gtfs.py,,,,,aed7ade7c02675048d1da5f33738a5fb4390bb0bbb004bd9d599543603080b34
schedules/raw/era2_2016_rail_truncated/nswtrains.zip,raw,10214611,10,src/extract/fetch_gtfs.py,,,,,6c458baed9faf887c57926abfc2a84ee581f48201661bf2bb46e5d7b690ffdc5
schedules/raw/era2_2016_rail_truncated/sydneytrains.zip,raw,7031489,7,src/extract/fetch_gtfs.py,,,,,86d15542464fc55339bf86a27f2f58a0e4783c112eafc344ca339821dd5c4079
schedules/raw/era3_2018_keolis_interchange/nisc001.zip,raw,5011206,9,src/extract/fetch_gtfs.py,,,,,c599185939f379b36ce7b3ca163149ff20d98f6aa0bcc179aa26d8bacf7645f3
schedules/raw/era3_2018_keolis_interchange/nswtrains.zip,raw,9328311,10,src/extract/fetch_gtfs.py,,,,,f03cebc8f8c575aa5bb3bf4658d1a1c48d3244046430c5b5ff712879f6c4309e
schedules/raw/era3_2018_keolis_interchange/sydneytrains.zip,raw,9854740,7,src/extract/fetch_gtfs.py,,,,,df60a66ccdc1ba91df3e852b1638d654e6c0e487927825ddc7b5ff353b671c89
schedules/raw/era4_2019_lr_open/lightrail.zip,raw,37275,10,src/extract/fetch_gtfs.py,,,,,597a58a524208e50cf5eba54c66769b70eabe63d5c0cf176d6dfb144ddfe5151
schedules/raw/era4_2019_lr_open/nisc001.zip,raw,4717085,9,src/extract/fetch_gtfs.py,,,,,723a86123958da00e41c72ac88e15786b46c864886cee1b761374776101c6402
schedules/raw/era4_2019_lr_open/nswtrains.zip,raw,9823981,10,src/extract/fetch_gtfs.py,,,,,5de7913d92aae747c33da3c3e43808172cb144a5cd37e60b33adcacbd25c9c41
schedules/raw/era4_2019_lr_open/sydneytrains.zip,raw,9911544,7,src/extract/fetch_gtfs.py,,,,,8ecb229d61e48fa1e483e5741f257710f9ab173ebd1ed4d2d0a702824090f0b6
schedules/scenarios/S0.zip,processed,9415640,8,src/build/build_scenario_schedules.py,,,,,60b805056501d4264b979a36e33171f2cc07eb0174e5902b2942f36a55aaad2e
schedules/scenarios/S1.zip,processed,9440435,8,src/build/build_scenario_schedules.py,,,,,6e86a6b9908fb27c2ba0476f86913ec166d1253f756d8ba1062c4634a1c111d7
schedules/scenarios/S2.zip,processed,9444269,8,src/build/build_scenario_schedules.py,,,,,3f43e22f1854bcb82353f0872bcfb5b7cfd13da85fb7ca002a4c8ee0a9fa67ea
schedules/scenarios/S2a.zip,processed,9445677,8,src/build/build_scenario_schedules.py,,,,,e3f392716566976cd181922b643ea9b26a9fec4fee07af8d26ce199f7a720ebe
schedules/scenarios/S2b.zip,processed,9445618,8,src/build/build_scenario_schedules.py,,,,,f677aabf057d8261eddd409fd9ea17d7391c98bdd1c042e4cfee3f2fe0a2bbaa
schedules/scenarios/S2c.zip,processed,9445569,8,src/build/build_scenario_schedules.py,,,,,9100fc823f6af8cf6df74799d769daea547f296ca2caffe09733c0928f235da2
schedules/scenarios/S3.zip,processed,9441425,8,src/build/build_scenario_schedules.py,,,,,813bb4d3c8b26720af3d913a15da604d8050e3963a6a99f9fdb65eff33c96612
schedules/scenarios/S4.zip,processed,9454900,8,src/build/build_scenario_schedules.py,,,,,faf472d1954f66a4e2041f2f2e797548afdff553d50360d6ee62b14c61205934
schedules/scenarios/S5.zip,processed,9464102,8,src/build/build_scenario_schedules.py,,,,,b9db23e3b146ea6538647ea20071db221065423f5ad64a6e0afc55f77dcdbd8f
schedules/scenarios/S6.zip,processed,9411374,8,src/build/build_scenario_schedules.py,,,,,7e7c31fe730f05e1c06fe7edb170821c39691c636d2afe6bb77fd269599fc13f
schedules/scenarios/_scenario_schedule_report.json,processed,2088,,src/build/build_scenario_schedules.py,,,,,c5a7ac5410de544e233a1de1cf4c4dcb52d3a9b0f5f2b5dedc59addc3292522c
demand/plans/B2_activity_trips.csv,processed,219233923,2020696,src/build/build_population.py,,,,,b33301cad04659e6e29a6f2a62df48068c585620b4174357509050ed7b279cfa
demand/population/B1_households.csv,processed,20650056,246022,src/build/build_population.py,,,,,8bcea491bca6f32b0f3feb135f5a0968e3074531802fe2aafe26369e3502e493
demand/population/B1_synthetic_population.csv,processed,65152283,612680,src/build/build_population.py,,,,,8daed62811dfee4c0b0d7edae58c4985d3f5b73147b7e923f41db165714c7693
demand/population/_population_report.json,processed,503,,src/build/build_population.py,,,,,0fc9a931dbbb6978a40e2b540782f3620244ec8d789b318203c2c6483276fecc
params/C1_behavioural_parameters.csv,processed,16566,30,src/build/build_params.py,,,,,c8d14c4fa74a62c46f033a3fd7558343a39c26cdfc5ad7957da916c9c739ca12
params/C1_parameters.json,processed,3770,,src/build/build_params.py,,,,,719cd2e9367c36cd219f2d927ecbadbfe132346f149789173e86591be3040da2
params/C1_sensitivity_sweep_grid.csv,processed,3555,140,src/build/build_params.py,,,,,b51d0d68b4e8f853f5cdc268f36d953c1f8c44e31ac678b62097cc4e9678e3e7
scenarios/E1_parking_variants.csv,processed,209,2,src/build/build_scenario_configs.py,,,,,141f11e14f90a3d4fdad12a84b094b3d44f8f74725eb066934f494d105101e7b
scenarios/E1_road_variants.csv,processed,565,4,src/build/build_scenario_configs.py,,,,,f699e93969423e97b54903469105ce617741b84881bb0f4afc20064c5e1a48e9
scenarios/E1_scenarios.csv,processed,7334,10,src/build/build_scenario_configs.py,,,,,6814a84f5bb16c4be7bee62453516a586c190fd8554abcaae1d48f3eaa84f024
scenarios/S0.json,processed,1473,,src/build/build_scenario_configs.py,,,,,318445b5d60259654b591cdd25da353429e5d92988c05643bacae6a770ddf612
scenarios/S1.json,processed,1337,,src/build/build_scenario_configs.py,,,,,59b19052ec56659c6158fd6e20ec1a6a2ccaaeefda30675030d891201ce19194
scenarios/S2.json,processed,1338,,src/build/build_scenario_configs.py,,,,,c7bad8c994142851eec0873e562a65e44a435800ddfdc54619699d77f90b0534
scenarios/S2a.json,processed,1339,,src/build/build_scenario_configs.py,,,,,51866f00da1a8f4132cd1ccce5ec75fcffd2610cf2d7b5d8ab3f53e50f9f327d
scenarios/S2b.json,processed,1383,,src/build/build_scenario_configs.py,,,,,10e44025a7be9bb571532c8afb3e406d7133f5a0064c4e887aa87c1e802a628f
scenarios/S2c.json,processed,1441,,src/build/build_scenario_configs.py,,,,,5d5697db5c7a7213878286a2ef25b830984bd62f8660f3b4493f36ac932435c9
scenarios/S3.json,processed,1340,,src/build/build_scenario_configs.py,,,,,2f3ca90c231d757e524ac66c78a181a89add8b4af701419b515e2cb39bf7fadc
scenarios/S4.json,processed,1351,,src/build/build_scenario_configs.py,,,,,1743c796dbcb51cab005910b11c58543fa6f360a9bf2f8426cbfb47bf4aea4fe
scenarios/S5.json,processed,1343,,src/build/build_scenario_configs.py,,,,,a9ace48e84b7da4dba47d7139208335b10c330f22c5fa97007ca670228cff012
scenarios/S6.json,processed,1293,,src/build/build_scenario_configs.py,,,,,757ec3bb7a9e434d791b3ea3dcbbb7b8cdbd3a5483f182916b0c0324e714b4a4
networks/osm/newcastle_boundaries.osm,raw,9943537,,src/extract/overpass.py,,,,,462cb65eabbe183f85ebe3e5e47395a959aaafba049d967fdea3aae25f9721a6
networks/osm/newcastle_buildings_cbd.osm,raw,7534847,,src/extract/overpass.py,,,,,099a5e474be031cc5424df60868ec0c51ebe355afc536f8ab2ac715bed439be9
networks/osm/newcastle_footways.osm,raw,31525345,,src/extract/overpass.py,,,,,9199266a5f65c21f27374f2e332799b8f1833dce5d171c646fa2dd9c31562f1d
networks/osm/newcastle_parking.osm,raw,5259865,,src/extract/overpass.py,,,,,929cb9bd575245dd3931516d2947bd6c24b6c000883af8d928bfc8834cb1e665
networks/osm/newcastle_poi.osm,raw,50314899,,src/extract/overpass.py,,,,,be2e9ede09c3d7d89616a793cf842103c75fb1f9d5221e4c1e53b909ce586822
networks/osm/newcastle_railways.osm,raw,19546787,,src/extract/overpass.py,,,,,5f96e84bb50f9a3b33a6286ebf5c96785761140a0babf2a124cc0f0aa7fe18e7
networks/osm/newcastle_roads.osm,raw,35840598,,src/extract/overpass.py,,,,,c64f3792300051daab50a7a78903612469f3e4f1a22451c70a77eca0195bf8cd
networks/osm/newcastle_signals.osm,raw,3026129,,src/extract/overpass.py,,,,,2dcc94c1f01a24e2482d1c0a1157107bdb8af6cf29708aa4d6638eba9b73650e
