node_id,lat,lon,direction,signal_type,ped_phase_flag,button_operated,name
9297985434,-33.199672,151.5227318,forward,signal,-1,,
9297985435,-33.1993183,151.5225701,forward,signal,-1,,
9297985436,-33.1995716,151.522493,forward,signal,-1,,
9297985437,-33.1994042,151.5228034,forward,signal,-1,,
34135366,-33.1858007,151.5373935,forward,signal,-1,,
9298039769,-33.1859447,151.5374957,forward,signal,-1,,
9298039780,-33.1858963,151.5372182,forward,signal,-1,,
4139606139,-33.1885354,151.5576519,backward,signal,-1,,
9297968146,-33.1888254,151.5576203,forward,signal,-1,,
9297968147,-33.1885589,151.5574882,forward,signal,-1,,
6515807552,-33.1900834,151.577232,forward,signal,-1,,
6515807553,-33.1899306,151.5772709,backward,signal,-1,,
6515807554,-33.1900838,151.5775534,forward,signal,-1,,
6515807555,-33.19025,151.5775047,forward,signal,-1,,
62259466,-33.1866219,151.5841354,,signal,-1,,
348425026,-33.1864688,151.5840573,,signal,-1,,
9298134870,-33.181491,151.5949476,forward,signal,-1,,
9298134871,-33.1812256,151.5946366,backward,signal,-1,,
9298134875,-33.1813993,151.5945497,forward,signal,-1,,
9298134876,-33.1813565,151.5950171,forward,signal,-1,,
5341726568,-33.1597681,151.6116224,forward,,-1,,
9963278695,-33.1598252,151.6113924,forward,signal,-1,,
9963278705,-33.1597085,151.6115239,forward,signal,-1,,
10173271144,-33.1596902,151.6113513,forward,,-1,,
9963278711,-33.1433647,151.610452,forward,signal,-1,,
9963278713,-33.1430189,151.610402,forward,signal,-1,,
10126954362,-33.1432706,151.6102416,backward,signal,-1,,
11820324153,-32.8384087,151.3440548,forward,signal,-1,,
11820324154,-32.8381999,151.3441137,backward,signal,-1,,
11820324155,-32.8381998,151.3443362,backward,signal,-1,,
11296484921,-32.8397815,151.3552335,forward,,-1,,
11296484924,-32.8399153,151.3553417,backward,,-1,,
11296484925,-32.8396969,151.3553811,backward,,-1,,
11296484884,-32.8374629,151.3559411,forward,signal,-1,,
11296484893,-32.8374284,151.355688,backward,signal,-1,,
11296484894,-32.8373497,151.3558362,backward,signal,-1,,
11296484895,-32.8375457,151.3558001,forward,signal,-1,,
11296484922,-32.8398436,151.3554839,backward,,-1,,
822246070,-32.8321315,151.3560917,forward,signal,-1,,
5215384311,-32.8321158,151.3568169,forward,signal,-1,,
11296454271,-32.8355703,151.3561823,forward,signal,-1,,
11296454272,-32.835367,151.3562233,backward,signal,-1,,
11296454273,-32.835462,151.3560785,backward,signal,-1,,
11296454274,-32.8354972,151.356327,forward,signal,-1,,
11296520778,-32.8317005,151.3581326,forward,,-1,,
11296520781,-32.8316785,151.3579404,forward,,-1,,
11296520782,-32.8315406,151.3581535,backward,,-1,,
11296520783,-32.8319264,151.3570498,backward,,-1,,
11296520784,-32.8320249,151.3558865,forward,signal,-1,,
11296520785,-32.8321864,151.3557569,forward,signal,-1,,
11581615942,-32.8320086,151.3566872,backward,signal,-1,,
2064576891,-33.0873264,151.4495878,both,signal,-1,,
7178926680,-33.0766599,151.4533878,forward,signal,-1,,
7724038028,-33.076793,151.4532352,forward,signal,-1,,
11422365453,-33.0767877,151.453501,forward,signal,-1,,
7178942575,-33.0767831,151.4538575,forward,signal,-1,,
11422365454,-33.076645,151.4537507,forward,signal,-1,,
11422365455,-33.0766046,151.454057,forward,signal,-1,,
11991709321,-33.0736206,151.4583664,backward,,-1,,
11991709322,-33.0736123,151.4580795,backward,,-1,,
11991709323,-33.0738115,151.4580968,forward,,-1,,
12593877679,-33.1096124,151.4858939,forward,signal,-1,,
12593877680,-33.1095944,151.4860907,backward,signal,-1,,
12593877681,-33.1097746,151.4858622,forward,signal,-1,,
12830107190,-33.1088489,151.4870715,forward,signal,-1,,
12830107191,-33.1087359,151.4872138,backward,signal,-1,,
13110434484,-33.1079452,151.488823,forward,signal,-1,,
13110434485,-33.1078362,151.48891,forward,signal,-1,,
13110434486,-33.1079165,151.4891223,forward,signal,-1,,
10765906971,-33.1062793,151.4972583,forward,signal,-1,,
10765906972,-33.1062148,151.4969452,forward,signal,-1,,
10765906973,-33.1061019,151.4973658,forward,signal,-1,,
11991632977,-33.1101653,151.5038526,backward,,-1,,
13232598352,-33.1101068,151.5034741,forward,signal,-1,,
13232598353,-33.1099924,151.5037309,backward,signal,-1,,
9963288937,-33.0128764,151.5898717,forward,signal,-1,,
9963288938,-33.0127513,151.5896408,forward,signal,-1,,
9963288939,-33.0126643,151.5897916,backward,signal,-1,,
9963288940,-33.0129461,151.5897425,forward,signal,-1,,
9963288925,-33.0134288,151.593072,forward,signal,-1,,
9963288926,-33.0131353,151.5932312,forward,signal,-1,,
9963288927,-33.0133274,151.5933171,forward,signal,-1,,
9963288928,-33.0132052,151.5929742,forward,signal,-1,,
9963288930,-33.0112128,151.5934751,forward,signal,-1,,
9963288931,-33.0109517,151.5936594,forward,signal,-1,,
9963288932,-33.0111181,151.5937866,forward,signal,-1,,
9963288933,-33.0110615,151.593373,backward,signal,-1,,
9963288934,-33.0102906,151.593656,forward,signal,-1,,
9963288935,-33.0100601,151.5938416,forward,signal,-1,,
9963288936,-33.010264,151.5939463,backward,signal,-1,,
11989946635,-33.0090715,151.5940056,forward,,-1,,
11989946636,-33.008823,151.5940567,backward,,-1,,
11989946637,-33.0089468,151.5941543,forward,,-1,,
11581565031,-32.9921848,151.6000343,forward,signal,-1,,
11581565038,-32.9920726,151.5999519,backward,signal,-1,,
11581565056,-32.9921151,151.6002946,forward,signal,-1,,
11581615941,-32.992,151.6001954,forward,signal,-1,,
6946673098,-32.982242,151.6035324,forward,,-1,,
11989946639,-32.9823472,151.6032583,forward,,-1,,
11989946640,-32.9820545,151.6034776,forward,,-1,,
12430360710,-32.971939,151.606267,forward,signal,-1,,
12430360711,-32.9717924,151.6064068,forward,signal,-1,,
13227076264,-32.9182297,151.5977375,forward,signal,-1,,
13227076267,-32.9185259,151.5977047,forward,signal,-1,,
8023713143,-32.9236006,151.6126893,forward,signal,-1,,
8023713144,-32.9234699,151.6125179,forward,signal,-1,,
11982726062,-32.9242228,151.6158019,forward,,-1,,
11982726063,-32.9240137,151.6157266,forward,,-1,,
11982726064,-32.9241529,151.6159529,forward,,-1,,
29548810,-32.9237136,151.6218894,forward,,-1,,
29548918,-32.9238346,151.6221941,forward,,-1,,
11989946653,-32.923568,151.6220714,forward,,-1,,
11989946659,-32.924233,151.6238191,forward,,-1,,
11989946660,-32.9239945,151.6237426,forward,,-1,,
11989946661,-32.9241484,151.6239847,forward,,-1,,
13227076265,-32.9182216,151.5980417,forward,signal,-1,,
13227076266,-32.9185217,151.5980273,forward,signal,-1,,
13238600303,-32.9158741,151.5986994,forward,signal,-1,,
13238600304,-32.915811,151.5989881,forward,signal,-1,,
13238600305,-32.9159895,151.5991486,forward,signal,-1,,
13238600306,-32.9160956,151.5988002,forward,signal,-1,,
11982726065,-32.9215169,151.6225161,forward,,-1,,
11982726066,-32.9216155,151.622357,backward,,-1,,
11982726067,-32.9217731,151.6224538,backward,,-1,,
62551861,-33.0865571,151.6392035,forward,traffic_lights,1,,
6405281861,-33.0865716,151.6394273,backward,traffic_lights,-1,,
6773530253,-33.0859058,151.6400092,backward,signal,-1,,
6773530260,-33.0861555,151.6398189,forward,signal,-1,,
11583137471,-33.0897175,151.6382333,forward,signal,-1,,
11583137472,-33.08958,151.6381096,forward,signal,-1,,
11583137473,-33.0896155,151.6383428,backward,signal,-1,,
11583137474,-33.0896335,151.6384559,forward,signal,-1,,
11583137475,-33.0895936,151.6386289,forward,signal,-1,,
12751807555,-33.0860585,151.6396421,forward,signal,-1,,
1522935308,-33.0848769,151.6407165,forward,traffic_lights,1,,
6405281862,-33.0847838,151.6405574,backward,traffic_lights,-1,,
12751807556,-33.0858075,151.6398332,backward,signal,-1,,
5644002127,-33.0794953,151.6504129,forward,signal,-1,,
11583097119,-33.0797901,151.6507272,backward,signal,-1,,
11583097120,-33.079758,151.6504264,forward,signal,-1,,
11583097153,-33.0795372,151.6506828,forward,signal,-1,,
3333483525,-33.0568766,151.6537427,forward,signal,-1,,
12751748738,-33.0568718,151.6534037,forward,signal,-1,,
12751748739,-33.0570963,151.6534113,forward,signal,-1,,
3395015118,-33.0491117,151.6549566,forward,signal,-1,,
11949709966,-33.0489257,151.6550999,forward,signal,-1,,
11949709968,-33.049045,151.6551993,backward,signal,-1,,
12750854420,-33.0432488,151.6567332,forward,signal,-1,,
12750854421,-33.0431127,151.6568697,forward,signal,-1,,
11295245539,-33.036172,151.6604647,forward,signal,-1,,
11295245540,-33.0360445,151.660405,backward,signal,-1,,
11295245541,-33.0359499,151.660665,forward,signal,-1,,
11295264188,-33.0372833,151.6598518,forward,signal,-1,,
11295264191,-33.0371769,151.6599974,forward,signal,-1,,
11295303020,-33.0383624,151.6591452,forward,signal,-1,,
11295303044,-33.0384691,151.6591622,forward,signal,-1,,
11295303045,-33.0384358,151.6594172,backward,signal,-1,,
11295303065,-33.0359426,151.6592104,backward,signal,-1,,
11295303066,-33.036069,151.6593317,backward,signal,-1,,
11295303374,-33.0359665,151.6594924,forward,signal,-1,,
11295316979,-33.0335365,151.6610557,backward,signal,-1,,
11295316980,-33.0334939,151.6607161,forward,signal,-1,,
11295316983,-33.033656,151.6608513,forward,signal,-1,,
11295316981,-33.0333791,151.6609317,forward,signal,-1,,
11556017244,-33.0291073,151.6610317,forward,signal,-1,,
11556017256,-33.0290068,151.6612733,forward,signal,-1,,
11556017261,-33.0292439,151.661121,forward,signal,-1,,
11823834330,-33.0253018,151.6623049,forward,signal,-1,,
11823834333,-33.0251347,151.6625384,forward,signal,-1,,
11823834334,-33.0251364,151.6622733,forward,signal,-1,,
12587060575,-33.0240133,151.6633192,forward,signal,-1,,
17383600,-33.0238296,151.6635725,,,-1,,
1835850314,-33.0240413,151.6635562,forward,signal,-1,,
11989946654,-33.0214968,151.6664021,forward,,-1,,
11989946655,-33.0215562,151.6666102,forward,,-1,,
12222329469,-33.0214113,151.6667196,forward,signal,-1,,
11290644341,-33.0202359,151.6678927,forward,,-1,,
11290644342,-33.0201585,151.6680437,forward,signal,-1,,
13107993146,-33.0144915,151.6647454,backward,signal,-1,,
13107993147,-33.0143246,151.6647409,forward,signal,-1,,
5476512067,-33.0083603,151.6428664,forward,signal,-1,,
5565389095,-33.008482,151.6430277,forward,signal,-1,,
10074849587,-33.0081839,151.6431031,forward,signal,-1,,
10074849592,-33.0083164,151.6432692,forward,signal,-1,,
10074849594,-32.9885618,151.637131,forward,signal,-1,,
10074849603,-32.9884506,151.6373735,forward,signal,-1,,
10074849606,-32.9885842,151.637395,backward,signal,-1,,
4409599891,-32.9745199,151.6442889,forward,pedestrian_crossing,-1,,
4409599935,-32.9751083,151.6464509,forward,signal,-1,,
4409599939,-32.9752491,151.6466275,forward,,-1,,
7907110293,-32.9752874,151.6466331,forward,,-1,,
12823321209,-32.9752411,151.6462562,forward,signal,-1,,
4077470138,-32.9705552,151.6381085,forward,signal,-1,,
4077470151,-32.9706323,151.637873,forward,signal,-1,,
11374765126,-32.9708151,151.6381955,forward,signal,-1,,
277083669,-32.9743394,151.644257,forward,pedestrian_crossing,-1,,
7907110378,-32.9744215,151.6477899,forward,,-1,,
7907110381,-32.9743213,151.6479719,forward,,-1,,
12736157031,-32.9714268,151.6497535,forward,signal,-1,,
12736157032,-32.9714742,151.6500362,forward,signal,-1,,
12736157033,-32.9716324,151.6500767,backward,signal,-1,,
12736157034,-32.9716176,151.6497871,forward,signal,-1,,
7547303206,-32.9661578,151.6434643,backward,signal,-1,,
7547303209,-32.966069,151.643633,forward,signal,-1,,
11989946664,-32.9819636,151.668771,forward,,-1,,
11989946665,-32.9820861,151.6685684,forward,,-1,,
12310933916,-32.982135,151.6687895,backward,signal,-1,,
2317884052,-32.9785958,151.6692697,backward,signal,-1,,
12995594081,-32.9788588,151.6692648,forward,signal,-1,,
12995594082,-32.9786998,151.6690885,forward,signal,-1,,
12995594092,-32.9787815,151.6694758,forward,signal,-1,,
7552957943,-32.9687326,151.6517763,forward,,-1,,
12387424826,-32.9685453,151.6519425,forward,signal,-1,,
12387424827,-32.9686988,151.6520289,backward,signal,-1,,
277127221,-32.9653693,151.6562591,backward,signal,-1,,
5005208292,-32.9655184,151.65614,forward,,-1,,
5005208298,-32.9654167,151.6565166,forward,,-1,,
13288424616,-32.9664012,151.6536914,forward,signal,-1,,
13288424617,-32.9664242,151.6539041,forward,signal,-1,,
4999076092,-32.9635644,151.6614539,forward,signal,-1,,
6303043101,-32.963655,151.661072,forward,signal,-1,,
12823321246,-32.963745,151.6613624,forward,signal,-1,,
5371447586,-33.00627,151.6851181,backward,signal,-1,,
11989946645,-33.0060754,151.685079,forward,,-1,,
12550809340,-33.0061512,151.6847359,forward,signal,-1,,
12550809355,-33.0060752,151.6852258,forward,signal,-1,,
1835780610,-32.9948804,151.6875046,forward,signal,-1,,
6457021815,-32.9996851,151.6855991,forward,signal,-1,,
10011283724,-32.996557,151.686711,forward,signal,-1,,
10011283725,-32.9967927,151.6864536,forward,signal,-1,,
10011283731,-32.9965887,151.6864136,forward,signal,-1,,
10011289499,-32.9949505,151.687877,forward,signal,-1,,
10011289512,-32.9946123,151.6874887,forward,signal,-1,,
10011289515,-32.9946842,151.6878658,forward,,-1,,
12550934258,-32.9995486,151.6854524,backward,signal,-1,,
12550934259,-32.9993678,151.6856991,forward,signal,-1,,
12550934260,-32.9993691,151.6857851,forward,signal,-1,,
8731047231,-32.9924121,151.6828258,backward,,1,,
8733282064,-32.9923652,151.6826277,forward,,1,,
8733282067,-32.9925922,151.6825208,forward,,1,,
8733282069,-32.9926216,151.68268,forward,,1,,
7710023484,-32.9932243,151.6889888,forward,,-1,,
7710028785,-32.9931626,151.688733,forward,,-1,,
11989946647,-32.9923286,151.6886701,forward,,-1,,
12532806787,-32.9919952,151.6888286,forward,signal,-1,,
12532806788,-32.9922332,151.6890035,forward,signal,-1,,
12532806789,-32.9921256,151.6885435,forward,signal,-1,,
11370497863,-32.9885389,151.6912349,forward,signal,-1,,
11370497864,-32.9886556,151.6913468,backward,signal,-1,,
11370497866,-32.9887214,151.6910805,forward,signal,-1,,
11277006595,-32.9820606,151.6922687,forward,signal,-1,,
11277006596,-32.9819944,151.6925256,backward,signal,-1,,
11277006601,-32.9818541,151.69242,forward,signal,-1,,
11277006607,-32.9819278,151.6921766,forward,signal,-1,,
12829506220,-32.9849596,151.6917388,forward,signal,-1,,
12829506221,-32.9847322,151.6919043,forward,signal,-1,,
12829506222,-32.984877,151.692003,forward,signal,-1,,
11278585533,-32.9788281,151.6919201,forward,signal,-1,,
11278585534,-32.9785501,151.6919653,forward,signal,-1,,
11278585535,-32.9786301,151.6917665,forward,signal,-1,,
11278585536,-32.978682,151.6921406,forward,signal,-1,,
2157256187,-32.9695377,151.6918144,forward,signal,-1,,
2157256194,-32.9696607,151.6920279,forward,signal,-1,,
2157256198,-32.9697951,151.691864,forward,signal,-1,,
11404087768,-32.9680875,151.6946654,forward,signal,-1,,
11404153675,-32.967939,151.6943947,forward,signal,-1,,
11583125664,-32.969756,151.6920945,forward,signal,-1,,
11583149972,-32.969652,151.6918132,forward,signal,-1,,
8733522286,-32.9656376,151.6952656,forward,,1,,
8733522468,-32.9631983,151.6924,,,-1,,
8733522470,-32.9629122,151.6924207,,,-1,,
11402955450,-32.9635285,151.6960072,forward,signal,-1,,
11402955451,-32.9634147,151.695914,forward,signal,-1,,
11402955452,-32.963619,151.6957939,forward,,-1,,
11402958564,-32.9621938,151.6959363,forward,,-1,,
11402958566,-32.9623716,151.6960347,forward,signal,-1,,
11404087767,-32.9678225,151.6947863,forward,signal,-1,,
11404094253,-32.9658713,151.6953339,forward,,-1,,
11404094260,-32.9656914,151.6956164,forward,,-1,,
11404094263,-32.9655636,151.6955277,forward,,-1,,
11404153679,-32.9676968,151.6944514,forward,signal,-1,,
11690171139,-32.963317,151.695161,forward,signal,-1,,
11690171140,-32.9635286,151.695121,backward,,-1,,
11690171141,-32.963434,151.6952842,forward,signal,-1,,
11987151243,-32.9657359,151.6947918,forward,signal,-1,,
11989946667,-32.9629795,151.6922806,,,-1,,
12174697228,-32.963465,151.6924569,forward,signal,-1,,
12174697230,-32.9637619,151.6922893,forward,signal,-1,,
12174697269,-32.9636344,151.6924863,backward,signal,-1,,
12174697273,-32.9631215,151.6926669,,,-1,,
12693272563,-32.9621077,151.6952532,forward,signal,-1,,
12693272564,-32.9621825,151.6955262,forward,signal,-1,,
12693272565,-32.9622805,151.6953683,backward,signal,-1,,
12693272568,-32.9655303,151.6947314,forward,signal,-1,,
12693272569,-32.9657161,151.6945758,forward,signal,-1,,
13136280318,-32.9657941,151.693586,backward,signal,-1,,
13136280319,-32.9658833,151.6934065,forward,signal,-1,,
13136280320,-32.9659756,151.6937875,forward,signal,-1,,
13136280321,-32.9661044,151.6936009,forward,signal,-1,,
2157256157,-32.9614454,151.6965369,forward,signal,-1,,
11402958562,-32.962275,151.6962896,forward,signal,-1,,
11402958565,-32.9621462,151.6961803,forward,signal,-1,,
11402963235,-32.9613942,151.6968739,forward,signal,-1,,
7915550781,-32.9620079,151.7182566,forward,signal,-1,,
13110395131,-32.9621021,151.718423,forward,signal,-1,,
11989946632,-32.9434732,151.6264653,forward,,-1,,
11989946633,-32.9431367,151.6267904,backward,,-1,,
13321409955,-32.9432218,151.6265151,forward,signal,-1,,
13321409956,-32.9433971,151.6267709,backward,signal,-1,,
7914877486,-32.9354333,151.6290572,forward,,1,,
9521094347,-32.9355294,151.6292445,forward,,1,,
11989946649,-32.9356917,151.6292082,backward,,-1,,
11989946650,-32.9356142,151.6290381,backward,,-1,,
7810234957,-32.9497878,151.6564318,forward,,-1,,
12581928795,-32.9496414,151.6563183,forward,signal,-1,,
12581928796,-32.9495486,151.6565929,forward,signal,-1,,
12693272514,-32.9492747,151.671347,forward,signal,-1,,
12693272515,-32.9494186,151.671515,forward,signal,-1,,
7836989334,-32.9427364,151.6538763,forward,,-1,,
12412170165,-32.942901,151.6540288,backward,signal,-1,,
12412170166,-32.942824,151.6542117,forward,signal,-1,,
12412170167,-32.9426523,151.6540435,forward,signal,-1,,
385123139,-32.9460105,151.6572498,backward,,-1,,
7598971593,-32.9422486,151.6580737,forward,signal,-1,,
7836915886,-32.9423334,151.657824,forward,signal,-1,,
7836915887,-32.942465,151.658172,forward,signal,-1,,
7836915888,-32.9425499,151.657899,forward,signal,-1,,
7837131626,-32.9461672,151.6572196,forward,signal,-1,,
7836267741,-32.939785,151.6578647,forward,signal,-1,,
7836267743,-32.9396009,151.6580905,forward,signal,-1,,
7836267744,-32.9394931,151.6578661,forward,signal,-1,,
7836312736,-32.9380873,151.65735,forward,,-1,,
12303101011,-32.9383928,151.6572529,forward,signal,-1,,
12303101012,-32.9382445,151.6571059,backward,signal,-1,,
12303101013,-32.9397918,151.6602104,backward,signal,-1,,
12303101014,-32.9398838,151.6600649,forward,signal,-1,,
12303101015,-32.9399485,151.6603236,backward,signal,-1,,
12303101016,-32.9400363,151.6601671,forward,signal,-1,,
7846035464,-32.9422964,151.6651401,forward,,-1,,
12303101021,-32.942384,151.6654207,backward,signal,-1,,
12303101022,-32.9424449,151.665234,forward,signal,-1,,
738828725,-32.9330269,151.6366215,backward,signal,-1,,
13013172373,-32.9328743,151.6364213,forward,signal,-1,,
13013172374,-32.9328891,151.6367287,forward,signal,-1,,
288159505,-32.9260332,151.6304038,forward,,-1,,
288159571,-32.9258772,151.6301708,forward,,-1,,
8848090293,-32.9257948,151.6303153,backward,,1,,
11989946648,-32.926093,151.6302515,forward,,-1,,
8848090222,-32.926889,151.6369006,backward,,1,,
9415153282,-32.9271896,151.6368388,forward,,1,,
12162649603,-32.9269373,151.6367083,forward,signal,-1,,
12162649604,-32.9271741,151.6370657,forward,signal,-1,,
6469150765,-32.9289314,151.642026,forward,signal,-1,,
6469150767,-32.9291033,151.6424151,forward,signal,-1,,
6469150768,-32.9291581,151.6423637,forward,signal,-1,,
11305470247,-32.9291036,151.64201,forward,signal,-1,,
11305470248,-32.9289413,151.6425175,forward,signal,-1,,
6092744643,-32.9336787,151.6443226,forward,signal,-1,,
13360748231,-32.9337458,151.6445351,forward,signal,-1,,
12693098275,-32.9284177,151.6403515,forward,signal,-1,,
12693098276,-32.9282603,151.6402176,forward,signal,-1,,
8681576829,-32.9278008,151.6446116,forward,signal,-1,,
8681576830,-32.92783,151.6448335,forward,signal,-1,,
6092847216,-32.9323955,151.6529181,forward,signal,-1,,
7836114824,-32.9339581,151.6556173,forward,,-1,,
12363573346,-32.9322294,151.6526029,forward,signal,-1,,
12363573347,-32.9319205,151.6526287,forward,signal,-1,,
12363573348,-32.9319277,151.6529402,forward,signal,-1,,
12363573349,-32.931953,151.6531304,forward,signal,-1,,
12363573352,-32.9322631,151.6528914,forward,signal,-1,,
12450352299,-32.9337667,151.6555724,forward,signal,-1,,
12450352300,-32.9337573,151.6557884,backward,signal,-1,,
7864826329,-32.9263687,151.6509022,forward,signal,-1,,
7865228655,-32.9263384,151.6506164,forward,signal,-1,,
7865228656,-32.9261948,151.6508731,forward,,-1,,
11987151247,-32.9236238,151.6519643,forward,,-1,,
12363395053,-32.9236218,151.6522579,forward,signal,-1,,
12363395054,-32.9234522,151.6521872,forward,signal,-1,,
12363395055,-32.9234643,151.6518984,backward,signal,-1,,
7593204934,-32.9134258,151.6608865,backward,,1,,
11989946634,-32.913259,151.6609098,forward,,-1,,
12177999485,-32.913388,151.6605981,forward,signal,-1,,
249343437,-32.9580167,151.6794845,forward,signal,-1,,
7772186820,-32.9575818,151.6821151,backward,signal,-1,,
12188081944,-32.9577409,151.6819257,forward,signal,-1,,
12188081945,-32.9577786,151.6822083,forward,signal,-1,,
12188081947,-32.9579203,151.682039,forward,signal,-1,,
11496202475,-32.9566554,151.6864872,forward,signal,-1,,
11496202478,-32.9565401,151.6866003,forward,signal,-1,,
11496202479,-32.9568345,151.6866784,forward,signal,-1,,
11388829659,-32.9488793,151.6859853,backward,signal,-1,,
11388829660,-32.9486295,151.6858593,forward,signal,-1,,
11388829661,-32.9485129,151.6859953,forward,signal,-1,,
11987151248,-32.9485374,151.6846198,forward,signal,-1,,
12531540751,-32.94859,151.6843516,forward,signal,-1,,
12531540756,-32.948376,151.6843043,forward,signal,-1,,
11402929116,-32.9592819,151.6923384,forward,signal,-1,,
11402929123,-32.9593933,151.6925424,backward,signal,-1,,
11402929133,-32.959426,151.6923624,forward,signal,-1,,
11402963212,-32.9608701,151.6955997,forward,signal,-1,,
11402963213,-32.9609537,151.6957884,forward,signal,-1,,
12228681263,-32.9582552,151.6901641,backward,signal,-1,,
12228681264,-32.9583841,151.6902299,backward,signal,-1,,
12228681265,-32.9584416,151.6900836,forward,signal,-1,,
12228681266,-32.9583179,151.6900063,forward,signal,-1,,
11402963231,-32.9612488,151.6966491,forward,signal,-1,,
12811421716,-32.9424389,151.6873991,forward,signal,-1,,
12811421717,-32.9422616,151.6876268,forward,signal,-1,,
12811421718,-32.942318,151.6873317,forward,signal,-1,,
11583479549,-32.935718,151.6890247,forward,signal,-1,,
11583479556,-32.9357649,151.6891666,forward,signal,-1,,
11583479557,-32.9355005,151.6892537,forward,signal,-1,,
11583479559,-32.9356243,151.6889847,forward,signal,-1,,
11987151246,-32.9403753,151.688366,forward,,-1,,
12309049593,-32.9405963,151.6881261,forward,signal,-1,,
12309049594,-32.940615,151.6883905,forward,signal,-1,,
3836884011,-32.95632,151.7040096,forward,signal,-1,,
9858261948,-32.9561221,151.7038892,forward,signal,-1,,
11583142618,-32.9562378,151.7042495,forward,signal,-1,,
11583142620,-32.9560125,151.7040826,forward,signal,-1,,
11301763055,-32.9515561,151.7142464,forward,signal,-1,,
11301763056,-32.9513095,151.7141533,forward,signal,-1,,
11301763057,-32.9513881,151.7139281,forward,signal,-1,,
11303979456,-32.9530444,151.7112659,forward,signal,-1,,
11303979457,-32.9532028,151.7115479,forward,signal,-1,,
11303979458,-32.9530322,151.7116718,forward,signal,-1,,
11283311401,-32.9510474,151.7176478,,,-1,,
11283311402,-32.9509328,151.7178295,,,-1,,
11283311414,-32.9510755,151.7179569,,,-1,,
5633491309,-32.9406227,151.7075584,forward,,1,yes,
11798754424,-32.9406495,151.708979,forward,signal,-1,,
11798754425,-32.9408099,151.7091334,backward,signal,-1,,
11798754426,-32.9407293,151.7092677,forward,signal,-1,,
12038672039,-32.9407103,151.7073889,forward,signal,-1,,
12038672041,-32.9407527,151.7076703,forward,signal,-1,,
12446958720,-32.9351488,151.7071965,forward,signal,-1,,
2658869382,-32.9386937,151.7118768,,,-1,,
2658869390,-32.9388706,151.7120285,,,-1,,
2833644195,-32.9406718,151.7106427,forward,,-1,,
2833644197,-32.9405967,151.710344,forward,,-1,,
10011093745,-32.9408244,151.7103961,forward,signal,-1,,
11295345869,-32.9407782,151.7123743,forward,signal,-1,,
11295345870,-32.9406498,151.7126363,forward,signal,-1,,
11295345871,-32.9406004,151.7121634,forward,signal,-1,,
11295345872,-32.940443,151.712373,forward,signal,-1,,
11597989018,-32.9407544,151.7104678,forward,signal,-1,,
11989946638,-32.9376259,151.712016,forward,,-1,,
12038896430,-32.9385648,151.7121188,forward,signal,-1,,
13159336120,-32.9377738,151.7117247,backward,signal,-1,,
13159336121,-32.9378588,151.7119322,forward,signal,-1,,
12843751695,-32.9291348,151.6920715,forward,signal,-1,,
13807298214,-32.9291464,151.6925977,forward,signal,-1,,
13823520669,-32.9293631,151.6920043,forward,signal,-1,,
13906303256,-32.9289996,151.6923575,forward,signal,-1,,
13906303261,-32.9293584,151.6928287,forward,signal,-1,,
12747216503,-32.9260227,151.695949,forward,signal,-1,,
12747216505,-32.9257629,151.6959325,forward,signal,-1,,
11980607908,-32.925958,151.6962308,forward,,-1,,
11987151245,-32.9230397,151.6996565,forward,,-1,,
12747216504,-32.9257671,151.6962439,forward,signal,-1,,
12941983854,-32.9229783,151.6993645,forward,signal,-1,,
12941983855,-32.9228486,151.6994808,forward,signal,-1,,
5842706408,-32.9212557,151.7018698,forward,signal,-1,,
11917416508,-32.9210923,151.7020186,backward,signal,-1,,
11917416509,-32.9212447,151.702106,backward,signal,-1,,
11989946646,-32.9350273,151.7070726,forward,,-1,,
12446958723,-32.9350231,151.70736,forward,signal,-1,,
12446958724,-32.9348443,151.7072625,backward,signal,-1,,
2676461904,-32.9342978,151.712899,forward,,-1,,
11337980185,-32.928889,151.7158387,backward,signal,-1,,
12075041006,-32.9315195,151.7144881,forward,signal,-1,,
12075041007,-32.9314076,151.7146761,forward,signal,-1,,
11987151249,-32.9223211,151.7152536,forward,,-1,,
12363563790,-32.9222247,151.7149885,forward,signal,-1,,
12363563791,-32.9221313,151.7151633,forward,signal,-1,,
12363590624,-32.9220576,151.7132622,forward,signal,-1,,
12363590628,-32.9221013,151.7135633,backward,signal,-1,,
12363590633,-32.922184,151.713429,backward,signal,-1,,
2608920682,-32.9290886,151.7158443,forward,signal,-1,,
11337980184,-32.9288764,151.7159935,backward,,-1,,
11337980186,-32.9291423,151.7160448,forward,signal,-1,,
8752884340,-32.9341519,151.7259044,forward,signal,-1,,
11222264391,-32.934238,151.7257604,forward,signal,-1,,
11222264393,-32.934273,151.7259874,backward,signal,-1,,
11222264394,-32.9343535,151.7258602,forward,signal,-1,,
11265816233,-32.9261175,151.7182107,forward,,-1,,
12387424804,-32.926127,151.7183549,backward,signal,-1,,
12387424805,-32.9259498,151.7183784,backward,signal,-1,,
1956532192,-32.9230453,151.7229238,forward,signal,-1,,
8695638034,-32.9236951,151.7279638,forward,signal,-1,,
8695638035,-32.92386,151.7280741,forward,signal,-1,,
11265849224,-32.9232746,151.7224793,forward,signal,-1,,
11265849225,-32.92325,151.7228932,forward,signal,-1,,
11265849226,-32.923102,151.7225619,forward,signal,-1,,
7252416722,-32.917225,151.7036126,forward,,1,,
8727224156,-32.9168125,151.7033782,forward,,1,,
8727224158,-32.9167488,151.7035531,backward,,1,,
11982726068,-32.9169353,151.703512,forward,,-1,,
11982734669,-32.9171193,151.7034728,backward,,-1,,
11982734670,-32.9173024,151.7034457,forward,,1,,
1843667388,-32.9219764,151.7133827,forward,signal,-1,,
3377791208,-32.9169158,151.7116853,backward,,1,,
7246819506,-32.9168352,151.7114888,forward,,1,,
7246819508,-32.9169921,151.711387,forward,,1,,
7246819524,-32.9170557,151.7115727,backward,,1,,
7252212532,-32.9131996,151.7046794,backward,,1,,
11337958532,-32.9092999,151.7051203,forward,signal,-1,,
11337958533,-32.9094554,151.7049918,forward,signal,-1,,
11337958536,-32.9091769,151.7053782,forward,signal,-1,,
11337958538,-32.9089712,151.7049723,forward,signal,-1,,
11823821593,-32.9130816,151.7045786,backward,,1,,
11823821595,-32.9132665,151.7045355,forward,,1,,
12038726496,-32.9113999,151.7049233,backward,signal,-1,,
12038726497,-32.911566,151.7048901,forward,signal,-1,,
11518482498,-32.9100224,151.7129828,forward,signal,-1,,
11846954830,-32.9098503,151.709532,forward,signal,-1,,
11846954831,-32.9097551,151.7096835,forward,signal,-1,,
11846954833,-32.9095927,151.709456,forward,signal,-1,,
11846954834,-32.9095057,151.7096036,forward,signal,-1,,
13240687662,-32.9100941,151.7133922,forward,signal,-1,,
12465132656,-32.918315,151.7243535,forward,signal,-1,,
12465132657,-32.9180591,151.7245915,forward,signal,-1,,
12465132658,-32.9181241,151.7243008,forward,signal,-1,,
13194724288,-32.9196625,151.7239676,forward,signal,-1,,
13194724289,-32.9195257,151.7241488,forward,signal,-1,,
2664628514,-32.9092551,151.7176014,forward,signal,-1,,
7129647977,-32.9091327,151.7177384,backward,signal,-1,,
9967847895,-32.9101787,151.7168392,forward,signal,-1,,
11518482478,-32.9121452,151.7208788,forward,signal,-1,,
11518482479,-32.9118709,151.7210611,backward,signal,-1,,
11518482480,-32.9117955,151.7207724,forward,signal,-1,,
11518482482,-32.9120755,151.7206332,forward,signal,-1,,
11518482490,-32.9103543,151.7170859,forward,signal,-1,,
11518482491,-32.9101236,151.7170427,backward,signal,-1,,
11245053324,-32.9149428,151.7257513,forward,signal,-1,,
11245053332,-32.9153057,151.7258359,forward,signal,-1,,
11245117639,-32.9153255,151.7255371,forward,signal,-1,,
11245117640,-32.9149821,151.7254628,forward,signal,-1,,
11337948265,-32.9106415,151.7264978,forward,signal,-1,,
11337948266,-32.9107651,151.7265802,forward,signal,-1,,
11337952682,-32.9105544,151.7267385,forward,signal,-1,,
11337952683,-32.9106831,151.7268503,backward,signal,-1,,
12842021742,-32.913173,151.726035,forward,signal,-1,,
13026627168,-32.9130207,151.7259658,backward,signal,-1,,
13026627169,-32.9129505,151.7262011,forward,signal,-1,,
13026627170,-32.9130846,151.7263069,backward,signal,-1,,
12128949190,-32.9367091,151.7407037,forward,signal,-1,,
12128949191,-32.93674,151.7409218,backward,signal,-1,,
6824589953,-32.9399676,151.7432451,backward,,-1,,
11266320840,-32.9379096,151.7485908,,,-1,,
11266320841,-32.937783,151.748471,forward,,-1,,
11982734671,-32.9399417,151.74313,backward,,-1,,
11982734672,-32.9397887,151.7431393,backward,,-1,,
11982734673,-32.9398073,151.7433174,forward,,-1,,
11266320827,-32.937844,151.7489094,backward,,-1,,
12092650758,-32.9377364,151.7487597,,,1,,
12530503293,-32.9385077,151.753694,forward,signal,-1,,
12530503294,-32.9386277,151.7538308,forward,signal,-1,,
12530503295,-32.9384067,151.7538923,forward,signal,-1,,
12530503296,-32.938531,151.7540363,backward,signal,-1,,
12953922031,-32.9382615,151.7511554,forward,signal,-1,,
12953922032,-32.9381408,151.7510353,forward,signal,-1,,
12953922033,-32.9381811,151.7513391,backward,signal,-1,,
771402111,-32.9388572,151.7606252,backward,signal,-1,,
771402117,-32.9386501,151.7606226,forward,signal,-1,,
3141292882,-32.9387122,151.7583808,forward,,1,,
8313441999,-32.9387507,151.7604368,forward,signal,-1,,
8320025087,-32.9388183,151.7584504,backward,,1,,
8323916943,-32.9353945,151.7615744,backward,,1,,
8326749824,-32.937886,151.759313,backward,,1,,
8326749826,-32.9378721,151.7594776,backward,,1,,
8326749827,-32.9377426,151.75929,forward,,1,,
8326749840,-32.9377256,151.7594574,forward,,1,,
11245265022,-32.9387196,151.7587215,backward,,1,,
11245265023,-32.9385963,151.7586556,forward,,1,,
13104824417,-32.9387561,151.7607909,backward,signal,-1,,
11985079499,-32.9353684,151.761759,forward,signal,-1,,
8307495850,-32.9241656,151.7307526,forward,,1,,
8307495852,-32.9240057,151.7305082,forward,,1,,
8307495853,-32.9239048,151.7306555,forward,,1,,
5967824452,-32.9241092,151.7377363,forward,signal,-1,,
6457203284,-32.924633,151.7369677,forward,traffic_lights,-1,,
8212606866,-32.9244387,151.7370731,forward,traffic_lights,-1,,
8212606880,-32.9243264,151.7368491,backward,signal,-1,,
8212606890,-32.9244859,151.7367671,forward,traffic_lights,-1,,
8356843395,-32.9239102,151.7418722,forward,,1,,
8356843405,-32.9237264,151.7417759,forward,,1,,
8356843407,-32.9235464,151.7419325,forward,,1,,
11263697770,-32.9242165,151.7379197,forward,signal,-1,,
7739961585,-32.9323504,151.7526115,forward,pedestrian_crossing,-1,,
8038754245,-32.9302834,151.7544195,forward,signal,-1,,
8327006521,-32.9322834,151.7527927,forward,pedestrian_crossing,-1,,
12212687606,-32.9306301,151.7545247,forward,signal,-1,,
12732385704,-32.9306066,151.7543324,backward,signal,-1,,
12732385705,-32.9303024,151.7546126,forward,signal,-1,,
8353719415,-32.9235345,151.7439175,forward,,1,,
8353719416,-32.9234531,151.7440719,backward,,1,,
8353756017,-32.9236745,151.7441551,forward,,1,,
8353756018,-32.9237531,151.7440027,forward,,1,,
8356843411,-32.9237174,151.7420679,forward,,-1,,
11224373440,-32.9241094,151.7470021,forward,,1,,
11224373441,-32.9241875,151.7468467,backward,,1,,
11224373442,-32.9239758,151.7467614,forward,,1,,
11224373443,-32.923889,151.7469099,forward,,1,,
11240711920,-32.9243337,151.7543288,forward,signal,-1,,
11240711921,-32.9241834,151.7544912,forward,signal,-1,,
11240711922,-32.9240501,151.7540732,forward,signal,-1,,
11240711923,-32.9242027,151.7538485,forward,signal,-1,,
11332612311,-32.9248629,151.7513275,forward,signal,-1,,
11332612312,-32.9247313,151.7515927,forward,signal,-1,,
11332612313,-32.9245429,151.7514849,forward,signal,-1,,
11332612314,-32.9246617,151.7512353,forward,signal,-1,,
11464401301,-32.9224677,151.7520629,forward,signal,-1,,
11464401303,-32.9222386,151.7522187,forward,signal,-1,,
11464401304,-32.9223869,151.7524165,forward,signal,-1,,
11464401305,-32.9226135,151.7522388,forward,signal,-1,,
11512414754,-32.9168324,151.7323097,forward,signal,-1,,
11512414755,-32.9165611,151.7320425,forward,signal,-1,,
11512414756,-32.9164939,151.7321917,backward,signal,-1,,
11512414757,-32.9167412,151.7324716,forward,signal,-1,,
11982606007,-32.917496,151.736286,forward,,-1,,
12305249212,-32.9172479,151.7359585,forward,signal,-1,,
12305249213,-32.9175191,151.7360275,forward,signal,-1,,
8200592521,-32.9190353,151.7430194,forward,,1,,
8200592542,-32.9190398,151.7428271,forward,,-1,,
8200592586,-32.9187906,151.742909,forward,,1,,
11535325440,-32.9196534,151.7476558,forward,signal,-1,,
11535325450,-32.9198621,151.747753,backward,,-1,,
11535325454,-32.9197944,151.7479186,forward,signal,-1,,
11535325455,-32.9195725,151.747816,forward,signal,-1,,
11982606006,-32.9155342,151.7485403,forward,,-1,,
11982704169,-32.9188682,151.7427614,forward,,-1,,
8195808140,-32.9183644,151.7503786,forward,signal,-1,,
8195808141,-32.9183731,151.7506046,backward,signal,-1,,
8195808142,-32.918559,151.7507709,backward,signal,-1,,
8195808143,-32.918704,151.7506267,backward,signal,-1,,
8195808146,-32.9172288,151.7496301,backward,signal,-1,,
8195808149,-32.9172005,151.7494438,backward,signal,-1,,
8195826954,-32.9156617,151.7486238,backward,,1,,
8695766991,-32.9155466,151.7486859,forward,,1,,
11243246307,-32.9170366,151.7495041,forward,signal,-1,,
2669519480,-32.9111745,151.7459572,backward,,-1,,
6676945810,-32.9089679,151.7465536,forward,signal,-1,,
8474211413,-32.9110209,151.7457824,backward,signal,-1,,
8474219326,-32.9108747,151.7458946,forward,signal,-1,,
12417647847,-32.9090105,151.7465938,forward,signal,-1,,
12417647848,-32.9089392,151.746852,forward,signal,-1,,
13302881710,-32.9103698,151.7422196,forward,signal,-1,,
13302881711,-32.9103714,151.7424509,forward,signal,-1,,
13302881712,-32.9105636,151.7421945,backward,signal,-1,,
13302881713,-32.9105781,151.742441,backward,signal,-1,,
1840986891,-32.9350693,151.7617086,forward,signal,-1,,
13183618647,-32.9350338,151.7619028,forward,signal,-1,,
728663814,-32.9244638,151.7599371,forward,signal,-1,,
728668598,-32.9245544,151.7597134,forward,,-1,,
8038754148,-32.9274413,151.7606365,forward,signal,-1,,
8229466262,-32.9244535,151.7596528,backward,signal,-1,,
8229640816,-32.9236884,151.7558505,forward,,-1,,
9066561668,-32.9234715,151.7606965,forward,signal,-1,,
9682456460,-32.9245922,151.7575762,forward,,-1,,
9682456461,-32.9247203,151.7579704,backward,,-1,,
9682456466,-32.9237568,151.7602234,forward,signal,-1,,
9682456467,-32.9234537,151.7605763,forward,signal,-1,,
9682456472,-32.9237376,151.760579,forward,signal,-1,,
11278589109,-32.9240196,151.7558927,forward,signal,-1,,
11278589110,-32.923876,151.7559166,backward,signal,-1,,
11278589111,-32.9238637,151.7555792,forward,signal,-1,,
11278589118,-32.9237115,151.7555777,forward,signal,-1,,
11359660261,-32.9246215,151.7599656,forward,signal,-1,,
11359660267,-32.9244239,151.7596701,forward,signal,-1,,
11359660268,-32.9245941,151.7599875,forward,signal,-1,,
11359685069,-32.9245634,151.7600004,backward,signal,-1,,
11359691776,-32.9268298,151.7579434,forward,signal,-1,,
11359691777,-32.9268175,151.7583032,forward,signal,-1,,
11359691778,-32.926583,151.7583735,forward,signal,-1,,
11359691782,-32.9265638,151.7580235,forward,signal,-1,,
11359755338,-32.924542,151.7578695,forward,signal,-1,,
11359755339,-32.9245529,151.7579049,forward,signal,-1,,
11524337252,-32.9253102,151.7592405,forward,signal,-1,,
11524337259,-32.9252589,151.7595567,backward,signal,-1,,
11524337262,-32.9250894,151.7595109,forward,signal,-1,,
11524337267,-32.9251194,151.7591744,forward,signal,-1,,
12223202999,-32.9272152,151.7606891,forward,signal,-1,,
12223203000,-32.9273963,151.7608825,forward,signal,-1,,
12223203001,-32.9271535,151.7609109,backward,signal,-1,,
12327731151,-32.9259442,151.7569365,forward,signal,-1,,
12327731152,-32.9259199,151.7571244,backward,signal,-1,,
12327731153,-32.9261736,151.7570788,forward,signal,-1,,
360031629,-32.9256878,151.764542,forward,signal,-1,,
2505417004,-32.9261896,151.7619334,backward,signal,-1,,
4120915681,-32.9281246,151.7672273,forward,,-1,,
5094852661,-32.926134,151.7643884,forward,,-1,,
5987320740,-32.9262785,151.7617194,forward,signal,-1,,
6111843446,-32.9254961,151.7643295,forward,signal,-1,,
6277728507,-32.9271796,151.7681692,forward,,-1,,
8332895399,-32.9274674,151.7673739,forward,,1,,
8332895405,-32.9274206,151.7671785,forward,,1,,
9239464131,-32.9257251,151.7643553,backward,signal,-1,,
9239464139,-32.9261444,151.7641901,forward,signal,-1,,
9239464140,-32.9260021,151.7643044,forward,signal,-1,,
11224401677,-32.9284252,151.7673543,forward,signal,-1,,
11224401678,-32.9284994,151.7670957,backward,signal,-1,,
11224401679,-32.9281961,151.7669973,forward,signal,-1,,
11240829462,-32.9263524,151.7620761,backward,signal,-1,,
11247055668,-32.9275572,151.767276,backward,,1,,
11359659321,-32.926018,151.7641192,forward,,-1,,
11402617242,-32.9280219,151.7634382,forward,signal,-1,,
11402617243,-32.9277726,151.7633957,forward,signal,-1,,
11402617244,-32.9276952,151.7637385,backward,signal,-1,,
11402617260,-32.9279625,151.7637627,forward,signal,-1,,
11513808166,-32.9269026,151.7640033,forward,signal,-1,,
11513808167,-32.9267388,151.7639091,forward,signal,-1,,
11513808168,-32.926637,151.7641255,forward,signal,-1,,
11513820969,-32.9267763,151.7641876,backward,,-1,,
11989946658,-32.9273312,151.7681264,forward,,-1,,
8200322451,-32.9298584,151.7730131,forward,,1,,
8200322455,-32.9297741,151.7732131,backward,,1,,
8200322456,-32.9299153,151.7732569,forward,,1,,
8204012400,-32.9299814,151.7730558,forward,,1,,
12000196130,-32.9319056,151.7712757,forward,signal,-1,,
12000196131,-32.9317628,151.771403,backward,signal,-1,,
186656730,-32.9279142,151.7743313,backward,,1,,
1839756831,-32.9269959,151.7722396,forward,signal,-1,,
5094852648,-32.9273395,151.7684793,forward,,-1,,
5952817237,-32.9270299,151.7722442,forward,signal,-1,,
6226501148,-32.9268474,151.7728059,forward,,-1,,
6277728509,-32.9268954,151.7728126,forward,,-1,,
8038576900,-32.9279384,151.7740726,backward,,1,,
8041130369,-32.9278364,151.7742313,backward,,1,,
8041130377,-32.9280844,151.7741008,forward,,-1,,
8067222360,-32.9267625,151.7729495,forward,signal,-1,,
8189131444,-32.926878,151.7747451,forward,,-1,,
8189131453,-32.9266709,151.7745587,forward,signal,-1,,
10167781830,-32.9271769,151.7684575,forward,,-1,,
10167781847,-32.9273898,151.7684439,forward,,-1,,
11359537712,-32.9267175,151.7745632,forward,,-1,,
11359537713,-32.9269001,151.773118,forward,signal,-1,,
11359537714,-32.9269548,151.7720042,forward,,-1,,
11359537715,-32.9270886,151.7706921,forward,,-1,,
11359659170,-32.9269403,151.773125,forward,signal,-1,,
11359659173,-32.9269241,151.7720022,forward,,-1,,
11359659195,-32.9270623,151.7706912,forward,,-1,,
11359659196,-32.927115,151.7709679,forward,signal,-1,,
11359659197,-32.927153,151.7709742,forward,signal,-1,,
11370554784,-32.9272513,151.7708388,backward,signal,-1,,
11929668317,-32.9283319,151.7709943,backward,signal,-1,,
11929668318,-32.9282391,151.7708602,backward,signal,-1,,
11929668319,-32.928118,151.7709629,forward,signal,-1,,
11929668320,-32.9282166,151.7711095,forward,,-1,,
5952817230,-32.9262724,151.7811282,forward,signal,-1,,
6131757204,-32.926242,151.7811292,forward,signal,-1,,
6228690326,-32.9264933,151.7770525,forward,signal,-1,,
11359537707,-32.9262932,151.7792135,forward,signal,-1,,
11359537708,-32.9262459,151.7790152,forward,,-1,,
11359537709,-32.9264631,151.7770467,forward,signal,-1,,
11359537710,-32.9264304,151.7768362,forward,,-1,,
11359537711,-32.9267213,151.7749486,forward,signal,-1,,
11359597691,-32.9263263,151.7792118,forward,signal,-1,,
11359597692,-32.9262173,151.7790188,forward,signal,-1,,
11359597726,-32.926403,151.7768328,forward,signal,-1,,
11359597768,-32.9267506,151.7749554,forward,signal,-1,,
11985082565,-32.9270347,151.7767949,backward,signal,-1,,
12000549543,-32.9270206,151.7766138,forward,signal,-1,,
12644373869,-32.9214017,151.7599249,forward,signal,-1,,
12644373870,-32.9212334,151.7601669,forward,signal,-1,,
12644373871,-32.9215137,151.7601273,forward,signal,-1,,
1839778555,-32.9124956,151.7586536,forward,,-1,,
11982606013,-32.9125712,151.7583384,backward,,-1,,
11982606014,-32.912634,151.7587428,backward,,-1,,
11982606015,-32.9127317,151.7584545,forward,,-1,,
12259539401,-32.9088897,151.7596077,forward,signal,-1,,
5952817263,-32.9263635,151.7814315,forward,signal,-1,,
5952824124,-32.9263979,151.7814261,forward,signal,-1,,
6131985992,-32.9271049,151.7847511,forward,,-1,,
6228690331,-32.927432,151.7857564,backward,,1,,
8250210106,-32.9265382,151.782441,forward,signal,-1,,
8250210107,-32.9264973,151.7824553,forward,signal,-1,,
10167781817,-32.9272812,151.7856461,forward,,-1,,
10167781819,-32.9272787,151.7856474,forward,,-1,,
11359498758,-32.9271431,151.7845985,backward,signal,-1,,
11359498759,-32.9269333,151.7846727,forward,signal,-1,,
11359498760,-32.926992,151.7844775,forward,signal,-1,,
11359537669,-32.9263821,151.7822074,forward,signal,-1,,
11359537670,-32.9263533,151.7822221,forward,signal,-1,,
11359537682,-32.9265897,151.7822956,forward,signal,-1,,
11359537729,-32.9274126,151.7860061,forward,,-1,,
13245541658,-32.9273778,151.7859989,forward,signal,-1,,
9046731010,-32.8107973,151.431418,forward,signal,-1,,
12740723485,-32.8108345,151.4317693,backward,signal,-1,,
13302823086,-32.8106916,151.431612,forward,signal,-1,,
11980584658,-32.8150323,151.4587635,backward,,-1,,
11980584659,-32.8148578,151.4586202,forward,,-1,,
11980584660,-32.8147571,151.4588245,backward,,-1,,
11980584661,-32.8149142,151.4589671,backward,,-1,,
13172507887,-32.8138722,151.4588689,forward,signal,-1,,
13172507888,-32.8137836,151.4590505,forward,signal,-1,,
13172507889,-32.8139267,151.4592029,backward,signal,-1,,
13172507890,-32.8140118,151.4589974,forward,signal,-1,,
6635239324,-32.8172943,151.4832073,forward,signal,-1,,
8827194046,-32.8176111,151.483166,forward,signal,-1,,
8827194047,-32.8177589,151.4831121,forward,signal,-1,,
11980593277,-32.81317,151.4807202,forward,,-1,,
11980593278,-32.8129775,151.480877,forward,signal,-1,,
11980593279,-32.8132422,151.4808795,forward,,-1,,
11980593280,-32.8130527,151.4810458,backward,,-1,,
5179409963,-32.8947118,151.6068128,forward,signal,-1,,
5179410009,-32.8945159,151.6075394,forward,signal,-1,,
5179410026,-32.8944622,151.6073499,forward,signal,-1,,
5179410034,-32.8949072,151.6071586,forward,signal,-1,,
6699773921,-32.894256,151.6071174,forward,signal,-1,,
8696944012,-32.8944153,151.6070469,forward,signal,-1,,
8696944013,-32.8947135,151.6069565,forward,signal,-1,,
8696944014,-32.894766,151.6072202,forward,signal,-1,,
706952508,-32.8787907,151.6167845,forward,,1,,
8460079366,-32.878697,151.6169563,forward,,-1,,
11989946652,-32.8785311,151.6169016,forward,,-1,,
12438178991,-32.8160294,151.6235674,,signal,-1,,
13188143540,-32.8161208,151.6235422,,signal,-1,,
13188143541,-32.8161048,151.6236541,,signal,-1,,
13188143544,-32.8161676,151.6234938,forward,signal,-1,,
13188143547,-32.8161368,151.6237285,forward,signal,-1,,
11980593273,-32.8022408,151.5135374,backward,,-1,,
11980593274,-32.8024666,151.513481,forward,,-1,,
11980593275,-32.8025072,151.5137304,backward,,-1,,
11980593276,-32.8023034,151.5137838,backward,,-1,,
12612425995,-32.6996709,151.4511,backward,signal,-1,,
12612425996,-32.6996094,151.451279,forward,signal,-1,,
9347906407,-32.6992743,151.4564075,forward,signal,-1,,
9347906408,-32.699239,151.4561773,backward,signal,-1,,
10024280475,-32.7006437,151.4637838,forward,signal,-1,,
10024280476,-32.7008446,151.4640955,forward,signal,-1,,
10024280477,-32.7009158,151.4638576,forward,signal,-1,,
10024280478,-32.7005433,151.4639868,backward,signal,-1,,
8692090267,-32.7910617,151.5192751,forward,signal,-1,,
8692090265,-32.7907751,151.5192651,forward,signal,-1,,
8692090266,-32.790781,151.5195887,forward,signal,-1,,
29549592,-32.7646801,151.5276803,forward,signal,-1,,
7791315177,-32.7646003,151.527997,forward,,1,,
13236256488,-32.7644209,151.5278438,forward,signal,-1,,
13236256489,-32.7644956,151.5275555,backward,signal,-1,,
11980584662,-32.758106,151.5314861,backward,,-1,,
11980584663,-32.7579205,151.5314798,forward,,-1,,
11980584664,-32.7579068,151.5317274,forward,,-1,,
13095401837,-32.7581305,151.531746,backward,signal,-1,,
346499082,-32.7610492,151.5911647,forward,signal,-1,,
9708890141,-32.7611207,151.5907632,forward,signal,-1,,
9708890142,-32.761253,151.5910646,forward,signal,-1,,
1842536882,-32.760256,151.5935953,forward,signal,-1,,
2479759540,-32.7615762,151.5932863,forward,,1,yes,
2479759597,-32.7617613,151.5932077,forward,,-1,,
4990119246,-32.7622907,151.5963353,forward,signal,-1,,
6413000845,-32.7638613,151.5976703,forward,,-1,,
6413164197,-32.7599047,151.5938497,forward,signal,-1,,
6976217497,-32.7599798,151.5930909,forward,signal,-1,,
7018758111,-32.7624681,151.5956957,forward,signal,-1,,
7018758118,-32.7626605,151.5960779,forward,signal,-1,,
7169726375,-32.7620914,151.5959501,forward,signal,-1,,
7739956776,-32.7641049,151.5978142,forward,,-1,,
7739956777,-32.7640388,151.5975733,forward,,-1,,
7739956778,-32.7640153,151.5975088,forward,,-1,,
8362819260,-32.7625528,151.5960889,forward,signal,-1,,
8362819261,-32.7624674,151.5958161,forward,signal,-1,,
8362819262,-32.7622042,151.5959421,forward,signal,-1,,
8362819263,-32.7623101,151.5962024,forward,signal,-1,,
9175587799,-32.7601441,151.5936332,forward,signal,-1,,
9175587800,-32.7600582,151.5933373,forward,signal,-1,,
9175587801,-32.7598534,151.5937822,forward,signal,-1,,
9175587802,-32.7597048,151.5933829,forward,signal,-1,,
11980593281,-32.7618762,151.593408,forward,,-1,,
5499576363,-32.7528305,151.5868925,forward,signal,-1,,
8419839947,-32.753089,151.5869797,forward,signal,-1,,
8419839948,-32.7530378,151.5867928,forward,signal,-1,,
8419839949,-32.7528708,151.5870748,backward,signal,-1,,
11980593269,-32.7732368,151.6074307,backward,,-1,,
11980593270,-32.7732044,151.6076271,forward,,-1,,
11980593271,-32.7729155,151.6074423,forward,,-1,,
8478895745,-32.7753702,151.6121873,forward,,-1,,
8478895746,-32.7753428,151.6124042,forward,,-1,,
13172548504,-32.7755914,151.6123315,forward,signal,-1,,
11980584665,-32.7655766,151.6232772,forward,,-1,,
11980584667,-32.7655795,151.623551,forward,,-1,,
13238812055,-32.7658675,151.6235723,forward,,-1,,
6770827042,-32.738841,151.5516157,forward,signal,-1,,
6770994224,-32.7392389,151.551209,forward,signal,-1,,
6413187605,-32.7437279,151.5692433,forward,signal,-1,,
8419839939,-32.7437167,151.5690018,forward,signal,-1,,
8419839940,-32.743997,151.5691987,forward,signal,-1,,
6771703418,-32.7339149,151.5543995,forward,signal,-1,,
6771703494,-32.7338113,151.5528706,backward,signal,-1,,
6771703610,-32.7339491,151.5541763,backward,signal,-1,,
11607240038,-32.7338093,151.5543176,forward,signal,-1,,
11607253281,-32.7339081,151.5529394,forward,signal,-1,,
11607253290,-32.7338259,151.5531072,forward,signal,-1,,
11630345065,-32.7343649,151.5562121,backward,signal,-1,,
11630345066,-32.7344904,151.556395,forward,signal,-1,,
11630345067,-32.734347,151.5563934,forward,signal,-1,,
6771806761,-32.7319388,151.5547881,forward,signal,-1,,
9892618918,-32.7298607,151.5524452,forward,,-1,,
9892618919,-32.7297613,151.5526194,forward,,-1,,
9892618920,-32.7295981,151.5523599,forward,,-1,,
9892618921,-32.7296846,151.5522324,forward,signal,-1,,
11294828878,-32.7318752,151.5546246,forward,signal,-1,,
346210213,-32.7362883,151.560078,backward,signal,-1,,
8540509573,-32.7364484,151.5599213,backward,signal,-1,,
11294845260,-32.7362968,151.5599329,backward,signal,-1,,
11294845261,-32.736462,151.5600792,forward,signal,-1,,
346191586,-32.719461,151.5309516,forward,,-1,,
1842584482,-32.7194789,151.5313209,forward,,-1,,
8285365921,-32.7196089,151.5311488,backward,,-1,,
11091111819,-32.7198034,151.5281066,forward,signal,-1,,
11091111831,-32.7198573,151.5278706,backward,signal,-1,,
11091111832,-32.7195782,151.5279147,forward,signal,-1,,
346179468,-32.7135521,151.5226976,forward,,-1,,
346179473,-32.7150862,151.5251071,forward,,-1,,
1842584324,-32.7137995,151.5229388,forward,,-1,,
1842584403,-32.7154035,151.525204,forward,,-1,,
1842584405,-32.7152085,151.5253722,forward,,-1,,
8285289011,-32.7135403,151.5229228,forward,,-1,,
8285289012,-32.7138059,151.5227336,backward,,-1,,
346179799,-32.7175424,151.5265813,forward,,-1,,
1842584429,-32.7178295,151.5265868,forward,,-1,,
8285365917,-32.7177675,151.526422,backward,,-1,,
8285365918,-32.7176587,151.5267746,forward,,-1,,
11980593272,-32.7195918,151.5363571,forward,,-1,,
12305482848,-32.7193597,151.5363907,backward,signal,-1,,
12305482851,-32.7193922,151.5362266,forward,signal,-1,,
346191700,-32.7213783,151.5398031,forward,signal,-1,,
346194152,-32.7216276,151.5403812,forward,signal,-1,,
1842575736,-32.7218105,151.540577,forward,signal,-1,,
1842575739,-32.721566,151.5399954,forward,signal,-1,,
8285365927,-32.7213319,151.539952,forward,signal,-1,,
8285365928,-32.721593,151.5398549,backward,signal,-1,,
8285365931,-32.7218404,151.5404039,backward,signal,-1,,
8419839945,-32.7498231,151.5843176,forward,signal,-1,,
8419839946,-32.7500084,151.5843458,forward,signal,-1,,
13893562290,-32.7467358,151.5813399,forward,signal,-1,,
13893562291,-32.7465018,151.5814622,forward,signal,-1,,
13893562292,-32.7466214,151.5817183,forward,signal,-1,,
13893562293,-32.746834,151.5815804,forward,signal,-1,,
332949605,-32.7446484,151.5845624,backward,signal,-1,,
2447740303,-32.7449363,151.5846991,forward,signal,-1,,
12996823559,-32.7448527,151.5844283,forward,signal,-1,,
11368295877,-32.7512182,151.5900576,forward,signal,-1,,
11368295879,-32.7510492,151.5900916,backward,signal,-1,,
11368295880,-32.7511873,151.5898537,forward,signal,-1,,
11368295881,-32.7510167,151.5898838,backward,signal,-1,,
11980593282,-32.7471753,151.5866093,backward,,-1,,
11980593283,-32.7473487,151.5867571,forward,,-1,,
13107971987,-32.7471933,151.5867967,forward,signal,-1,,
12996823565,-32.7447677,151.5848241,forward,,1,,
6933485302,-32.9076402,151.6656016,forward,signal,-1,,
11989946643,-32.9030255,151.6696055,forward,,-1,,
11989946644,-32.9031015,151.6697367,forward,,-1,,
12162615544,-32.9031373,151.6695241,forward,signal,-1,,
12178060844,-32.9069943,151.668284,forward,signal,-1,,
12178060845,-32.90705,151.6686389,forward,signal,-1,,
12178060846,-32.9071781,151.6684901,forward,signal,-1,,
13227489671,-32.9076918,151.6651752,forward,signal,-1,,
13227489672,-32.9073037,151.6652747,forward,signal,-1,,
13227489673,-32.9074824,151.6649487,forward,signal,-1,,
13227489674,-32.9075106,151.6654814,forward,signal,-1,,
11823843112,-32.9061453,151.6710125,forward,signal,-1,,
11823843113,-32.9061116,151.6713171,forward,signal,-1,,
11823843114,-32.9059819,151.671079,forward,,-1,,
11823843115,-32.9062504,151.6712664,backward,signal,-1,,
11381151561,-32.9012984,151.6695515,backward,signal,-1,,
11381151562,-32.901151,151.6693583,forward,signal,-1,,
11381151563,-32.9012604,151.6692615,forward,signal,-1,,
11381151564,-32.9013855,151.6694242,backward,,-1,,
2668017883,-32.8980524,151.6764952,forward,signal,-1,,
7593205017,-32.8983006,151.6763866,backward,,1,,
12953932413,-32.8895472,151.663214,forward,signal,-1,,
7870989574,-32.891116,151.6681338,backward,,-1,,
12509095718,-32.8913715,151.6682311,forward,signal,-1,,
12509095719,-32.8911717,151.6679023,forward,signal,-1,,
12509095720,-32.8914236,151.6679855,forward,signal,-1,,
12953932414,-32.8897525,151.663429,forward,signal,-1,,
12953932415,-32.8895154,151.6634611,forward,signal,-1,,
5863553286,-32.8775187,151.6480221,forward,signal,-1,,
12688973434,-32.8777154,151.6478509,forward,signal,-1,,
12688973435,-32.8773671,151.6477767,forward,signal,-1,,
12688973436,-32.8775854,151.6476263,forward,signal,-1,,
12688877981,-32.8733239,151.6437449,backward,signal,-1,,
1835929969,-32.8733871,151.6441426,forward,signal,-1,,
4030560309,-32.8732193,151.6440547,forward,signal,-1,,
12688877983,-32.8734853,151.6438841,backward,signal,-1,,
1835209668,-32.9030611,151.6770969,forward,,-1,,
12459854895,-32.9036894,151.682711,forward,signal,-1,,
12459854896,-32.9035821,151.6829272,backward,signal,-1,,
12459854898,-32.9039547,151.6828715,forward,signal,-1,,
11989946641,-32.9042489,151.6867059,forward,,-1,,
12459854897,-32.9038601,151.6830761,forward,signal,-1,,
12461743875,-32.9045129,151.6868074,forward,signal,-1,,
12461743876,-32.9044345,151.6870187,forward,signal,-1,,
12461743877,-32.9041896,151.6869204,forward,signal,-1,,
6241808219,-32.8981189,151.6767737,forward,signal,-1,,
7593205018,-32.8983352,151.6767815,backward,,1,,
12849738714,-32.8983642,151.6767062,forward,signal,-1,,
1834810074,-32.9063835,151.6935174,forward,signal,-1,,
11397640082,-32.9047575,151.690406,forward,signal,-1,,
11397640083,-32.904664,151.6906005,forward,signal,-1,,
11397640084,-32.9049552,151.6906504,forward,signal,-1,,
11951679746,-32.9030535,151.6908827,forward,signal,-1,,
11951679747,-32.9032185,151.6908488,backward,signal,-1,,
11951679748,-32.9031324,151.6907478,forward,signal,-1,,
12849888947,-32.9067035,151.6933495,forward,signal,-1,,
12849888961,-32.9062505,151.6932803,forward,signal,-1,,
13653816143,-32.906178,151.6930021,forward,signal,-1,,
1732502843,-32.8971719,151.6984437,forward,signal,-1,,
1733500615,-32.897044,151.6977349,forward,signal,-1,,
13264670375,-32.8973686,151.6988576,forward,signal,-1,,
445346976,-32.8843913,151.6960565,forward,,-1,,
6038147357,-32.888696,151.6950648,backward,,-1,,
11917481232,-32.8888955,151.6949572,forward,,-1,,
11917481233,-32.8888533,151.6951192,backward,signal,-1,,
11989946663,-32.8845394,151.696161,forward,,-1,,
11989946662,-32.8843613,151.6962033,backward,,-1,,
11337958535,-32.908878,151.705153,forward,signal,-1,,
11982606009,-32.8968066,151.7060705,forward,,-1,,
12430474225,-32.8967155,151.706246,forward,signal,-1,,
12430474226,-32.8969508,151.706309,forward,signal,-1,,
12430474227,-32.8970338,151.7061462,forward,signal,-1,,
2944871497,-32.9052786,151.7280761,forward,signal,-1,,
11515573531,-32.9070631,151.727411,forward,signal,-1,,
11515573532,-32.9070092,151.7277009,forward,signal,-1,,
11515573533,-32.9067016,151.727658,forward,signal,-1,,
11515573534,-32.9067449,151.7274229,backward,signal,-1,,
11795249384,-32.9030605,151.7286635,backward,signal,-1,,
11795249385,-32.9029431,151.7285646,forward,signal,-1,,
11795249386,-32.9027376,151.728738,forward,signal,-1,,
11795249387,-32.9028768,151.7288033,forward,signal,-1,,
12257708813,-32.9049414,151.7282321,forward,signal,-1,,
12450382955,-32.9050634,151.7280318,backward,signal,-1,,
2453598376,-32.8981159,151.7215614,,signal,-1,,
7140569157,-32.8978552,151.7215837,forward,signal,-1,,
8921495436,-32.8962718,151.7199879,backward,signal,-1,,
11553524009,-32.8965035,151.7199647,forward,signal,-1,,
11553524010,-32.8963139,151.7197445,forward,signal,-1,,
12658344704,-32.9002382,151.7211157,forward,signal,-1,,
12658344705,-32.9001561,151.7212862,forward,signal,-1,,
12658344706,-32.9000297,151.7211599,backward,signal,-1,,
12658344707,-32.9001202,151.7210202,forward,signal,-1,,
13073687906,-32.8979981,151.7214126,backward,signal,-1,,
13073687907,-32.8979915,151.7217082,forward,signal,-1,,
13344470228,-32.8952178,151.7210585,forward,signal,-1,,
13344470229,-32.8950799,151.7211987,backward,signal,-1,,
11247051186,-32.8895675,151.726472,backward,signal,-1,,
11247051187,-32.8898194,151.7262218,forward,signal,-1,,
11247051188,-32.8898409,151.7264501,forward,signal,-1,,
11247051189,-32.8895604,151.7262433,forward,signal,-1,,
11982606010,-32.8935532,151.7225822,backward,,-1,,
12446938595,-32.89374,151.7223983,forward,signal,-1,,
12446938596,-32.8936796,151.7225815,backward,signal,-1,,
2380164933,-32.886971,151.720822,forward,,-1,,
2380164934,-32.886951,151.7210118,forward,,-1,,
3232175983,-32.8867702,151.7208822,forward,,-1,,
734164665,-32.8840682,151.7244775,forward,,-1,,
11583933243,-32.8864904,151.728007,forward,signal,-1,,
11583933247,-32.8864233,151.7281478,forward,signal,-1,,
11583933248,-32.8862378,151.7279628,forward,signal,-1,,
11982606011,-32.8840507,151.7242633,forward,,-1,,
11982606012,-32.8842704,151.7244024,forward,,-1,,
11630306424,-32.8719322,151.70679,backward,signal,-1,,
11630306425,-32.8718852,151.7066321,forward,signal,-1,,
11630306426,-32.8718121,151.7068743,backward,signal,-1,,
8064009868,-32.8709932,151.7101059,forward,signal,-1,,
8064009869,-32.8706736,151.7100818,forward,signal,-1,,
8064009870,-32.8709054,151.709887,forward,signal,-1,,
8012314069,-32.8822628,151.7189476,forward,signal,-1,,
8012314070,-32.8819395,151.7189307,forward,signal,-1,,
8012314071,-32.8820702,151.7191727,forward,signal,-1,,
3440241297,-32.8634811,151.7054178,forward,,-1,,
3440241318,-32.8637506,151.7053065,forward,signal,-1,,
3440241326,-32.8638829,151.7055809,forward,signal,-1,,
5852852481,-32.8634512,151.705485,forward,signal,-1,,
7500246781,-32.8610664,151.7044194,forward,signal,-1,,
7500246782,-32.8609912,151.7044919,forward,signal,-1,,
12850657340,-32.8609958,151.70427,forward,signal,-1,,
12850668538,-32.858829,151.7047938,forward,signal,-1,,
12850668539,-32.8587068,151.7045536,forward,signal,-1,,
12850668540,-32.8590554,151.7046474,forward,signal,-1,,
6544671981,-32.8138726,151.6355266,forward,signal,-1,,
6544717224,-32.8134117,151.6355861,forward,signal,-1,,
7221439787,-32.813678,151.6352871,forward,signal,-1,,
7221439788,-32.813633,151.6358117,forward,signal,-1,,
12450371033,-32.8043347,151.6533899,backward,signal,-1,,
12450371034,-32.8043271,151.6536011,backward,signal,-1,,
12450371035,-32.8044865,151.6536108,forward,signal,-1,,
11961803247,-32.8522262,151.6999506,forward,signal,-1,,
11980592994,-32.8520488,151.7000317,forward,,-1,,
11980592996,-32.8522093,151.7002173,forward,,-1,,
11980592991,-32.8478005,151.694702,forward,,-1,,
11980592993,-32.8478406,151.6948516,forward,,-1,,
12530881763,-32.847536,151.6948028,forward,signal,-1,,
11980592988,-32.840224,151.6892853,forward,,-1,,
11980592989,-32.8399888,151.6895006,forward,,-1,,
11980592990,-32.8397909,151.6892405,forward,,-1,,
1825011647,-32.8246233,151.6840158,forward,signal,-1,,
1825013973,-32.8248423,151.6838032,forward,signal,-1,,
11359427239,-32.8248222,151.6840946,forward,signal,-1,,
11359427243,-32.8239548,151.6838739,forward,signal,-1,,
11359427245,-32.8237751,151.6841433,forward,signal,-1,,
11359427254,-32.8238913,151.683778,backward,signal,-1,,
11980593000,-32.8278188,151.684331,forward,,-1,,
12953956214,-32.8279314,151.6846007,backward,signal,-1,,
12953956215,-32.82817,151.684364,forward,signal,-1,,
1825011657,-32.8236674,151.6839838,forward,signal,-1,,
3523632256,-32.8225061,151.6864773,forward,,-1,,
11980509890,-32.8164794,151.6962101,forward,signal,-1,,
12926896881,-32.816704,151.6964538,forward,signal,-1,,
12926896882,-32.8164562,151.6966253,forward,signal,-1,,
7170960696,-32.9025622,151.73095,forward,signal,-1,,
9969331342,-32.9023986,151.7308585,forward,signal,-1,,
11982606017,-32.89999,151.7334642,backward,,-1,,
11982606018,-32.8998634,151.7334281,forward,,-1,,
11982606019,-32.8997664,151.7337208,forward,,-1,,
11982606020,-32.8999058,151.7337429,backward,,-1,,
7615597728,-32.8984855,151.7380749,forward,,-1,,
8147826425,-32.898347,151.7380848,backward,,1,,
8147826427,-32.8983479,151.7378845,backward,,1,,
11234882501,-32.8972546,151.7366278,both,signal,-1,,
11234882502,-32.8972677,151.7364044,both,signal,-1,,
11234882503,-32.8974475,151.7364006,both,signal,-1,,
11234882504,-32.8974268,151.7366023,both,signal,-1,,
11798931205,-32.9004327,151.7404869,forward,signal,-1,,
11798931206,-32.9004636,151.7407484,forward,signal,-1,,
11798931209,-32.9002686,151.7407179,backward,signal,-1,,
11798931210,-32.9002812,151.7405024,backward,signal,-1,,
11982606008,-32.8988306,151.7385282,backward,,-1,,
12387644216,-32.8989972,151.7385524,backward,signal,-1,,
12387644217,-32.898991,151.7386923,forward,signal,-1,,
5987391157,-32.9074083,151.7480525,forward,,-1,,
7739956782,-32.9044621,151.7459417,forward,,-1,,
8481352725,-32.9045578,151.7457435,forward,,-1,,
8481352741,-32.9072102,151.7481141,forward,,-1,,
8481352756,-32.9073164,151.7482979,backward,,-1,,
8484244805,-32.9043858,151.7456737,forward,,-1,,
11518524363,-32.9044009,151.7458606,forward,signal,-1,,
12841739461,-32.9031886,151.7444655,backward,signal,-1,,
12841739462,-32.9033735,151.7447248,backward,signal,-1,,
12841739463,-32.9031853,151.7446979,forward,signal,-1,,
12841739464,-32.9033573,151.7444789,forward,signal,-1,,
8150405609,-32.9019392,151.7427167,backward,,1,,
8150405611,-32.9021256,151.7427623,forward,,1,,
8150405614,-32.9020838,151.7429678,forward,,1,,
8150405615,-32.9018877,151.7429115,backward,,1,,
8978673671,-32.9014897,151.7466173,backward,signal,-1,,
8978673672,-32.9016597,151.7465785,forward,signal,-1,,
11846800595,-32.8960987,151.7478316,forward,signal,-1,,
11846800596,-32.8959791,151.747722,backward,signal,-1,,
11846800597,-32.8960156,151.7479734,forward,signal,-1,,
11846800598,-32.8958992,151.7478734,backward,signal,-1,,
6720117388,-32.9006084,151.7530943,forward,signal,-1,,
6720117389,-32.900346,151.7531969,forward,signal,-1,,
6720117390,-32.9004343,151.7528988,forward,signal,-1,,
6720117391,-32.9005145,151.7533744,forward,signal,-1,,
12050323744,-32.893228,151.731,backward,signal,-1,,
12050323745,-32.8933293,151.7311424,forward,signal,-1,,
6720100281,-32.89095,151.7407943,forward,signal,-1,,
6720100282,-32.8907615,151.7405629,forward,signal,-1,,
6720100283,-32.8910682,151.7406266,backward,signal,-1,,
1835184016,-32.8871924,151.7321639,,,-1,,
6038061299,-32.8869519,151.7321211,,,-1,,
7739956780,-32.8870265,151.7318886,,,-1,,
6720103147,-32.894391,151.7480511,forward,signal,-1,,
6720103148,-32.8940997,151.7477418,forward,signal,-1,,
6720103149,-32.894149,151.7479909,forward,signal,-1,,
6720103150,-32.8944405,151.7478717,forward,signal,-1,,
6720117385,-32.8913331,151.7433831,forward,signal,-1,,
6720117386,-32.8912038,151.7432112,forward,signal,-1,,
2669436112,-32.9087726,151.7597464,forward,signal,-1,,
8360190014,-32.8213084,151.7490072,forward,,-1,,
8360190015,-32.8212091,151.7495378,forward,,-1,,
8360190016,-32.8214958,151.7493136,forward,,-1,,
848342812,-32.7949363,151.6353093,forward,,-1,,
848342851,-32.7945073,151.6356473,forward,,-1,,
8549563448,-32.7946189,151.6361186,forward,signal,-1,,
12455832479,-32.7949437,151.6354826,forward,signal,-1,,
12455832484,-32.7949378,151.6358485,forward,signal,-1,,
12455832486,-32.7946093,151.6359474,forward,signal,-1,,
344889119,-32.7832973,151.6414514,,signal,-1,,
9269886503,-32.7831483,151.6418001,,signal,-1,,
9269886523,-32.7833182,151.6417477,,signal,-1,,
9269886524,-32.7830906,151.6414823,,signal,-1,,
8920042318,-32.7916019,151.669742,forward,signal,-1,,
8920042319,-32.7916375,151.669553,backward,signal,-1,,
13173161956,-32.7649016,151.6358271,forward,signal,-1,,
13173161957,-32.7647931,151.6362153,forward,signal,-1,,
13173161958,-32.764683,151.6359443,forward,signal,-1,,
344891169,-32.7634034,151.6505174,,signal,-1,,
13395141780,-32.8014894,151.715016,backward,,-1,,
13395141781,-32.8011613,151.7151047,forward,,-1,,
13395141782,-32.8013103,151.7147055,forward,,-1,,
17087662,-32.7953637,151.7215155,,signal,-1,,5196
17376062,-32.7954463,151.7216372,,signal,-1,,
8984432654,-32.7914526,151.72487,forward,,1,,
11980509888,-32.7913001,151.7248402,forward,,-1,,
11980509889,-32.7914482,151.7245744,forward,,-1,,
12054709075,-32.7679774,151.7413815,backward,signal,-1,,
12054709076,-32.7681499,151.7414131,forward,signal,-1,,
8591654311,-32.7649444,151.7429171,backward,signal,-1,,
8591654312,-32.7651002,151.7428744,forward,signal,-1,,
8591654313,-32.7651739,151.7431323,backward,signal,-1,,
8591654314,-32.7650015,151.7432359,forward,signal,-1,,
8591654315,-32.7637667,151.744767,forward,signal,-1,,
8591654316,-32.7636384,151.7451106,forward,signal,-1,,
8591675217,-32.7635859,151.7448256,forward,signal,-1,,
8591675218,-32.7638156,151.7450505,backward,signal,-1,,
653304279,-32.7596977,151.7507824,forward,signal,-1,,
8591675223,-32.7595937,151.7505286,backward,signal,-1,,
8591675224,-32.7597319,151.7504662,forward,signal,-1,,
11980464659,-32.755557,151.7566168,forward,,-1,,
11980464660,-32.7557063,151.7565301,forward,,-1,,
11980464661,-32.7555522,151.7567067,backward,,-1,,
12627041734,-32.5684926,151.1641323,backward,signal,-1,,
12627041735,-32.5687416,151.1640031,forward,signal,-1,,
12627041736,-32.5686352,151.164212,backward,signal,-1,,
12627041737,-32.568602,151.163926,forward,signal,-1,,
1145786074,-32.5684455,151.1796894,forward,,1,,
2648989711,-32.5682206,151.1796655,backward,,1,,
5402604010,-32.5691115,151.1799176,forward,,-1,,
8221792637,-32.568121,151.179464,backward,,1,no,
8221792638,-32.5683062,151.1794543,forward,,1,,
11971581620,-32.5688927,151.179978,backward,,-1,,
11971581622,-32.5691649,151.1801506,forward,,-1,,
11971581623,-32.568994,151.1801967,backward,,-1,,
5402603995,-32.5631646,151.1690549,backward,,-1,,
11971581624,-32.5633333,151.1690684,forward,,-1,,
11971581625,-32.5631067,151.1692913,backward,,-1,,
11971581626,-32.5632463,151.1693302,forward,,-1,,
12161102917,-32.5632783,151.1760937,backward,signal,-1,,
12161102918,-32.5634338,151.1762021,forward,signal,-1,,
11971574951,-32.5565521,151.1674137,backward,,-1,,
11971574952,-32.5567618,151.1675955,forward,,-1,,
11971574953,-32.5566345,151.1677859,forward,,-1,,
12593877650,-32.556466,151.1676894,forward,signal,-1,,
13103502497,-32.6743635,151.3511801,forward,signal,-1,,
13103502498,-32.6741346,151.3511114,forward,,-1,,
13103502499,-32.674137,151.3507496,forward,,-1,,
13103502500,-32.6744576,151.3508374,forward,,-1,,
13321416487,-32.6741052,151.3512295,forward,signal,-1,,
11971605292,-32.6702341,151.3516062,forward,,-1,,
11971605293,-32.6704566,151.3517869,forward,,-1,,
11971605294,-32.6700951,151.3519456,forward,,-1,,
11971605284,-32.6559502,151.3512826,backward,,-1,,
11971605285,-32.6558232,151.3514019,backward,,-1,,
11971605286,-32.6559546,151.3515173,forward,,-1,,
11971605287,-32.6561136,151.3513983,backward,,-1,,
11971605288,-32.657329,151.3612993,forward,,-1,,
11971605289,-32.657023,151.3613645,backward,,-1,,
11971605290,-32.6572515,151.3614564,forward,,-1,,
11971605291,-32.6570965,151.3611904,backward,,-1,,
6585453247,-32.6789017,151.390014,forward,signal,-1,,
6585453248,-32.6787645,151.3898988,backward,signal,-1,,
13040788923,-32.8114229,151.8441909,forward,signal,-1,,
13040788924,-32.8116189,151.8442211,forward,signal,-1,,
13040788925,-32.8114193,151.8444669,forward,signal,-1,,
7742396985,-32.7931357,151.8532656,forward,,-1,,
8841763304,-32.7932451,151.8530971,forward,signal,-1,,
8954167576,-32.7928912,151.8532086,forward,,1,,
13247673014,-32.7928073,151.8534357,forward,,1,,
13318742721,-32.7637823,151.8649607,forward,signal,-1,,
13318742723,-32.7640203,151.8650797,forward,signal,-1,,
13318742725,-32.7638673,151.8646716,forward,signal,-1,,
13318742742,-32.7640893,151.8647446,forward,signal,-1,,
