POW_SA2_CODE_2021,zone_tier,AgFF_AgFF_nfd_M,AgFF_AgFF_nfd_F,AgFF_AgFF_nfd_P,AgFF_Agriculture_M,AgFF_Agriculture_F,AgFF_Agriculture_P,AgFF_Aquaculture_M,AgFF_Aquaculture_F,AgFF_Aquaculture_P,AgFF_Forestry_logging_M,AgFF_Forestry_logging_F,AgFF_Forestry_logging_P,AgFF_Fishing_hunt_trap_M,AgFF_Fishing_hunt_trap_F,AgFF_Fishing_hunt_trap_P,AgFF_AgFF_support_Svs_M,AgFF_AgFF_support_Svs_F,AgFF_AgFF_support_Svs_P,AgFF_Tot_M,AgFF_Tot_F,AgFF_Tot_P,Min_Min_nfd_M,Min_Min_nfd_F,Min_Min_nfd_P,Min_Coal_min_M,Min_Coal_min_F,Min_Coal_min_P,Min_Oil_gas_extrac_M,Min_Oil_gas_extrac_F,Min_Oil_gas_extrac_P,Min_Metal_ore_min_M,Min_Metal_ore_min_F,Min_Metal_ore_min_P,Min_NonMet_minral_min_quar_M,Min_NonMet_minral_min_quar_F,Min_NonMet_minral_min_quar_P,Min_Expl_oth_min_supt_Svs_M,Min_Expl_oth_min_supt_Svs_F,Min_Expl_oth_min_supt_Svs_P,Min_Tot_M,Min_Tot_F,Min_Tot_P,Mnf_Mnf_nfd_M,Mnf_Mnf_nfd_F,Mnf_Mnf_nfd_P,Mnf_Food_pdt_mnf_M,Mnf_Food_pdt_mnf_F,Mnf_Food_pdt_mnf_P,Mnf_Beverag_tobac_pdt_mnf_M,Mnf_Beverag_tobac_pdt_mnf_F,Mnf_Beverag_tobac_pdt_mnf_P,Mnf_Tex_leath_clo_footw_mnf_M,Mnf_Tex_leath_clo_footw_mnf_F,Mnf_Tex_leath_clo_footw_mnf_P,Mnf_Wood_pdt_mnf_M,Mnf_Wood_pdt_mnf_F,Mnf_Wood_pdt_mnf_P,Mnf_Pul_pap_cvertd_pap_mnf_M,Mnf_Pul_pap_cvertd_pap_mnf_F,Mnf_Pul_pap_cvertd_pap_mnf_P,Mnf_Print_inc_repdtn_RM_mnf_M,Mnf_Print_inc_repdtn_RM_mnf_F,Mnf_Print_inc_repdtn_RM_mnf_P,Mnf_Petroleum_coal_pdt_mnf_M,Mnf_Petroleum_coal_pdt_mnf_F,Mnf_Petroleum_coal_pdt_mnf_P,Mnf_Bas_che_and_chem_pr_mnf_M,Mnf_Bas_che_and_chem_pr_mnf_F,Mnf_Bas_che_and_chem_pr_mnf_P,Mnf_Polym_pd_rubber_pd_mnf_M,Mnf_Polym_pd_rubber_pd_mnf_F,Mnf_Polym_pd_rubber_pd_mnf_P,Mnf_NonMet_mineral_pdt_mnf_M,Mnf_NonMet_mineral_pdt_mnf_F,Mnf_NonMet_mineral_pdt_mnf_P,Mnf_Pri_met_and_met_pr_mnf_M,Mnf_Pri_met_and_met_pr_mnf_F,Mnf_Pri_met_and_met_pr_mnf_P,Mnf_Fab_metal_pdt_mnf_M,Mnf_Fab_metal_pdt_mnf_F,Mnf_Fab_metal_pdt_mnf_P,Mnf_Transpt_equip_mnf_M,Mnf_Transpt_equip_mnf_F,Mnf_Transpt_equip_mnf_P,Mnf_Machin_and_equip_mnf_M,Mnf_Machin_and_equip_mnf_F,Mnf_Machin_and_equip_mnf_P,Mnf_Furnitur_and_oth_mnf_M,Mnf_Furnitur_and_oth_mnf_F,Mnf_Furnitur_and_oth_mnf_P,Mnf_Tot_M,Mnf_Tot_F,Mnf_Tot_P,EGWWS_EGWWS_nfd_M,EGWWS_EGWWS_nfd_F,EGWWS_EGWWS_nfd_P,EGWWS_ElecSup_M,EGWWS_ElecSup_F,EGWWS_ElecSup_P,EGWWS_GasSup_M,EGWWS_GasSup_F,EGWWS_GasSup_P,EGWWS_WatSup_SDS_M,EGWWS_WatSup_SDS_F,EGWWS_WatSup_SDS_P,EGWWS_WasteCTDS_M,EGWWS_WasteCTDS_F,EGWWS_WasteCTDS_P,EGWWS_Tot_M,EGWWS_Tot_F,EGWWS_Tot_P,Const_Const_nfd_M,Const_Const_nfd_F,Const_Const_nfd_P,Const_Blding_Const_M,Const_Blding_Const_F,Const_Blding_Const_P,Const_HeavyCivl_eng_Const_M,Const_HeavyCivl_eng_Const_F,Const_HeavyCivl_eng_Const_P,Const_Const_Svs_M,Const_Const_Svs_F,Const_Const_Svs_P,Const_Tot_M,Const_Tot_F,Const_Tot_P,WST_WST_nfd_M,WST_WST_nfd_F,WST_WST_nfd_P,WST_Basic_matl_W_M,WST_Basic_matl_W_F,WST_Basic_matl_W_P,WST_Machin_and_equip_W_M,WST_Machin_and_equip_W_F,WST_Machin_and_equip_W_P,WST_MotV_and_motV_partsW_M,WST_MotV_and_motV_partsW_F,WST_MotV_and_motV_partsW_P,WST_GrocLiq_and_tob_pdtW_M,WST_GrocLiq_and_tob_pdtW_F,WST_GrocLiq_and_tob_pdtW_P,WST_Oth_gds_W_M,WST_Oth_gds_W_F,WST_Oth_gds_W_P,WST_Comm_based_W_M,WST_Comm_based_W_F,WST_Comm_based_W_P,WST_Tot_M,WST_Tot_F,WST_Tot_P,RetT_RetT_nfd_M,RetT_RetT_nfd_F,RetT_RetT_nfd_P,RetT_MotV_and_motV_partsR_M,RetT_MotV_and_motV_partsR_F,RetT_MotV_and_motV_partsR_P,RetT_Fuel_ret_M,RetT_Fuel_ret_F,RetT_Fuel_ret_P,RetT_Food_ret_M,RetT_Food_ret_F,RetT_Food_ret_P,RetT_Oth_store_based_ret_M,RetT_Oth_store_based_ret_F,RetT_Oth_store_based_ret_P,RetT_NonSR_and_RCB_buy_sell_M,RetT_NonSR_and_RCB_buy_sell_F,RetT_NonSR_and_RCB_buy_sell_P,RetT_Tot_M,RetT_Tot_F,RetT_Tot_P,AcFd_AcFd_nfd_M,AcFd_AcFd_nfd_F,AcFd_AcFd_nfd_P,AcFd_Accomm_M,AcFd_Accomm_F,AcFd_Accomm_P,AcFd_FoodBev_Svs_M,AcFd_FoodBev_Svs_F,AcFd_FoodBev_Svs_P,AcFd_Tot_M,AcFd_Tot_F,AcFd_Tot_P,TPW_TPW_nfd_M,TPW_TPW_nfd_F,TPW_TPW_nfd_P,TPW_RoadTspt_M,TPW_RoadTspt_F,TPW_RoadTspt_P,TPW_RailTspt_M,TPW_RailTspt_F,TPW_RailTspt_P,TPW_WaterTspt_M,TPW_WaterTspt_F,TPW_WaterTspt_P,TPW_Air_space_tspt_M,TPW_Air_space_tspt_F,TPW_Air_space_tspt_P,TPW_Oth_tspt_M,TPW_Oth_tspt_F
106011107,core,0,0,0,107,57,171,0,0,0,0,0,0,0,0,0,12,0,20,125,62,186,9,0,17,47,10,57,0,0,0,0,0,0,21,6,30,3,4,9,89,19,107,11,0,13,37,15,55,363,279,641,0,0,0,3,0,6,0,0,0,0,0,0,0,0,0,0,0,0,0,0,0,0,0,0,3,0,3,3,0,3,5,0,7,5,0,5,4,0,3,440,310,751,0,0,0,5,0,5,0,0,0,0,0,0,0,0,0,9,0,9,11,0,8,82,30,114,18,3,22,208,39,245,316,75,391,0,0,0,3,4,9,5,0,5,0,0,0,12,8,16,8,7,8,0,0,0,26,20,41,3,3,5,3,0,3,9,12,14,116,216,334,18,60,82,0,0,0,144,287,433,7,5,4,248,467,716,317,418,735,567,892,1458,0,4,6,28,10,42,116,17,138,0,0,0,12,4,15,13,3
106011108,core,0,0,0,11,6,9,0,0,0,0,0,0,0,0,0,4,3,7,15,5,19,6,3,7,18,8,20,0,0,0,4,0,3,0,0,0,3,0,3,25,15,38,9,0,5,15,32,52,20,6,26,0,6,6,5,0,7,0,0,0,5,4,11,0,0,0,0,0,0,5,3,3,14,0,14,5,0,8,0,0,0,0,0,0,9,3,11,0,0,0,76,61,137,0,0,0,17,0,22,0,0,0,0,0,0,4,3,6,24,3,30,4,0,6,24,0,24,28,18,49,146,39,188,209,63,265,0,0,0,17,6,30,9,4,7,5,0,9,0,7,3,3,5,8,0,0,0,40,24,59,12,8,22,79,34,118,27,36,59,136,249,384,126,376,502,0,0,0,383,710,1092,0,0,0,16,47,64,240,365,609,260,409,667,11,0,14,99,35,135,0,0,0,0,0,0,0,0,0,3,0
106011109,core,0,0,0,80,85,164,0,0,0,0,0,0,0,0,0,10,5,11,90,83,179,6,0,9,79,20,100,0,0,0,0,0,0,5,0,3,0,0,0,91,26,117,6,5,12,5,9,10,31,17,46,0,0,5,17,0,15,0,0,0,0,0,0,0,0,0,115,52,172,0,0,0,0,0,0,11,4,13,7,0,7,0,0,0,0,0,0,7,0,7,196,87,283,0,0,0,3,0,3,0,0,0,0,0,0,11,3,15,17,4,19,11,8,14,38,8,42,21,9,34,115,28,142,185,50,236,0,0,0,7,0,3,0,4,4,0,0,0,0,0,0,0,7,3,0,0,0,8,4,14,3,3,3,0,0,0,0,0,0,10,16,22,5,16,18,0,0,0,17,37,50,0,0,4,10,28,38,17,42,60,29,67,101,3,3,5,49,15,62,0,0,4,0,0,0,0,0,0,0,0
106011110,external,0,0,0,246,142,391,0,0,0,3,0,0,0,0,0,8,8,16,257,151,410,0,0,0,10,4,16,0,0,0,0,0,0,0,0,0,0,0,0,14,0,19,6,0,6,14,9,22,4,0,6,0,0,0,6,0,6,0,0,0,0,0,0,0,0,0,0,3,3,0,0,0,5,4,4,3,3,6,0,0,0,0,0,0,0,0,0,7,0,8,43,22,65,0,0,0,19,0,19,0,0,0,7,0,12,0,0,6,28,9,33,14,3,16,53,11,58,30,10,34,127,12,146,225,30,253,0,0,0,3,0,4,13,6,16,0,0,0,0,0,0,0,0,0,0,0,0,14,8,28,7,3,13,3,3,10,11,13,23,57,80,132,17,50,69,0,0,0,93,151,244,0,0,0,17,38,54,30,71,106,50,110,157,0,0,0,47,9,61,5,0,8,0,0,0,0,0,0,0,0
106011111,core,0,0,0,6,7,14,0,0,0,0,0,0,0,0,0,3,0,5,8,3,20,36,3,39,42,4,48,0,3,3,3,0,5,0,0,0,0,5,6,84,15,105,32,8,43,34,37,72,3,0,3,0,5,9,8,3,10,0,0,0,6,5,9,0,0,0,38,21,57,3,0,3,5,8,13,61,9,72,29,6,31,0,0,0,25,3,33,0,0,0,251,98,347,0,0,0,3,0,3,0,0,0,0,0,0,49,9,55,45,9,57,25,0,21,60,7,70,30,15,52,232,30,267,342,57,406,0,0,0,32,10,42,0,0,0,3,0,4,0,0,4,0,0,0,0,0,0,43,13,55,0,3,0,11,4,11,20,23,38,70,121,189,15,79,95,0,0,0,107,226,338,0,0,0,0,10,8,174,212,388,171,222,397,4,0,3,46,11,62,0,0,0,3,0,3,0,0,0,0,0
106011112,external,0,0,0,59,33,95,0,0,0,0,0,0,0,0,0,7,8,9,71,38,105,66,16,81,679,104,784,0,0,0,9,0,6,0,0,0,41,3,48,793,129,922,27,3,33,84,56,131,0,0,0,0,0,4,4,0,4,0,0,0,0,0,0,4,0,4,17,0,19,45,12,58,8,0,8,11,0,10,8,0,9,0,0,0,47,16,59,7,0,11,265,96,359,0,0,0,48,6,48,0,0,0,12,8,15,17,8,23,76,16,89,21,7,30,93,20,115,53,26,72,306,57,363,468,112,585,4,0,5,37,17,56,36,18,58,22,6,21,8,5,16,0,0,0,0,0,0,115,46,160,12,10,17,76,27,103,16,28,39,125,272,392,85,334,419,0,0,0,309,669,976,0,3,3,13,50,63,212,375,589,229,425,653,11,5,10,129,32,159,0,5,5,0,0,0,0,5,8,0,0
106011113,external,0,0,0,166,120,282,0,0,0,4,0,8,0,0,0,7,4,14,176,122,305,111,10,119,4478,588,5067,3,0,0,97,6,106,7,4,16,23,3,25,4711,623,5339,19,9,32,0,0,4,22,17,39,0,4,4,0,0,0,0,0,0,0,0,0,0,0,0,82,21,106,33,7,41,3,0,3,32,6,32,14,0,16,6,0,5,37,9,51,0,0,0,255,82,332,0,0,0,13,4,18,0,0,0,6,0,9,12,4,10,28,3,34,6,4,8,19,9,31,127,16,145,165,19,184,322,40,369,3,0,3,24,6,28,326,47,373,38,5,42,0,0,0,0,0,0,0,0,0,393,58,448,3,0,3,0,0,0,7,0,12,4,12,20,3,10,17,0,0,0,20,27,51,0,0,0,3,19,19,23,35,57,22,53,75,3,3,7,28,3,35,12,4,18,0,0,0,0,0,0,0,0
106021114,core,0,0,0,24,11,39,0,0,0,0,0,0,0,0,0,0,0,0,34,11,41,24,7,27,30,12,41,0,0,0,3,0,5,3,3,10,4,11,12,60,31,94,5,0,3,6,23,27,0,0,0,6,0,6,0,0,3,0,0,0,3,0,3,0,0,0,0,0,0,0,0,0,0,0,0,4,5,6,6,0,5,0,0,0,7,3,4,7,0,5,34,34,66,0,0,0,0,0,0,0,0,0,0,0,0,5,8,8,7,10,16,4,0,4,61,26,87,32,4,36,126,16,142,225,47,269,0,0,0,11,5,21,9,0,9,10,3,8,0,0,3,0,3,5,0,0,0,31,15,50,5,8,16,55,23,76,4,8,13,50,99,150,149,340,494,0,0,3,263,486,745,0,0,0,12,29,42,186,259,448,194,292,491,0,6,9,20,3,25,18,10,27,0,0,0,0,0,0,0,0
106021116,core,5,0,5,37,18,54,0,0,0,0,0,0,0,0,0,3,0,12,47,20,69,0,0,0,9,0,14,0,0,0,0,0,0,0,0,0,0,0,0,12,0,16,0,0,5,0,0,0,0,0,0,0,0,5,0,0,0,0,0,0,0,0,0,0,0,0,0,0,0,0,0,0,3,0,3,0,0,0,0,0,0,0,0,0,0,0,3,0,0,0,16,6,22,0,0,0,0,0,5,0,0,0,0,3,3,3,0,3,0,3,3,5,0,5,51,9,58,14,4,19,114,20,141,183,39,218,0,0,0,3,0,7,0,0,0,0,0,0,0,0,0,4,0,4,0,0,0,4,0,11,0,0,0,0,0,0,4,5,7,10,27,38,0,18,20,0,0,0,20,49,68,0,0,0,3,6,8,24,45,71,29,55,78,0,0,0,0,0,0,0,0,0,0,0,0,0,0,0,0,0
106021614,core,0,0,0,3,0,6,0,0,0,7,0,8,0,0,0,0,0,0,10,8,14,4,0,4,95,17,114,0,0,0,0,0,0,0,0,0,0,0,0,101,17,119,17,5,21,21,34,57,0,0,4,0,4,3,4,0,6,0,0,0,0,0,5,0,0,0,0,0,0,0,0,0,3,0,3,8,0,8,9,0,6,4,0,3,17,7,23,4,0,4,93,61,156,0,0,0,0,0,0,0,0,0,8,0,8,6,0,5,15,0,18,3,0,3,62,9,77,24,10,36,183,43,225,271,57,328,0,0,0,13,3,14,9,4,10,5,0,7,0,0,0,0,4,3,0,0,0,26,10,41,12,19,26,106,43,154,20,17,34,198,299,496,254,790,1042,0,0,0,589,1164,1750,0,0,0,25,27,51,328,487,819,349,519,868,0,0,0,9,5,18,0,0,0,0,0,0,0,0,4,0,0
106021615,core,0,0,0,31,22,55,0,0,0,4,0,0,0,0,0,5,3,5,38,26,66,3,0,5,7,6,8,0,0,0,0,0,0,3,5,7,4,0,4,16,5,28,4,0,4,6,18,29,3,0,3,0,4,4,0,0,0,0,0,0,0,0,0,0,0,0,0,3,3,0,0,0,0,0,4,3,0,4,0,0,0,9,0,7,0,0,0,0,0,0,33,31,68,0,0,0,6,3,3,0,0,0,0,0,0,0,0,0,9,3,8,9,0,12,28,4,35,13,10,23,141,15,154,194,29,224,0,0,0,5,5,8,8,0,6,9,0,9,0,4,0,0,0,5,0,0,0,18,15,33,0,5,3,13,7,18,4,17,20,104,194,305,30,90,114,0,0,0,154,316,468,0,0,0,7,18,22,163,227,386,173,240,413,0,0,5,27,8,34,3,0,3,0,0,0,0,0,0,0,0
106021616,core,0,0,0,24,6,37,0,0,0,0,0,3,0,0,0,0,0,0,32,8,38,117,9,129,213,20,232,0,0,0,11,0,10,4,0,4,25,3,29,371,35,406,155,36,187,10,8,23,6,7,8,19,8,30,8,7,16,0,0,0,4,0,4,8,0,8,58,79,136,25,4,33,90,17,101,52,9,63,48,5,52,46,16,61,48,11,58,3,3,13,576,204,778,0,0,0,8,0,8,0,0,0,23,6,33,102,20,126,141,29,168,54,3,55,178,34,217,193,46,245,364,57,424,795,143,934,4,0,4,38,22,62,196,39,239,13,0,13,3,8,11,13,4,11,7,0,7,271,68,346,16,5,24,46,19,66,6,3,14,21,25,44,213,267,481,0,0,0,302,325,631,0,0,0,0,6,6,25,47,72,29,55,84,18,3,17,164,31,197,15,0,17,0,0,0,3,0,3,0,0
106021617,core,0,0,0,10,6,14,0,0,0,0,0,0,0,0,0,0,0,0,13,6,20,0,0,0,5,0,6,0,0,0,0,0,0,0,0,0,0,0,0,11,4,14,6,0,6,0,10,10,3,0,5,0,0,0,0,0,0,0,0,0,0,0,0,0,0,0,0,0,3,0,0,0,3,0,3,0,0,0,0,0,0,0,0,0,0,0,0,0,0,0,16,15,32,0,0,0,3,0,0,0,0,0,3,0,3,0,0,0,3,0,3,4,0,4,39,7,45,16,7,19,98,14,112,155,25,180,0,0,0,4,0,4,0,0,0,0,0,0,0,5,7,0,0,0,0,0,0,4,4,13,3,4,4,0,0,4,0,0,0,33,32,64,21,61,75,0,0,0,55,101,152,0,0,0,3,11,15,77,93,175,82,106,189,0,0,0,15,3,14,0,0,0,0,0,0,0,0,0,0,0
106021618,core,0,0,0,17,15,37,0,0,0,0,0,0,0,0,0,3,3,9,24,19,42,28,7,34,78,12,88,3,0,5,9,4,11,4,4,6,7,4,15,128,28,154,62,20,77,17,19,39,8,0,3,9,11,17,28,4,33,0,0,0,0,0,0,0,0,3,4,8,11,14,0,14,53,9,60,33,8,39,52,12,68,5,4,10,106,18,122,17,0,14,398,116,515,0,0,0,11,0,14,4,0,3,4,0,4,65,11,76,88,12,99,50,5,55,223,97,321,88,19,107,450,74,521,809,194,1002,4,6,9,75,24,94,39,10,53,5,3,8,11,0,15,8,3,11,0,0,0,149,50,198,5,7,10,9,4,14,16,9,18,62,78,144,53,72,122,0,0,0,142,171,312,0,0,0,0,0,3,137,183,319,140,180,322,17,7,24,345,65,416,8,3,18,0,0,0,0,0,0,0,0
106031119,core,0,0,0,8,6,11,4,0,4,0,0,0,8,0,8,0,0,0,21,10,27,0,0,0,0,0,0,0,0,0,0,0,5,0,0,0,0,0,0,3,0,7,4,0,5,6,3,7,3,3,9,0,0,0,0,0,0,0,0,0,0,0,0,0,0,0,0,0,0,0,0,0,0,0,0,0,0,0,0,5,7,0,0,0,0,0,0,7,0,7,21,15,32,0,0,0,0,0,0,0,0,0,0,0,0,3,0,3,0,0,0,8,0,8,35,6,35,4,7,10,113,15,132,157,23,178,0,0,0,0,0,0,0,0,0,0,0,0,0,0,0,0,0,0,0,0,0,0,4,4,0,0,0,0,0,0,0,10,17,13,17,28,11,26,32,0,0,0,22,56,73,0,0,0,26,44,66,34,40,74,62,85,140,0,0,3,13,0,16,0,0,0,0,0,0,0,0,0,9,0
106031120,core,0,0,0,4,0,3,24,5,37,0,0,0,0,0,0,0,0,0,36,8,42,0,0,0,0,0,0,0,0,0,0,0,0,0,0,0,0,0,0,0,0,0,3,0,5,6,10,10,0,0,0,0,0,0,0,0,0,0,0,0,0,0,0,0,0,0,0,4,4,0,0,0,0,0,0,3,0,3,0,0,0,0,0,0,0,0,5,0,0,0,16,13,29,0,0,0,0,0,0,0,0,0,0,0,3,0,0,0,0,0,4,0,0,0,19,3,22,11,3,10,37,5,46,60,13,77,0,0,4,3,0,3,0,0,0,0,0,0,0,0,0,0,0,0,0,0,0,3,0,5,4,0,7,0,0,0,5,3,8,31,60,89,14,30,43,0,0,0,53,95,146,0,0,0,5,10,14,49,69,122,53,83,135,0,0,0,7,0,11,0,0,0,0,0,0,0,0,0,0,0
106031121,core,0,0,0,3,0,6,15,3,20,0,0,0,20,7,21,0,0,0,32,12,43,0,0,0,5,0,5,0,0,0,0,0,0,0,0,0,0,0,0,4,0,4,20,7,32,15,15,24,5,5,5,0,5,3,8,0,9,0,0,0,9,5,14,0,0,0,3,9,4,8,6,16,5,0,5,12,0,11,9,5,14,20,3,17,10,0,16,22,5,22,140,55,193,0,0,0,3,0,3,0,0,0,0,0,3,8,4,7,15,5,18,15,5,18,120,20,142,10,6,17,336,54,393,495,84,576,0,0,0,16,10,24,9,3,12,0,0,4,10,4,10,4,6,11,0,0,0,41,27,61,6,22,29,21,12,33,8,5,17,222,274,497,177,440,618,0,0,0,432,754,1188,6,0,5,116,197,313,525,516,1037,642,718,1358,8,3,11,20,9,33,3,0,0,9,8,10,6,0,6,22,10
106031122,core,0,0,3,20,15,35,0,0,0,0,0,0,4,0,4,0,0,0,28,16,42,73,13,84,153,18,172,0,0,0,6,0,6,5,0,5,49,14,61,285,48,336,170,27,196,21,16,34,0,0,0,5,4,5,114,23,136,0,0,0,0,6,0,8,0,9,31,13,35,31,3,37,23,0,30,978,115,1092,90,26,113,212,39,248,389,95,484,27,9,37,2087,378,2464,0,0,0,33,3,32,20,0,20,42,6,52,139,20,159,237,32,264,87,14,95,210,57,268,189,34,223,589,81,671,1076,188,1261,5,0,5,59,21,81,710,126,842,87,14,100,8,4,13,9,3,6,0,0,0,877,170,1044,11,13,19,73,25,98,38,26,64,123,244,365,162,353,520,0,0,0,407,663,1063,0,0,0,18,31,43,237,364,604,258,389,648,15,5,23,270,45,314,5,0,3,0,0,0,0,0,3,0,0
106031123,core,0,0,0,53,24,76,0,0,0,0,0,0,0,0,0,3,0,7,57,23,79,5,0,4,5,0,5,0,0,0,0,0,0,36,3,39,0,0,0,46,7,48,0,0,0,0,0,0,0,0,0,0,0,0,6,0,6,0,0,0,0,0,0,0,0,0,3,6,9,0,0,0,9,0,9,0,0,0,0,0,0,0,0,0,0,0,0,5,3,4,22,6,34,0,0,0,0,0,0,0,0,0,3,0,4,3,0,4,7,6,7,3,6,12,20,8,23,14,11,25,95,23,114,132,46,177,0,0,0,0,0,3,0,0,0,0,0,0,0,0,0,0,0,0,0,0,0,6,4,5,0,0,5,0,0,0,0,0,0,5,4,8,0,11,6,0,0,0,7,10,20,0,0,0,6,3,12,10,5,18,16,10,27,0,6,6,46,10,61,8,0,3,0,0,0,0,0,0,0,0
106031124,external,0,0,0,8,11,22,4,0,4,0,0,0,0,0,0,0,0,0,14,10,27,4,3,5,0,0,0,0,0,0,0,0,0,0,0,0,0,0,0,3,3,8,5,0,5,15,15,21,0,0,0,0,0,0,0,0,0,0,0,0,0,0,0,0,0,0,0,0,0,0,0,0,0,0,0,0,0,0,0,0,0,4,0,6,0,0,0,0,0,0,20,18,37,0,0,0,0,0,0,0,0,0,4,0,4,4,0,6,9,0,9,5,0,8,28,0,36,0,0,3,52,5,57,85,12,99,0,0,0,11,4,15,0,0,0,0,0,0,0,0,3,0,0,4,0,0,0,13,3,22,0,0,0,0,0,0,3,3,4,28,59,92,14,32,52,0,0,0,53,101,152,0,0,0,22,26,48,73,72,149,91,102,195,0,4,4,3,0,8,3,0,3,0,0,0,0,0,0,0,0
106031125,core,0,0,0,29,20,54,32,8,42,5,0,5,3,0,3,8,3,8,71,37,106,8,6,13,6,0,6,0,0,0,19,4,28,41,6,48,0,0,0,76,18,95,12,6,18,9,16,27,0,0,0,0,4,7,13,0,16,0,0,0,0,0,0,0,0,0,3,0,3,0,0,0,0,0,0,3,0,4,9,0,9,384,70,456,9,0,7,3,0,3,446,97,540,0,0,0,11,0,14,0,0,0,5,0,5,3,0,4,20,0,23,12,0,10,62,12,69,19,14,35,261,39,301,357,65,420,0,0,0,12,3,10,6,0,7,0,0,0,0,5,8,0,0,0,0,0,0,19,14,28,0,5,5,0,0,0,13,17,35,75,135,204,23,52,76,0,0,0,120,207,322,0,0,0,21,35,59,158,191,344,177,225,401,3,0,3,64,15,78,0,0,0,0,0,0,60,22,86,5,0
106041126,external,0,0,0,38,34,76,0,0,0,0,0,0,0,0,0,5,0,9,50,35,83,76,16,90,1919,429,2343,0,0,0,10,0,8,11,0,11,53,5,53,2073,444,2513,31,7,34,3,15,19,0,0,0,0,0,0,0,0,6,0,0,0,4,9,13,0,0,0,18,6,28,8,0,9,6,0,8,30,0,32,20,0,15,5,0,5,16,0,15,6,0,6,149,47,199,0,0,0,650,107,760,3,0,3,23,7,27,13,0,14,689,123,814,32,6,40,34,9,38,145,33,177,261,32,293,469,74,541,0,3,6,38,12,50,146,28,177,20,0,26,3,0,3,0,0,0,0,0,0,213,50,263,3,10,11,62,19,75,13,20,37,66,153,221,57,165,220,0,0,0,204,362,561,0,0,0,8,53,60,153,241,398,164,293,457,13,3,14,53,16,71,16,8,23,0,0,0,0,0,0,0,0
106041127,external,0,0,4,260,185,443,0,0,0,0,0,0,0,0,0,8,3,12,272,193,461,8,0,11,794,122,915,0,0,0,3,0,3,9,0,9,14,6,17,827,126,955,0,0,3,10,0,6,4,9,14,0,0,0,0,0,0,0,0,0,0,0,0,0,0,0,7,7,15,0,0,0,0,0,0,0,0,0,0,0,0,20,14,35,0,0,0,0,0,0,43,34,82,0,0,0,0,0,0,0,0,0,0,0,0,0,0,0,0,0,0,3,0,3,4,0,3,11,6,13,48,9,58,61,20,82,0,0,0,11,4,14,3,0,3,3,0,3,0,0,0,0,0,0,0,0,0,19,0,18,0,0,0,0,0,0,3,3,9,3,12,20,3,23,20,0,0,0,14,40,54,0,0,0,9,16,24,10,38,51,18,53,75,0,0,0,24,3,28,0,0,0,0,0,4,0,0,0,0,0
106041128,external,3,0,4,73,86,156,0,0,0,0,0,0,0,0,0,7,4,15,88,88,175,0,0,0,3,0,4,0,0,0,0,0,0,9,0,9,0,0,4,8,6,12,4,0,4,221,118,337,0,0,0,0,6,3,0,0,0,0,0,0,0,0,0,0,0,0,0,0,0,0,0,0,0,0,0,17,3,17,8,0,5,13,4,17,6,0,6,0,0,0,269,129,393,0,0,0,4,0,4,0,0,0,6,3,10,0,0,0,10,3,20,7,0,7,51,7,53,9,3,17,81,17,100,145,28,171,0,0,0,20,8,32,4,4,7,0,0,0,3,4,6,0,8,6,3,0,3,39,23,56,3,13,13,15,11,26,8,8,15,42,108,153,30,85,116,0,0,0,103,215,319,0,0,0,10,29,34,63,130,188,72,153,225,5,0,12,40,13,50,0,0,0,0,0,0,10,3,13,0,0
106041129,external,3,0,5,613,386,1004,0,0,0,5,3,4,0,0,0,24,3,29,646,393,1042,0,0,0,13,0,14,0,0,0,0,0,0,3,0,3,0,0,0,19,0,17,0,0,0,10,14,17,0,0,0,0,6,6,0,0,0,0,0,0,0,0,0,0,0,0,0,0,0,0,0,0,0,0,0,5,0,5,0,0,0,0,0,0,0,0,3,5,0,0,17,13,35,0,0,0,3,4,8,0,0,0,4,3,3,0,0,0,5,3,14,5,0,8,26,0,29,11,8,21,72,15,83,115,29,143,0,0,0,5,8,17,0,0,0,0,0,0,3,0,5,0,0,0,0,0,0,9,14,21,4,9,11,0,0,0,6,3,9,27,28,55,8,24,39,0,0,0,49,64,108,0,0,0,9,23,37,32,85,116,45,110,152,6,3,9,40,8,49,0,0,0,0,0,0,0,0,4,0,0
111011206,core,0,0,0,0,4,3,0,0,0,0,0,0,0,0,0,3,0,5,7,5,10,22,7,22,24,3,30,0,0,0,8,0,8,0,0,0,4,4,3,56,8,63,20,0,24,10,17,29,0,0,3,0,0,5,27,6,28,0,0,0,3,0,3,0,0,0,0,0,0,4,0,4,0,0,0,27,3,34,111,15,131,20,7,29,17,3,19,19,4,18,257,70,330,3,0,3,18,0,19,6,0,4,0,0,5,5,0,7,28,9,31,16,8,28,176,68,252,63,8,76,510,87,599,773,170,943,0,3,3,6,0,6,21,3,22,3,0,3,3,0,3,0,0,0,0,0,0,32,5,33,15,14,21,29,23,47,15,10,29,172,270,440,314,378,696,0,7,3,546,697,1241,0,0,0,7,11,16,327,416,734,333,424,760,0,0,0,105,16,122,0,0,0,0,0,0,0,0,3,0,0
111011207,core,0,0,0,5,3,3,0,0,0,0,0,0,3,0,3,0,0,0,5,3,12,0,0,0,0,0,0,0,0,0,0,0,0,0,0,0,0,0,0,6,0,5,0,0,0,5,5,13,0,0,0,0,0,0,0,0,0,0,0,0,0,0,0,0,0,0,0,0,0,0,0,0,0,0,0,0,0,0,0,0,0,14,3,18,0,0,0,0,0,0,26,9,39,0,0,0,0,0,0,0,0,0,0,0,0,0,0,0,0,0,0,3,0,3,27,0,29,0,0,0,66,9,73,94,10,105,0,0,0,5,6,14,4,0,4,0,0,0,0,0,3,0,0,0,0,0,0,7,8,16,0,0,0,0,0,0,3,3,5,11,6,21,10,20,27,0,0,0,29,31,57,0,0,0,8,12,24,53,65,117,62,76,134,0,0,0,0,0,0,0,0,0,0,0,0,3,5,9,0,0
111011208,core,0,0,0,5,3,12,0,0,0,0,0,0,4,0,4,0,4,3,7,6,18,13,4,19,32,9,38,0,0,0,0,0,0,0,0,0,3,0,8,56,8,70,41,11,53,71,50,124,3,0,3,6,21,25,15,6,20,0,0,0,0,4,3,7,0,10,4,0,8,3,0,3,21,0,23,18,0,18,7,5,15,10,6,19,29,0,29,6,0,15,241,111,353,0,0,0,5,6,3,0,0,0,4,4,6,54,6,56,59,13,69,33,3,37,158,34,193,53,11,68,470,72,537,714,124,838,0,0,0,17,5,24,13,3,23,15,5,21,13,14,26,13,12,23,10,5,17,87,41,134,16,13,27,78,37,117,25,17,40,188,245,431,339,896,1235,3,12,22,645,1222,1871,0,0,0,28,42,66,375,470,843,399,515,916,5,3,3,34,15,52,0,0,0,0,0,0,0,0,0,0,0
111011209,core,0,0,0,15,16,25,0,0,0,0,0,0,0,0,0,0,0,0,17,18,35,45,8,52,69,14,86,4,0,3,0,0,0,0,0,0,12,0,15,135,24,159,135,28,160,44,49,92,0,0,3,10,4,11,79,25,97,0,0,0,5,6,15,8,6,15,5,4,10,24,8,29,24,3,26,133,30,157,112,24,132,207,32,243,132,16,143,36,3,41,948,233,1180,0,0,0,14,5,21,9,6,9,12,6,16,11,0,17,47,11,60,57,11,65,203,55,249,81,24,99,677,113,794,1008,203,1215,10,6,14,133,34,166,79,19,97,46,16,65,18,13,33,4,0,7,18,3,24,297,97,393,18,22,42,233,84,321,24,18,43,191,272,457,243,533,777,3,0,7,721,925,1647,0,0,3,14,26,48,314,407,723,335,434,770,14,4,20,196,42,233,15,3,19,0,0,0,4,0,8,3,0
111011210,core,0,0,0,0,0,0,0,0,0,0,0,0,0,0,0,0,0,0,0,0,0,0,0,0,0,0,0,0,0,0,0,0,0,0,0,0,0,0,0,6,0,6,0,0,0,3,13,21,0,0,0,0,0,0,0,0,0,0,0,0,0,0,0,0,0,0,0,0,0,0,0,0,0,0,0,0,0,0,0,0,0,0,0,0,0,0,0,0,0,0,3,17,21,0,0,0,0,0,0,0,0,0,0,0,0,6,0,6,6,0,6,4,0,7,18,0,20,4,0,4,66,5,70,90,5,94,0,0,0,0,0,0,0,0,4,0,0,0,0,0,0,0,0,0,0,0,0,0,4,3,0,6,5,0,0,0,0,0,0,123,156,280,40,129,170,0,0,0,169,286,452,0,0,0,0,7,6,66,88,161,71,92,166,0,0,0,8,0,9,0,0,0,0,0,0,0,0,0,0,0
111011211,core,0,0,0,0,0,0,0,0,0,0,0,0,0,0,0,0,0,0,0,0,0,13,0,19,35,6,38,0,0,0,0,0,0,0,0,0,0,0,0,48,5,54,3,3,7,3,7,7,0,0,0,0,0,3,7,4,12,0,0,0,0,0,0,0,0,0,0,0,6,8,6,6,11,0,11,0,0,4,9,0,11,9,4,5,22,5,28,10,3,14,88,35,127,0,0,0,0,0,0,0,0,0,5,0,4,13,0,19,24,0,24,12,0,12,42,4,45,44,7,51,187,32,219,287,44,324,3,0,3,3,0,4,0,6,11,0,0,0,0,0,0,0,0,0,0,0,0,10,3,14,0,7,4,0,0,0,0,4,4,7,3,11,4,14,25,0,0,0,18,30,50,0,0,0,0,9,3,26,41,67,21,45,67,0,0,0,3,0,3,0,0,0,0,0,0,3,0,3,0,0
111011212,core,0,0,0,0,0,0,0,0,0,0,0,0,0,0,0,0,0,0,0,0,4,0,0,3,3,0,3,0,0,0,0,0,0,0,0,0,0,0,0,5,0,4,3,0,3,0,6,8,0,0,0,5,3,10,0,0,0,0,0,0,0,0,0,0,0,0,0,0,0,0,0,0,4,0,3,0,0,5,0,0,0,5,3,8,8,4,13,0,0,0,23,22,48,0,0,0,0,0,0,0,0,0,9,0,9,4,0,3,9,0,8,6,0,7,51,12,63,18,8,31,186,23,207,268,42,312,0,0,0,0,0,0,7,0,4,0,0,0,0,3,5,6,0,0,0,0,0,13,5,17,4,3,8,0,0,0,3,5,9,95,144,239,21,62,83,0,0,0,129,217,341,0,0,0,12,34,45,136,195,339,149,228,386,0,6,4,11,5,11,0,0,0,0,0,0,0,0,0,0,0
111011213,core,0,0,0,0,4,4,0,0,0,0,0,0,0,0,0,0,0,0,0,4,4,4,0,4,0,0,0,0,0,0,0,0,0,0,0,0,0,0,0,9,0,9,0,0,0,0,0,0,0,0,0,0,6,6,0,0,0,0,0,0,0,0,0,0,0,0,0,0,0,0,0,4,0,0,0,0,0,0,0,0,0,0,0,0,5,0,4,0,3,3,9,9,19,0,0,0,3,0,3,0,0,0,3,0,3,0,0,0,6,0,8,5,5,7,25,9,30,4,4,13,96,25,119,127,43,174,0,0,0,0,0,4,3,3,6,0,0,0,0,0,3,0,0,0,0,0,0,11,5,14,4,3,6,0,0,0,5,6,8,13,6,18,15,28,46,0,4,4,36,46,81,0,0,0,0,8,12,24,24,48,22,28,56,0,0,0,3,0,7,0,0,0,0,0,0,0,0,0,0,0
111011214,core,0,0,0,3,4,9,0,0,0,0,0,0,0,0,0,3,0,4,9,5,16,0,0,5,13,11,19,0,0,0,0,0,0,0,0,0,0,0,0,13,10,25,33,14,41,13,16,37,0,0,0,12,12,19,8,7,12,0,0,0,6,12,15,0,0,0,0,0,0,4,0,4,0,0,0,25,7,33,64,9,67,15,0,17,23,0,23,20,3,28,214,78,296,0,0,0,0,0,0,3,0,3,3,0,4,11,6,15,15,9,21,29,7,36,125,31,154,36,12,42,398,56,454,578,107,683,11,0,9,33,9,47,36,12,52,17,3,18,27,17,37,3,7,7,0,0,0,122,55,179,22,17,41,35,15,48,21,14,31,139,126,264,228,348,576,0,0,0,445,521,966,0,0,0,11,14,23,332,437,773,344,451,794,3,3,8,18,3,24,0,0,0,0,0,0,4,0,4,0,0
111021215,core,0,0,0,6,0,0,0,0,0,0,0,0,0,0,0,0,0,0,6,0,0,0,0,0,3,3,6,0,0,0,0,0,0,7,0,7,0,0,0,12,3,18,6,0,3,0,3,0,0,0,0,0,0,0,4,0,4,0,0,0,0,0,0,0,0,0,0,0,0,0,0,0,25,3,29,8,0,3,3,0,3,12,6,20,0,0,0,0,0,3,60,19,79,0,0,0,0,0,0,0,0,0,0,0,0,3,0,7,7,3,10,9,0,9,44,12,58,43,3,50,129,16,146,228,32,265,0,0,0,11,5,21,0,0,0,0,0,0,0,0,0,0,0,0,0,0,0,11,5,21,0,0,7,0,0,0,6,0,9,18,17,38,8,10,15,4,0,4,34,36,66,0,0,0,3,0,5,12,26,36,18,24,36,4,0,4,29,3,28,0,0,0,0,0,0,0,0,0,0,0
111021216,core,0,0,0,0,0,3,0,0,0,0,0,0,0,0,0,0,0,0,0,0,3,0,0,0,4,0,3,0,0,0,0,0,0,0,0,0,0,0,0,4,0,7,0,0,0,6,0,9,0,0,0,0,0,0,0,0,0,0,0,0,0,0,0,0,0,0,0,0,0,0,0,0,0,0,0,0,0,0,3,0,7,0,0,0,0,0,0,0,0,0,16,0,17,0,0,0,0,0,0,0,0,0,0,0,0,0,0,0,0,0,0,8,0,7,31,10,38,7,0,7,112,28,136,148,38,192,0,0,0,0,0,0,8,0,11,0,0,0,3,0,5,0,0,0,0,0,0,11,6,13,0,0,3,0,0,3,0,0,0,32,49,77,6,22,26,0,0,0,36,78,112,0,0,0,14,16,25,47,42,85,57,58,117,0,0,0,8,3,9,0,0,0,0,0,0,0,0,0,0,0
111021217,core,0,0,0,9,3,6,0,0,0,0,0,0,0,0,0,4,0,5,9,3,12,9,0,14,35,4,37,0,0,0,4,0,4,0,0,0,4,0,4,49,7,59,31,5,30,12,7,21,3,0,5,0,0,0,15,7,22,0,0,0,0,3,3,0,0,0,0,0,0,0,0,0,11,4,13,8,4,10,26,6,30,8,0,7,127,33,161,0,0,3,241,70,313,0,0,0,14,0,14,0,0,0,24,5,29,77,21,103,114,30,141,21,0,26,94,17,107,34,5,41,359,45,401,508,70,571,3,0,4,13,0,17,3,4,3,0,0,0,9,6,15,0,0,0,0,0,0,22,14,44,9,10,10,10,4,15,18,10,31,112,163,274,28,60,88,0,0,0,182,246,426,0,0,0,0,0,0,146,159,302,147,154,303,9,5,13,214,28,243,7,0,7,0,0,0,0,0,0,0,0
111021218,core,0,0,0,51,48,99,0,0,0,3,0,7,0,0,0,6,5,5,65,52,121,15,3,16,751,17,766,0,0,0,4,0,5,14,0,14,20,0,23,803,26,831,37,9,40,48,47,91,0,0,7,0,0,0,18,3,23,0,0,0,8,3,8,0,0,0,23,8,26,5,0,3,15,0,15,17,10,31,38,13,49,20,0,22,13,10,25,10,7,13,246,113,356,0,0,0,311,43,351,0,0,0,4,0,4,30,12,38,345,56,396,71,13,82,161,33,193,116,27,144,541,86,631,888,154,1043,3,0,6,65,14,77,20,5,22,12,5,14,0,0,0,8,14,21,0,5,4,110,40,142,10,7,16,22,4,32,20,32,48,116,174,288,125,190,311,0,3,0,287,409,702,0,0,0,10,13,25,167,213,383,178,231,404,17,4,20,111,29,146,7,3,11,0,0,4,0,0,3,0,0
111021219,core,0,0,0,0,9,12,0,0,0,0,0,0,0,0,0,0,0,0,7,10,14,11,0,11,77,24,101,0,0,0,0,6,4,0,0,0,10,4,7,98,33,127,10,7,16,18,18,32,0,0,0,6,5,3,0,0,0,0,0,0,0,0,0,0,0,0,4,0,6,11,0,12,6,0,10,10,0,8,5,4,7,17,3,19,8,4,13,4,4,4,101,44,140,0,0,0,4,0,4,0,0,5,0,0,0,15,0,16,18,3,23,22,3,24,95,24,118,46,18,64,234,39,267,390,83,474,0,0,0,18,5,21,0,0,9,0,0,0,0,0,4,0,0,8,3,0,3,23,13,39,0,9,9,17,4,19,7,11,24,127,177,302,36,128,165,0,6,3,192,330,515,0,0,0,12,17,29,198,239,437,206,260,465,12,0,12,113,10,125,3,3,8,0,0,0,0,0,0,0,0
111021220,core,0,0,0,0,0,0,0,0,0,0,0,0,0,0,0,0,0,0,3,0,3,10,4,19,244,8,251,0,0,0,0,0,0,0,0,0,3,0,3,261,13,277,12,4,17,6,11,20,0,0,0,0,0,3,0,0,0,0,0,0,0,0,0,0,0,0,3,4,9,0,0,0,0,5,3,10,3,17,4,0,8,5,3,4,25,5,33,0,0,0,83,32,115,3,0,3,9,0,6,0,0,0,0,0,0,0,0,0,8,6,9,8,0,9,22,7,30,0,6,13,101,16,116,138,29,167,0,0,0,3,4,4,0,0,0,5,0,5,0,0,0,0,0,0,0,0,0,9,0,13,0,0,7,0,0,5,3,7,13,27,37,61,7,28,35,0,0,0,42,74,113,0,0,0,4,4,4,44,70,115,45,75,116,3,4,12,11,6,19,3,0,3,0,0,0,0,0,0,0,0
111021221,core,0,0,0,0,0,0,0,0,0,0,0,0,0,0,0,4,0,5,3,0,6,6,0,0,30,9,39,0,0,0,0,4,4,0,0,0,0,0,0,34,14,48,0,5,10,0,3,4,0,0,0,0,0,0,0,0,0,0,0,0,0,0,0,0,0,0,0,0,0,0,0,0,4,0,4,10,0,11,11,0,7,8,0,8,9,0,7,0,0,0,45,17,62,0,0,0,0,0,0,0,0,0,0,0,0,0,0,0,0,0,0,3,0,5,39,3,43,9,3,18,94,14,115,151,27,178,0,0,0,0,0,0,4,0,4,0,0,6,0,0,0,0,0,0,0,0,0,4,3,9,0,0,0,10,6,12,0,0,3,7,18,21,3,15,22,0,0,0,23,37,59,0,0,0,0,0,0,28,51,85,28,51,85,0,0,0,9,3,13,0,0,0,0,0,0,0,0,0,0,0
111031222,core,0,0,0,0,0,0,0,0,0,0,0,0,0,0,0,0,0,0,0,0,0,0,0,0,6,0,6,0,0,0,0,0,0,0,0,0,0,0,0,5,0,7,5,0,3,15,24,42,4,7,12,0,6,7,4,0,4,0,0,0,0,0,0,0,0,0,4,5,10,0,0,0,7,0,7,8,0,9,3,0,0,9,0,7,3,13,12,10,6,17,64,65,131,0,0,0,0,0,0,0,0,0,3,0,6,3,0,8,7,4,10,7,3,8,96,18,116,10,9,23,251,31,277,363,60,422,3,0,6,14,6,19,49,13,60,16,0,16,43,18,55,14,13,27,0,9,9,130,63,197,12,15,33,45,9,57,7,4,5,173,204,382,484,1253,1738,0,0,0,726,1493,2217,5,3,4,8,25,38,313,455,771,328,490,817,0,0,0,30,4,37,3,0,3,0,0,0,0,0,3,0,0
111031223,core,0,0,0,237,163,396,0,0,0,0,0,0,3,0,3,3,0,7,246,162,405,68,15,84,168,21,184,4,0,4,10,0,7,4,0,0,55,15,71,305,54,355,68,24,90,443,432,874,4,0,7,15,30,46,28,4,33,13,11,22,15,9,27,26,12,38,14,8,25,39,0,42,29,11,39,77,8,84,100,14,112,44,3,50,145,30,174,3,4,6,1058,605,1661,0,0,0,75,9,82,0,0,0,17,0,17,85,22,109,178,34,214,88,19,105,319,56,376,488,108,596,482,70,554,1371,247,1625,12,6,23,68,8,76,218,54,273,82,17,101,44,14,59,24,28,54,17,10,25,465,139,607,27,7,37,124,25,147,19,37,51,23,50,74,58,76,132,0,0,0,249,195,448,0,0,0,0,0,4,115,164,278,115,166,283,27,0,33,337,33,370,34,7,46,0,0,0,3,0,9,0,0
111031224,core,0,0,0,4,4,7,0,0,0,4,0,4,0,0,0,5,0,5,6,4,9,6,0,10,26,6,32,0,0,0,0,0,0,0,0,0,0,0,0,37,8,41,16,10,27,5,10,16,3,0,3,3,16,16,15,0,16,0,0,0,10,4,14,0,0,0,4,0,6,6,0,8,14,0,14,21,0,21,20,5,20,191,22,210,26,11,36,6,3,8,341,81,425,3,0,3,3,3,6,0,0,0,5,3,9,13,0,14,18,12,29,28,8,36,210,43,250,206,36,247,272,51,322,711,135,848,12,0,12,56,15,70,55,18,79,30,7,41,9,7,15,7,8,10,0,0,0,167,58,230,14,19,31,200,52,249,15,11,25,93,86,177,200,257,464,0,0,0,525,427,949,0,0,0,24,50,74,465,474,935,493,518,1010,16,4,24,256,53,312,233,29,258,0,0,0,4,0,4,0,0
111031225,core,0,0,0,0,0,0,0,0,0,0,0,0,0,0,0,3,0,3,3,0,4,20,6,24,15,0,20,0,0,0,0,0,0,0,0,0,8,0,8,37,6,45,35,6,45,7,20,24,0,0,0,0,0,3,7,0,6,0,0,3,11,6,12,0,0,0,5,0,3,8,0,14,6,0,6,37,5,36,19,0,21,9,0,12,40,10,52,16,11,23,194,62,252,0,0,0,9,0,7,0,0,0,4,0,4,3,0,6,10,6,12,16,0,18,106,27,127,25,23,43,215,25,246,363,73,436,4,5,5,54,10,58,22,8,35,6,0,6,0,5,3,8,7,21,0,0,5,100,30,136,4,11,16,3,0,7,16,5,21,106,78,181,96,141,238,0,3,5,228,233,469,0,0,0,27,42,70,302,346,647,328,389,716,0,0,0,28,8,26,18,16,33,0,0,0,0,0,0,0,0
111031226,core,0,0,0,4,0,5,0,0,0,0,0,0,0,0,0,0,0,0,8,0,9,4,0,5,8,5,9,0,0,0,4,0,4,0,0,0,0,0,0,12,0,16,9,4,13,6,11,16,0,0,0,0,10,17,0,0,0,0,0,0,0,0,0,0,0,0,0,0,0,0,0,0,8,0,8,15,3,20,15,0,18,0,0,4,5,0,8,4,0,4,63,38,102,0,0,0,0,3,3,0,0,0,0,0,0,6,5,5,0,9,9,0,0,0,31,11,41,22,9,23,124,18,142,179,32,210,0,0,0,5,4,6,42,5,48,0,4,6,9,0,10,3,6,4,0,0,0,57,19,79,0,0,0,0,0,0,3,0,0,105,122,221,7,23,37,0,0,0,112,149,265,0,0,0,0,0,0,46,78,121,46,78,121,0,0,0,85,10,97,0,0,4,0,0,0,0,4,3,0,0
111031227,core,0,0,0,0,0,3,0,0,0,0,0,5,4,3,6,5,0,5,9,9,11,50,0,55,77,14,90,0,0,0,4,0,4,0,0,0,4,0,9,135,19,154,69,11,76,17,0,18,17,6,26,8,4,13,13,0,14,0,0,0,37,12,47,9,0,8,3,0,0,17,0,17,13,5,20,618,86,704,264,29,297,13,0,13,51,17,63,13,4,17,1157,187,1342,0,0,0,18,5,23,0,0,0,18,0,13,11,0,15,49,8,56,36,10,44,137,32,165,106,45,155,442,68,509,723,154,877,6,5,13,48,4,46,48,10,62,5,3,6,9,8,16,16,15,31,0,0,0,134,44,175,11,8,22,39,9,44,13,14,33,178,217,394,138,109,245,0,0,0,383,364,742,0,0,0,22,29,46,243,246,489,262,277,538,16,0,14,118,17,140,222,26,251,4,0,8,8,5,14,0,0
111031228,core,0,0,0,5,3,10,0,0,0,0,0,0,0,0,0,0,0,0,8,3,10,0,0,0,12,0,12,0,0,0,0,0,0,0,0,0,0,0,0,13,0,15,5,3,5,11,17,27,0,0,7,0,0,0,0,0,0,0,0,0,0,0,0,0,0,0,0,0,0,0,0,0,0,0,0,3,0,3,3,0,0,0,0,0,0,0,0,0,0,0,28,22,55,0,0,0,3,0,3,0,0,0,4,4,9,3,0,3,11,4,10,4,0,6,95,4,101,5,4,12,155,23,183,270,40,304,0,0,0,0,0,0,5,0,4,0,0,0,0,8,8,0,9,4,0,0,0,8,13,20,6,11,16,0,0,0,4,0,7,94,90,181,28,117,149,0,12,10,137,227,359,0,0,0,20,24,42,243,271,517,266,294,562,3,0,4,15,4,18,3,0,3,0,0,0,5,0,5,0,0
111031229,core,0,0,0,7,0,15,0,0,0,0,0,0,0,0,4,5,0,5,18,6,23,6,0,6,168,121,293,3,0,3,17,5,22,0,0,0,0,7,7,194,131,329,4,0,4,8,25,33,14,4,19,5,8,7,0,0,0,0,0,0,4,7,7,0,0,0,0,0,7,0,0,0,3,4,4,9,0,9,3,0,3,0,0,0,8,12,13,6,4,3,59,60,123,0,4,4,18,18,31,0,0,0,230,178,408,4,0,4,254,196,452,43,10,49,327,100,424,48,15,60,273,26,302,686,148,834,0,0,0,9,6,12,19,7,23,0,0,0,0,5,7,3,4,12,9,11,19,39,38,82,6,21,25,7,0,9,4,0,4,238,238,481,167,310,485,0,0,0,433,569,1004,0,3,3,107,167,280,894,976,1869,1002,1144,2150,17,4,21,31,4,38,26,6,30,12,3,16,8,0,9,9,3
111031230,core,0,0,0,8,0,8,0,0,0,0,0,0,0,0,0,3,0,3,4,0,10,10,0,13,28,0,35,0,0,0,0,0,0,0,0,0,3,0,3,52,0,50,55,8,67,42,12,58,0,0,0,0,0,0,3,0,3,0,0,0,0,0,0,30,6,32,193,35,229,0,0,0,26,0,28,127,14,146,115,11,129,143,13,158,38,12,52,3,0,3,784,121,904,3,0,3,3,0,3,3,0,3,0,0,0,71,15,81,78,15,95,21,0,24,33,0,36,91,33,123,82,7,83,226,38,268,0,0,0,106,22,127,7,4,13,0,0,0,0,0,0,0,3,4,0,0,0,128,23,151,0,0,0,4,0,4,0,0,0,0,3,8,3,0,3,0,0,0,10,7,18,0,0,0,0,0,0,21,22,40,21,22,40,11,0,13,133,8,148,151,35,182,10,0,10,40,8,45,0,0
111031231,core,0,0,0,27,27,50,0,0,0,0,0,0,3,0,3,0,0,3,26,30,59,8,0,8,3,0,3,0,0,0,0,0,0,3,0,3,0,0,0,10,4,13,50,16,63,25,15,37,3,0,4,0,0,0,0,0,0,0,0,0,0,3,6,0,0,0,29,11,37,0,0,0,33,6,40,5,0,9,9,0,9,10,0,10,12,0,12,7,0,7,184,57,237,0,0,0,16,0,21,0,0,0,3,0,8,23,21,40,45,27,71,17,0,19,62,10,71,29,10,38,300,45,339,396,62,460,8,0,11,17,3,18,48,14,66,30,11,39,88,31,119,0,3,7,0,0,0,194,65,257,8,0,14,16,3,23,26,6,34,111,103,215,70,176,244,9,0,9,244,293,539,0,3,3,7,16,22,213,189,404,218,206,430,23,6,24,188,39,227,18,3,19,0,0,0,0,0,0,0,0
111031232,core,0,0,0,4,0,4,0,0,0,0,0,0,0,0,6,0,0,0,12,0,10,0,0,0,4,5,9,0,0,0,0,0,0,0,0,0,0,0,0,11,5,12,3,0,6,3,0,6,0,0,0,0,0,0,0,0,0,0,0,0,0,0,0,0,0,0,0,0,0,0,0,0,0,0,0,0,0,0,0,0,5,0,0,0,0,0,0,0,0,0,14,11,28,0,0,0,0,0,0,0,0,0,0,0,0,0,0,0,0,0,0,0,0,3,19,3,22,5,0,8,68,15,82,98,21,116,0,0,0,0,0,0,0,0,0,0,0,0,0,0,0,0,0,0,0,0,0,3,0,0,0,0,4,0,0,0,0,0,0,25,29,53,12,24,40,0,0,0,40,53,93,0,0,0,12,15,24,58,81,138,69,95,159,3,0,3,12,4,15,0,0,0,0,0,0,0,0,0,3,3
111031233,core,0,0,0,0,0,3,0,0,0,0,0,0,0,0,0,0,0,0,0,0,0,0,0,0,4,0,3,0,0,0,0,0,0,0,0,0,0,0,0,11,0,6,8,0,7,12,26,35,0,0,0,0,4,3,3,0,3,0,0,0,0,0,0,0,0,6,0,0,0,0,0,0,9,6,13,18,5,14,4,0,8,6,0,6,12,5,17,0,0,3,70,46,119,0,0,0,381,113,496,0,0,0,0,0,0,18,5,22,402,121,522,3,0,9,59,12,76,11,6,13,175,27,198,252,44,292,4,0,4,18,0,20,11,6,11,0,0,5,0,0,0,0,4,8,0,4,0,33,19,47,5,10,12,7,0,10,14,6,20,118,123,243,97,165,260,0,0,0,240,307,548,0,0,0,7,18,27,201,252,457,207,266,479,7,0,7,20,8,26,0,0,0,0,0,0,0,3,3,0,0
111031234,core,0,0,0,4,0,8,0,0,0,0,0,0,0,0,0,0,3,0,7,6,11,7,0,7,7,0,6,0,0,0,0,0,0,0,0,0,0,0,0,13,0,17,7,0,7,7,21,27,0,0,0,0,0,6,5,0,3,0,0,0,0,0,0,0,0,0,0,0,3,0,0,0,0,0,0,266,7,273,18,10,30,6,0,10,0,0,0,9,0,9,332,38,369,0,0,0,87,16,97,0,0,0,29,5,29,0,0,0,115,12,130,17,4,13,63,12,73,37,8,41,204,21,227,318,46,363,0,0,0,0,0,0,3,0,5,0,0,0,3,0,3,0,0,0,0,0,0,10,9,13,4,4,7,0,0,0,0,3,4,72,107,178,58,119,171,0,0,0,141,229,372,0,0,0,5,0,4,81,133,219,83,135,221,9,0,9,10,3,15,33,0,36,0,0,0,0,0,0,0,0
111031235,core,0,0,0,3,0,3,0,0,0,0,0,0,14,0,14,0,0,0,20,0,20,15,0,17,20,0,20,0,0,0,5,0,5,5,0,5,5,0,5,46,7,56,38,7,47,19,18,42,3,0,6,0,10,15,9,0,9,0,0,0,13,5,19,0,0,0,11,0,13,0,0,0,10,0,10,18,5,20,24,3,25,41,8,46,35,9,46,10,5,18,232,78,312,3,0,6,5,0,9,0,0,0,18,5,24,4,0,3,30,12,39,27,9,36,190,55,240,35,21,54,299,41,342,546,127,676,10,10,28,54,19,73,74,23,95,22,9,26,21,8,34,24,21,48,3,0,9,210,92,305,15,12,26,154,36,192,28,9,38,44,16,59,54,57,110,9,0,8,300,138,438,0,0,0,26,35,63,168,164,337,194,203,397,19,3,22,76,17,93,315,55,374,3,3,9,0,0,0,3,0
