SA1_CODE_2021,zone_tier,Num_MVs_per_dweling_0_MVs,Num_MVs_per_dweling_1_MVs,Num_MVs_per_dweling_2_MVs,Num_MVs_per_dweling_3_MVs,Num_MVs_per_dweling_4mo_MVs,Num_MVs_per_dweling_Tot,Num_MVs_NS,Total_dwelings
10601110701,core,11,71,93,43,32,239,3,245
10601110702,core,9,84,75,33,20,216,0,213
10601110703,core,3,59,122,54,26,267,3,266
10601110704,external,0,21,46,29,31,136,0,136
10601110705,external,0,17,47,28,25,114,0,114
10601110706,core,0,24,46,35,24,129,0,131
10601110707,core,0,31,22,15,15,93,0,92
10601110708,core,0,14,54,16,18,108,0,108
10601110709,core,5,45,46,23,4,125,0,125
10601110710,core,6,23,46,17,6,94,0,94
10601110712,core,3,41,70,27,12,154,3,162
10601110713,core,6,30,34,24,14,98,0,98
10601110714,core,5,71,89,47,23,228,0,228
10601110716,external,0,24,83,71,63,243,0,245
10601110717,external,0,7,18,23,14,68,0,67
10601110718,external,0,16,53,29,22,117,0,120
10601110719,core,3,20,43,17,13,96,0,97
10601110720,core,4,46,78,26,20,171,3,173
10601110722,core,8,42,61,31,10,154,5,152
10601110723,core,7,45,84,43,42,232,0,234
10601110725,core,4,70,57,37,7,178,3,177
10601110726,core,0,32,53,20,9,120,0,120
10601110727,core,5,49,108,21,6,189,4,188
10601110728,core,0,13,38,23,14,76,0,76
10601110729,core,0,47,85,23,13,169,3,175
10601110730,core,3,30,68,25,14,131,0,131
10601110731,core,3,18,53,27,21,117,0,117
10601110732,core,0,50,116,24,8,189,3,190
10601110733,core,0,36,61,19,10,128,0,130
10601110801,core,28,121,62,23,10,244,4,244
10601110806,core,18,49,50,13,5,127,4,128
10601110807,core,18,68,79,27,8,196,9,201
10601110808,core,8,67,58,23,7,164,0,165
10601110809,core,5,45,30,9,7,100,3,98
10601110810,core,8,63,52,23,15,163,0,166
10601110811,core,8,40,69,22,8,151,0,156
10601110812,core,26,83,36,13,7,170,4,171
10601110813,core,15,77,65,14,9,177,0,177
10601110814,core,12,29,28,3,0,76,0,76
10601110815,core,3,43,30,12,7,97,0,96
10601110816,core,16,58,64,19,11,169,0,175
10601110817,core,11,64,56,22,13,162,3,164
10601110818,core,0,4,0,0,4,10,0,10
10601110819,core,12,67,61,24,14,185,6,188
10601110820,core,14,72,55,20,10,172,0,179
10601110821,core,11,57,55,13,3,140,0,141
10601110822,core,9,58,68,33,25,192,0,189
10601110823,core,3,13,27,15,9,69,0,69
10601110824,core,4,28,18,14,3,73,0,73
10601110825,core,24,109,61,25,10,236,9,235
10601110826,core,4,10,32,16,8,61,0,61
10601110827,core,4,4,5,8,7,27,0,27
10601110828,core,0,22,26,3,3,56,0,56
10601110829,core,5,57,57,17,14,160,3,157
10601110830,core,14,108,104,40,18,283,5,288
10601110831,core,3,41,24,14,9,89,0,91
10601110832,core,17,59,36,18,7,130,4,142
10601110833,core,10,71,48,19,3,151,0,150
10601110834,core,19,64,61,19,8,169,5,179
10601110835,core,0,34,32,11,5,81,0,84
10601110836,core,11,98,66,27,13,214,6,215
10601110837,core,36,162,89,21,19,323,5,330
10601110838,core,11,66,45,18,11,141,3,145
10601110839,core,9,63,42,15,13,144,0,144
10601110840,core,8,43,46,18,13,125,0,125
10601110841,core,12,51,44,22,17,147,0,146
10601110842,core,5,16,46,23,27,105,0,105
10601110843,core,6,64,55,24,3,164,0,160
10601110844,core,4,57,54,13,16,142,4,146
10601110845,core,58,88,41,14,8,205,14,220
10601110847,core,11,75,98,36,26,239,3,243
10601110848,core,0,20,32,16,8,75,5,82
10601110850,core,0,47,59,33,14,152,0,152
10601110852,core,7,39,34,13,7,103,0,102
10601110855,core,0,33,58,15,11,121,0,121
10601110858,core,13,83,73,17,11,197,4,205
10601110859,core,0,59,97,29,14,206,4,207
10601110860,core,10,59,84,12,14,180,0,179
10601110861,core,0,0,0,0,0,0,0,0
10601110862,core,0,3,3,0,0,6,0,6
10601110863,core,7,40,56,8,14,124,0,124
10601110864,core,5,39,81,50,49,207,5,218
10601110865,core,9,100,84,22,13,225,4,229
10601110866,core,3,127,105,41,29,298,0,300
10601110901,core,0,30,61,30,12,132,3,136
10601110902,core,0,36,45,22,26,131,0,133
10601110903,core,0,26,53,17,18,118,3,122
10601110904,core,0,16,32,11,17,81,0,81
10601110905,core,0,24,48,24,24,120,0,122
10601110906,core,0,24,41,44,36,146,3,149
10601110907,core,0,19,36,12,12,82,3,91
10601110908,core,4,46,77,28,15,183,0,183
10601110909,core,9,67,70,38,16,200,4,200
10601110911,core,0,24,43,14,17,95,0,100
10601110912,core,6,14,27,26,27,103,3,106
10601110913,core,0,12,31,21,25,93,0,95
10601110914,core,0,24,56,30,42,152,0,159
10601110915,core,0,7,53,21,31,109,0,109
10601110916,core,3,29,73,34,33,168,0,168
10601110917,core,0,21,34,21,14,97,3,99
10601110918,core,0,18,42,13,16,86,0,86
10601110920,core,3,50,64,22,21,157,0,160
10601110921,core,0,49,43,15,6,118,3,124
10601110922,core,0,58,87,17,19,183,4,191
10601110924,core,0,0,0,0,0,0,0,0
10601110925,core,0,7,25,15,10,62,0,66
10601110926,core,0,10,25,12,10,52,0,52
10601110927,core,0,9,23,19,16,71,0,71
10601110928,core,0,4,21,12,15,52,0,52
10601110929,core,0,46,52,24,14,141,0,141
10601110930,core,0,40,51,22,20,131,0,136
10601111001,external,0,11,29,14,9,67,0,67
10601111002,external,4,48,85,38,22,195,5,198
10601111003,external,6,37,44,20,12,120,7,120
10601111004,external,4,36,39,8,7,97,0,97
10601111006,external,4,54,50,17,9,133,0,128
10601111007,external,16,101,61,21,18,219,0,225
10601111008,external,6,41,30,9,9,93,0,93
10601111009,external,4,64,63,13,5,156,4,153
10601111010,external,6,46,44,6,3,106,0,106
10601111011,external,0,21,92,46,41,202,3,208
10601111012,external,8,27,53,16,19,124,3,121
10601111013,external,6,16,46,28,22,115,0,112
10601111014,external,0,23,43,22,22,111,0,116
10601111015,external,0,20,40,22,7,95,0,98
10601111016,external,6,32,37,25,9,105,0,105
10601111017,external,0,14,40,7,11,82,0,86
10601111018,external,0,31,46,14,14,96,0,102
10601111019,external,0,21,52,24,20,115,11,126
10601111020,external,0,25,54,35,23,143,0,143
10601111021,external,0,37,93,47,37,219,0,220
10601111022,external,5,37,45,21,8,123,3,124
10601111023,external,0,43,60,21,10,133,3,141
10601111024,external,0,16,55,19,35,121,0,123
10601111025,external,0,19,54,19,17,111,0,112
10601111026,external,0,8,39,13,26,89,0,90
10601111027,external,5,38,100,58,46,246,3,251
10601111028,external,0,43,30,11,6,87,0,87
10601111029,external,0,3,12,6,0,28,0,28
10601111101,core,7,61,66,37,12,176,4,184
10601111102,core,6,23,36,18,12,94,3,100
10601111103,core,16,35,26,5,3,78,4,78
10601111104,core,10,43,30,8,4,89,0,89
10601111105,core,16,66,78,11,9,175,0,175
10601111106,core,4,45,41,20,10,130,3,136
10601111107,core,7,45,38,13,7,102,6,105
10601111108,core,13,77,64,24,21,194,0,191
10601111109,core,16,46,26,14,15,122,0,122
10601111110,core,13,66,57,26,12,174,3,180
10601111111,core,7,72,67,35,25,202,0,203
10601111112,core,0,22,75,61,50,203,0,203
10601111113,core,8,66,97,31,21,220,0,221
10601111114,core,10,64,78,21,20,194,3,199
10601111115,core,17,78,79,28,23,227,0,223
10601111116,core,9,58,65,19,10,159,0,166
10601111117,core,4,30,54,19,12,117,3,114
10601111118,core,4,16,34,27,16,86,0,86
10601111121,core,0,42,46,20,3,118,0,118
10601111122,core,3,53,38,15,12,119,0,118
10601111123,core,5,46,62,27,19,164,9,172
10601111124,core,3,38,59,34,26,153,0,149
10601111125,core,16,82,69,13,16,188,3,193
10601111126,core,9,53,85,33,18,199,7,204
10601111127,core,10,69,80,30,20,207,3,210
10601111128,core,18,97,58,19,13,203,5,209
10601111129,core,7,71,62,18,5,163,5,165
10601111130,core,3,70,80,33,19,202,3,199
10601111131,core,6,46,43,18,18,133,5,132
10601111132,core,10,68,47,16,5,146,0,147
10601111133,core,20,62,42,15,8,149,4,150
10601111134,core,4,60,48,15,10,134,0,136
10601111135,core,3,39,37,14,15,105,0,105
10601111136,core,12,58,43,17,9,147,0,143
10601111137,core,0,0,0,0,0,0,0,0
10601111138,core,0,20,26,19,11,75,0,75
10601111139,core,0,0,0,0,0,0,0,0
10601111140,core,5,61,58,19,28,169,0,164
10601111141,core,0,18,34,27,26,102,0,99
10601111142,core,0,3,0,0,0,8,0,8
10601111143,core,0,36,28,16,6,95,0,95
10601111144,core,6,35,32,12,4,100,0,101
10601111146,core,0,0,0,0,0,0,0,0
10601111147,core,4,29,61,40,42,175,0,179
10601111148,core,4,44,80,28,16,169,0,173
10601111149,core,0,21,61,32,30,144,4,144
10601111150,core,3,25,74,22,7,132,0,135
10601111151,core,0,16,28,9,8,69,0,65
10601111152,core,5,30,68,27,9,133,0,133
10601111153,core,0,34,67,24,6,132,0,132
10601111154,core,0,34,88,23,9,154,3,158
10601111155,core,3,58,71,16,7,155,0,154
10601111156,core,0,32,81,21,11,152,0,147
10601111157,core,0,0,0,0,0,0,0,0
10601111158,core,3,41,85,40,22,191,0,194
10601111159,core,0,0,0,0,0,0,0,0
10601111201,external,3,33,58,25,3,120,0,125
10601111202,external,0,32,50,19,19,118,3,122
10601111203,external,17,75,84,30,15,225,9,230
10601111204,external,0,28,64,15,8,114,0,116
10601111205,external,6,42,54,12,5,124,6,123
10601111206,external,8,38,45,19,5,112,5,119
10601111207,external,11,50,44,13,3,118,0,120
10601111208,external,14,44,21,6,0,90,0,90
10601111209,external,13,61,71,28,7,178,3,183
10601111210,external,9,29,39,30,29,136,0,139
10601111211,external,0,9,17,20,10,56,0,58
10601111213,external,18,87,52,17,3,181,0,177
10601111214,external,11,53,76,20,13,176,0,177
10601111215,external,9,51,37,12,6,118,0,118
10601111216,external,7,42,42,14,11,124,4,126
10601111217,external,0,18,68,15,9,113,0,113
10601111218,external,20,54,42,12,7,141,0,141
10601111219,external,9,68,54,18,11,162,5,163
10601111220,external,0,7,15,10,4,43,0,43
10601111221,external,3,27,51,17,4,100,0,99
10601111222,external,18,67,40,9,0,142,0,146
10601111223,external,4,29,35,4,10,90,3,92
10601111224,external,0,9,42,37,27,116,0,118
10601111225,external,0,4,26,22,25,81,0,81
10601111226,external,0,13,41,25,21,98,0,98
10601111227,external,0,47,69,21,17,155,0,158
10601111228,external,0,37,44,14,16,108,0,107
10601111229,external,4,38,55,16,8,116,0,114
10601111230,external,16,90,50,14,12,183,5,184
10601111231,external,0,26,61,37,22,161,0,160
10601111232,external,8,28,36,14,7,90,0,90
10601111233,external,17,64,92,25,9,215,4,219
10601111234,external,7,34,55,12,8,119,5,123
10601111235,external,5,46,72,27,16,171,0,174
10601111237,external,0,22,43,31,13,105,0,105
10601111238,external,0,23,54,14,6,104,0,104
10601111240,external,3,48,39,12,9,107,0,107
10601111241,external,18,26,18,12,3,80,3,75
10601111242,external,6,62,60,27,12,166,0,166
10601111244,external,0,37,79,20,12,143,0,143
10601111245,external,0,15,38,24,4,77,0,77
10601111246,external,0,37,54,22,6,118,0,122
10601111247,external,0,27,45,23,14,108,0,109
10601111248,external,0,21,67,15,16,127,0,127
10601111249,external,0,23,43,20,11,95,0,93
10601111250,external,4,34,84,32,22,179,3,181
10601111251,external,5,44,78,33,12,165,0,165
10601111301,external,0,24,38,17,10,82,3,84
10601111302,external,3,35,53,32,22,146,0,147
10601111303,external,0,16,13,9,22,60,0,60
10601111304,external,0,34,63,18,15,129,0,133
10601111305,external,0,15,52,26,18,115,3,120
10601111306,external,4,24,56,19,13,123,0,118
10601111307,external,0,11,21,9,4,48,0,53
10601111308,external,0,16,25,13,9,55,0,61
10601111309,external,0,21,71,38,34,161,3,164
10601111310,external,3,18,32,22,7,79,0,79
10601111311,external,0,14,46,45,28,127,0,130
10601111312,external,3,30,89,37,42,195,7,203
10601111313,external,0,18,37,26,27,110,0,110
10601111314,external,0,25,53,44,35,165,0,166
10601111315,external,0,10,56,23,17,106,0,106
10602111401,core,12,69,42,11,7,138,0,141
10602111402,core,28,84,58,22,13,210,5,218
10602111403,core,0,22,41,14,8,85,0,85
10602111408,core,11,72,45,16,15,159,4,163
10602111409,core,13,55,31,3,8,119,8,126
10602111410,core,45,126,70,8,11,261,5,263
10602111411,core,15,55,35,15,0,127,0,129
10602111412,core,13,38,41,7,7,108,0,109
10602111415,core,0,14,70,41,47,166,0,166
10602111416,core,0,43,119,47,10,218,0,224
10602111417,core,0,85,106,22,8,223,3,229
10602111418,core,3,106,65,25,11,213,0,215
10602111419,core,0,3,15,10,12,46,0,46
10602111420,core,0,38,111,34,11,204,4,201
10602111421,core,0,43,125,31,20,220,0,220
10602111422,core,0,13,38,21,25,104,0,104
10602111423,core,4,24,75,25,6,130,0,126
10602111424,core,0,0,33,16,8,58,0,58
10602111425,core,0,37,114,41,11,205,0,205
10602111426,core,14,79,11,0,0,103,8,112
10602111601,core,0,39,80,32,22,170,0,170
10602111602,core,0,20,62,39,33,153,3,157
10602111603,core,0,28,36,21,17,95,0,99
10602111604,core,0,47,81,41,28,197,0,194
10602111605,core,4,44,78,27,18,170,0,170
10602111606,core,0,41,148,80,51,326,0,326
10602111607,core,7,47,12,14,9,83,0,83
10602111608,core,7,47,65,27,8,157,0,157
10602111609,core,6,33,42,23,9,108,0,108
10602111610,core,8,52,75,25,16,175,0,175
10602111611,core,3,38,24,20,7,91,0,91
10602111612,core,8,86,144,47,36,319,6,321
10602111613,core,5,63,112,31,18,229,5,231
10602111614,core,4,54,79,30,24,193,0,189
10602111615,core,0,30,69,34,28,169,5,173
10602111617,core,0,16,57,41,31,148,0,150
10602111618,core,0,38,74,21,14,142,0,145
10602161401,core,32,66,24,13,0,134,0,134
10602161402,core,3,13,43,21,17,99,0,99
10602161403,core,39,65,41,15,10,169,10,176
10602161404,core,8,19,26,13,9,77,0,77
10602161405,core,34,123,68,19,12,252,15,267
10602161406,core,0,22,67,41,21,149,0,149
10602161407,core,6,48,65,16,14,152,0,157
10602161408,core,31,126,92,26,7,283,9,286
10602161409,core,9,42,62,28,14,158,0,156
10602161410,core,0,34,54,32,13,134,0,130
10602161411,core,0,23,65,27,21,134,0,135
10602161412,core,11,89,66,24,9,199,0,202
10602161413,core,13,48,28,15,9,109,3,111
10602161414,core,15,47,68,15,11,156,0,154
10602161415,core,0,43,77,30,12,160,6,165
10602161416,core,7,42,44,15,8,114,0,116
10602161417,core,13,71,50,18,9,160,0,160
10602161418,core,0,20,74,32,22,142,0,143
10602161419,core,7,60,94,15,8,186,0,186
10602161420,core,0,33,66,27,14,138,0,141
10602161421,core,0,17,44,21,9,86,0,86
10602161422,core,0,0,0,0,0,5,0,5
10602161423,core,4,34,51,10,7,104,0,104
10602161424,core,0,0,8,0,0,10,0,10
10602161425,core,0,35,43,13,13,110,0,107
10602161426,core,41,63,25,14,3,138,4,143
10602161427,core,3,54,103,31,14,205,3,206
10602161428,core,0,19,39,16,9,89,0,92
10602161429,core,7,54,101,33,24,213,3,213
10602161430,core,0,18,34,17,6,77,0,73
10602161431,core,4,27,52,22,15,116,0,116
10602161432,core,15,76,58,25,10,182,3,188
10602161433,core,4,64,64,21,10,164,3,165
10602161434,core,0,23,79,28,13,153,0,148
10602161435,core,11,86,45,11,0,156,0,160
10602161436,core,3,19,31,15,0,65,4,69
10602161437,core,0,12,31,11,8,74,0,74
10602161438,core,0,40,41,24,4,111,0,110
10602161439,core,38,135,58,17,3,256,7,264
10602161440,core,33,52,20,5,5,114,3,113
10602161441,core,3,48,55,23,4,134,0,134
10602161442,core,18,90,44,6,4,165,0,165
10602161443,core,3,33,52,18,4,111,0,111
10602161444,core,0,12,39,21,9,84,0,85
10602161445,core,6,53,64,22,15,149,4,152
10602161446,core,0,19,53,30,16,121,4,123
10602161447,core,0,13,48,21,17,96,0,96
10602161448,core,0,44,63,16,18,140,3,142
10602161449,core,16,88,75,24,14,218,3,216
10602161501,core,0,59,82,26,12,176,3,177
10602161502,core,0,11,22,15,11,59,0,61
10602161503,core,0,36,80,18,12,145,0,145
10602161504,core,10,55,56,31,10,165,0,168
10602161505,core,32,43,30,5,4,121,4,119
10602161506,core,0,26,111,63,51,248,4,249
10602161507,core,4,56,115,41,30,253,0,251
10602161508,core,0,40,50,24,6,119,0,121
10602161509,core,18,66,63,31,14,191,0,191
10602161510,core,23,90,69,22,7,212,8,212
10602161511,core,0,21,48,23,12,110,0,110
10602161512,core,24,121,59,22,11,230,9,236
10602161513,core,0,44,86,22,16,161,0,162
10602161514,core,0,9,44,18,28,99,0,99
10602161515,core,3,47,39,7,0,98,0,98
10602161516,core,7,34,70,36,23,176,4,182
10602161517,core,4,54,83,28,18,187,4,188
10602161518,core,0,44,73,30,12,158,0,158
10602161519,core,3,61,114,40,17,238,3,245
10602161520,core,0,30,55,45,40,163,0,163
10602161521,core,9,146,66,21,9,259,0,259
10602161522,core,6,47,96,31,10,189,0,188
10602161523,core,6,33,46,19,15,117,0,118
10602161524,core,0,28,34,17,10,91,0,91
10602161525,core,18,68,47,18,12,160,0,162
10602161526,core,0,27,39,24,11,104,0,104
10602161527,core,0,20,64,38,20,144,0,148
10602161528,core,3,51,71,21,14,164,0,164
10602161529,core,10,123,48,4,0,189,7,192
10602161530,core,0,41,39,22,18,115,0,117
10602161531,core,0,17,34,6,15,74,0,68
10602161532,core,7,45,89,31,5,175,0,176
10602161533,core,3,20,45,25,23,118,6,120
10602161534,core,0,48,100,31,15,202,5,207
10602161535,core,0,16,65,31,21,132,0,132
10602161536,core,0,32,52,32,24,137,0,137
10602161537,core,0,39,52,19,6,123,0,125
10602161538,core,10,88,46,25,3,178,3,176
10602161539,core,6,27,52,21,16,116,0,116
10602161601,core,12,47,52,16,11,134,0,134
10602161602,core,14,44,25,8,5,97,0,95
10602161603,core,0,41,56,11,8,125,0,127
10602161604,core,34,63,27,7,5,137,11,146
10602161605,core,10,66,54,16,3,146,0,148
10602161606,core,8,41,41,15,4,117,0,117
10602161607,core,10,70,66,27,7,183,3,185
10602161608,core,6,30,42,12,3,95,0,95
10602161609,core,31,67,77,25,10,216,5,217
10602161610,core,6,72,71,22,10,192,3,190
10602161611,core,0,0,0,0,0,0,0,0
10602161612,core,28,69,64,12,6,181,0,184
10602161613,core,10,60,79,26,16,183,0,184
10602161614,core,22,79,59,27,13,204,0,202
10602161615,core,4,52,99,28,24,205,3,210
10602161616,core,15,57,55,22,5,150,3,152
10602161617,core,0,34,88,32,7,160,0,158
10602161618,core,14,66,60,24,10,181,4,183
10602161619,core,4,58,103,25,21,217,0,221
10602161620,core,0,18,22,18,14,79,0,79
10602161701,core,9,205,108,24,9,358,4,366
10602161702,core,13,66,45,12,6,149,0,153
10602161703,core,5,82,131,37,12,274,0,278
10602161704,core,11,69,91,18,15,204,4,209
10602161705,core,3,64,68,23,13,182,3,180
10602161706,core,19,100,75,30,10,232,0,232
10602161707,core,17,91,87,21,9,219,6,221
10602161708,core,7,68,58,12,9,153,5,157
10602161709,core,20,51,19,5,3,95,3,99
10602161710,core,0,7,5,4,9,19,0,19
10602161711,core,27,58,47,18,3,159,6,161
10602161712,core,18,82,70,19,13,201,4,200
10602161713,core,0,62,102,45,23,228,0,232
10602161714,core,6,99,99,22,19,240,4,244
10602161715,core,10,79,54,20,8,179,0,179
10602161716,core,5,68,68,16,17,176,3,175
10602161717,core,19,49,43,16,4,134,6,135
10602161718,core,11,73,83,38,20,220,6,221
10602161719,core,0,32,98,37,25,193,0,197
10602161720,core,0,0,0,0,0,0,0,0
10602161721,core,12,59,95,35,8,206,6,210
10602161722,core,5,42,21,9,10,83,0,79
10602161723,core,5,55,52,18,9,134,6,139
10602161801,core,13,87,85,31,13,220,3,224
10602161802,core,0,36,52,18,10,119,0,119
10602161803,core,4,27,63,27,31,148,0,147
10602161804,core,0,4,23,27,10,65,5,70
10602161805,core,0,18,77,19,4,113,0,113
10602161806,core,7,57,91,29,23,209,4,208
10602161807,core,3,29,87,19,5,148,3,151
10602161808,core,0,0,0,0,0,0,0,0
10602161809,core,8,78,74,8,8,171,4,175
10602161810,core,0,14,91,21,4,135,0,135
10602161811,core,3,27,47,20,12,113,4,116
10602161812,core,5,37,58,20,22,137,0,140
10602161813,core,0,22,47,24,16,105,0,105
10602161814,core,0,10,24,12,12,61,0,61
10602161815,core,0,26,91,15,3,134,0,134
10602161816,core,8,38,87,20,16,171,0,171
10602161817,core,0,32,138,42,16,227,0,228
10602161818,core,0,29,108,34,10,174,0,176
10602161819,core,0,25,76,32,20,155,0,157
10602161820,core,0,5,32,25,23,85,0,85
10602161821,core,3,48,100,46,14,221,4,219
10602161822,core,6,50,78,25,17,169,0,169
10602161823,core,0,25,102,33,17,174,0,172
10602161824,core,0,42,46,4,3,93,0,95
10602161825,core,0,19,76,41,45,178,0,184
10602161826,core,0,8,47,31,25,116,0,121
10602161827,core,0,57,62,19,3,143,4,145
10602161828,core,0,19,62,27,10,121,0,121
10602161829,core,0,12,44,15,7,78,4,77
10602161830,core,3,34,38,16,0,93,0,93
10602161831,core,0,55,100,27,12,197,0,197
10602161832,core,0,32,95,28,15,166,0,166
10602161833,core,3,23,78,30,20,159,0,159
10602161834,core,8,67,83,28,12,195,5,193
10602161835,core,0,23,79,21,5,129,0,129
10602161836,core,0,0,0,0,0,0,0,0
10602161837,core,0,21,67,22,7,120,0,122
10602161838,core,0,18,93,21,6,132,0,133
10602161839,core,11,38,46,14,5,111,0,111
10603111901,core,0,26,58,18,9,106,0,106
10603111902,core,3,38,60,28,14,133,3,139
10603111903,core,4,53,97,32,20,209,0,213
10603111904,core,0,33,55,36,13,134,0,136
10603111906,core,6,33,47,22,16,122,0,121
10603111907,core,4,169,94,8,11,288,0,288
10603111908,core,0,0,0,0,0,0,0,0
10603111909,core,9,98,31,3,0,141,3,144
10603111910,core,3,81,77,18,17,192,0,193
10603111911,core,4,24,44,8,7,85,0,88
10603111912,core,0,27,53,17,0,97,3,99
10603111913,core,0,43,62,21,19,136,0,138
10603111914,core,3,34,58,22,12,132,0,131
10603111915,core,6,73,76,23,13,195,3,197
10603111916,core,3,41,60,23,12,141,0,141
10603111917,core,0,0,0,0,0,0,0,0
10603111918,core,0,11,38,22,24,86,0,83
10603111919,core,0,0,0,0,0,0,0,0
10603111921,core,7,46,10,0,0,60,3,62
10603111922,core,10,126,52,22,19,237,4,237
10603112001,core,0,0,4,3,0,9,0,9
10603112002,core,4,61,58,21,11,158,0,156
10603112003,core,0,64,39,19,5,128,0,127
10603112004,core,7,73,70,26,7,187,3,192
10603112005,core,0,0,0,0,0,0,0,0
10603112006,core,14,107,93,16,17,253,0,255
10603112007,core,5,36,43,18,9,104,0,104
10603112008,core,6,67,108,26,14,221,3,225
10603112009,core,3,121,116,31,23,298,0,300
10603112010,core,10,74,101,26,25,234,6,238
10603112011,core,3,34,47,8,10,103,0,103
10603112012,core,0,55,67,15,8,142,0,142
10603112013,core,5,62,76,18,11,173,4,177
10603112014,core,4,91,73,22,9,202,0,202
10603112015,core,0,29,41,16,11,100,0,100
10603112016,core,10,58,88,34,19,207,3,218
10603112017,core,0,0,0,0,0,0,0,0
10603112018,core,19,78,63,38,17,207,3,213
10603112101,core,10,95,102,24,17,247,6,257
10603112102,core,7,110,93,18,4,226,3,226
10603112103,core,3,49,76,17,12,151,0,152
10603112104,core,5,44,52,12,10,111,5,116
10603112105,core,0,51,39,15,11,113,0,113
10603112106,core,35,188,79,13,0,317,11,322
10603112107,core,12,40,34,14,6,96,0,98
10603112108,core,24,131,60,6,9,235,6,241
10603112109,core,13,66,51,16,16,158,0,160
10603112110,core,0,36,34,16,7,101,4,103
10603112111,core,0,0,0,0,0,0,0,0
10603112112,core,0,0,0,0,0,0,0,0
10603112113,core,0,4,22,3,3,31,0,36
10603112114,core,0,0,0,0,0,7,0,7
10603112115,core,18,110,90,20,4,241,0,239
10603112116,core,0,103,76,25,5,212,5,214
10603112117,core,0,0,0,0,0,0,0,0
10603112118,core,7,61,57,23,9,153,0,161
10603112119,core,9,95,46,22,7,185,3,190
10603112120,core,3,32,34,14,6,85,0,85
10603112121,core,0,16,18,9,0,44,0,44
10603112122,core,5,64,50,11,3,134,0,134
10603112123,core,23,159,72,9,4,261,5,263
10603112124,core,4,73,63,17,8,165,0,165
10603112125,core,8,49,62,18,3,142,3,138
10603112126,core,0,17,49,23,5,98,0,98
10603112127,core,8,73,89,21,10,198,0,198
10603112128,core,9,54,54,17,8,146,4,146
10603112129,core,5,26,58,10,4,102,3,102
10603112130,core,6,47,82,10,9,152,0,153
10603112131,core,13,165,86,20,11,301,7,305
10603112133,core,0,66,69,20,3,151,0,151
10603112134,core,9,71,106,32,14,226,3,229
10603112135,core,0,58,147,54,21,284,0,284
10603112136,core,3,57,78,18,18,176,5,178
10603112137,core,0,58,91,25,8,175,0,178
10603112138,core,8,76,97,40,16,242,0,245
10603112139,core,0,39,71,16,9,129,0,137
10603112140,core,9,70,46,8,6,136,0,142
10603112141,core,4,66,84,26,13,184,0,185
10603112142,core,3,47,67,12,7,143,0,146
10603112143,core,5,101,74,18,16,215,8,228
10603112144,core,4,61,51,12,6,137,5,139
10603112145,core,10,108,82,12,7,221,4,230
10603112146,core,41,144,28,5,0,214,6,223
10603112147,core,0,52,60,10,4,129,0,134
10603112148,core,12,84,70,17,15,199,0,201
10603112149,core,10,72,92,20,10,212,5,215
10603112150,core,8,42,48,10,6,118,0,118
10603112151,core,17,106,69,11,0,210,3,217
10603112152,core,4,43,45,16,7,115,0,114
10603112153,core,6,53,56,20,13,147,0,148
10603112154,core,3,49,68,22,12,149,4,151
10603112155,core,3,43,52,16,11,123,0,129
10603112156,core,15,82,59,15,13,176,0,175
10603112157,core,6,68,54,17,0,142,4,144
10603112158,core,36,152,67,8,11,272,4,276
10603112201,core,3,115,99,38,9,260,3,265
10603112202,core,15,70,30,4,3,124,9,127
10603112203,core,0,0,0,0,0,0,0,0
10603112204,core,12,78,40,13,6,158,0,154
10603112205,core,8,69,50,16,10,156,4,157
10603112206,core,9,54,42,24,15,149,6,144
10603112207,core,30,84,43,7,3,180,9,188
10603112208,core,24,68,33,8,9,149,9,152
10603112209,core,23,95,61,22,5,207,4,217
10603112210,core,20,138,85,17,14,278,4,280
10603112211,core,16,41,33,8,8,109,5,112
10603112212,core,23,86,65,20,12,200,8,202
10603112213,core,5,43,26,8,8,93,0,93
10603112214,core,5,57,38,9,6,120,0,120
10603112215,core,20,70,48,22,4,155,3,159
10603112216,core,3,51,64,19,8,146,0,151
10603112217,core,6,49,135,37,22,252,3,254
10603112218,core,0,30,46,30,8,114,0,115
10603112219,core,5,84,69,13,12,181,0,186
10603112220,core,4,84,45,7,5,147,0,147
10603112221,core,12,73,60,34,13,195,0,197
10603112222,core,21,75,47,9,7,158,4,166
10603112223,core,20,72,40,19,5,161,6,164
10603112224,core,19,50,32,10,4,117,0,114
10603112225,core,6,32,60,26,15,145,4,149
10603112226,core,12,93,88,26,10,228,4,235
10603112227,core,3,54,91,46,21,223,0,220
10603112228,core,4,64,76,36,14,189,0,189
10603112230,core,16,124,56,30,26,254,3,258
10603112232,core,0,0,0,0,0,4,0,4
10603112233,core,0,22,43,15,11,94,0,98
10603112234,core,8,39,35,11,4,91,3,95
10603112235,core,0,84,144,59,23,319,7,327
10603112236,core,0,22,27,20,14,84,0,84
10603112301,core,0,13,43,19,14,92,0,90
10603112302,core,0,9,33,19,28,92,5,97
10603112303,core,4,22,58,27,27,138,0,138
10603112304,core,0,10,45,36,34,126,0,123
10603112305,core,5,29,66,33,38,169,4,166
10603112306,core,0,0,20,10,19,54,0,54
10603112307,core,0,9,32,15,21,75,0,73
10603112308,core,0,14,62,27,38,143,0,143
10603112309,core,0,27,69,17,20,133,0,133
10603112310,core,4,27,75,47,50,202,0,203
10603112311,core,0,14,45,22,29,116,0,117
10603112312,core,0,9,48,24,30,115,3,113
10603112313,core,0,20,65,24,32,141,3,144
10603112314,core,0,12,33,30,29,111,0,111
10603112315,core,0,9,34,25,20,89,0,90
10603112402,external,3,36,54,27,9,129,4,130
10603112403,external,3,93,112,27,7,239,0,244
10603112404,external,4,66,63,18,12,165,3,168
10603112405,external,21,200,82,13,3,321,3,325
10603112406,external,0,56,67,10,3,138,0,137
10603112407,external,5,48,44,10,5,115,0,120
10603112408,external,8,67,63,13,9,157,0,158
10603112409,external,4,45,52,10,8,112,0,120
10603112411,external,13,125,75,18,8,239,6,251
10603112412,external,0,41,56,16,18,126,0,129
10603112413,external,0,66,80,31,12,195,3,196
10603112414,external,0,0,19,6,3,34,0,34
10603112415,external,0,0,0,0,0,0,0,0
10603112416,external,0,0,0,0,0,0,0,0
10603112417,external,0,16,50,21,15,106,0,106
10603112418,external,3,50,37,10,3,108,0,104
10603112419,external,0,11,5,0,0,12,0,14
10603112420,external,4,138,109,13,0,257,0,257
10603112421,external,4,23,18,5,3,49,0,53
10603112422,external,4,38,26,4,3,66,0,72
10603112501,core,0,35,43,11,0,86,0,86
10603112502,core,10,80,94,34,19,232,6,237
10603112503,core,7,19,62,38,33,144,0,153
10603112505,core,0,0,0,0,0,0,0,0
10603112506,core,0,43,61,51,35,182,3,187
10603112507,core,0,37,61,43,34,179,4,184
10603112508,core,0,0,0,0,0,0,0,0
10603112509,core,0,0,0,0,0,0,0,0
10603112510,core,8,54,43,19,7,130,0,129
10603112512,core,0,19,44,31,18,116,0,123
10603112513,core,0,24,71,46,34,173,0,177
10603112514,core,0,11,12,3,4,31,0,30
10603112515,core,7,112,58,11,17,204,9,212
10603112516,core,0,27,28,35,29,117,0,124
10603112517,core,30,116,49,17,13,217,3,220
10603112518,core,0,16,85,50,38,191,3,188
10603112519,core,0,20,38,33,23,121,0,120
10603112520,core,3,25,34,24,25,112,0,110
10603112521,core,0,19,73,38,27,163,0,163
10603112522,core,0,24,62,21,12,117,0,117
10603112523,core,0,25,48,19,12,110,0,113
10603112524,core,0,34,78,30,11,158,0,158
10603112525,core,8,59,59,33,19,174,0,176
10603112526,core,0,33,53,18,9,105,0,109
10603112527,core,0,73,93,28,21,210,0,214
10603112528,core,0,47,70,29,15,155,0,155
10603112529,core,0,40,55,24,5,128,0,128
10603112530,core,3,64,83,25,13,185,0,185
10603112531,core,0,23,41,28,26,115,0,115
10603112532,core,0,6,43,10,19,82,0,82
10603112533,core,0,0,0,0,0,0,0,0
10603112534,core,4,26,29,7,13,83,0,85
10603112535,core,3,27,60,10,6,99,0,105
10603112536,core,0,13,17,25,20,76,0,76
10603112537,core,4,17,52,31,30,133,0,133
10603112538,core,4,25,110,31,22,185,0,186
10603112539,core,0,53,66,15,5,133,0,133
10603112540,core,4,24,43,12,21,109,4,110
10603112541,core,0,54,146,40,24,260,3,265
10603112542,core,0,21,21,9,8,60,0,62
10604112601,external,0,6,6,5,0,26,0,26
10604112602,external,0,26,26,10,0,61,0,61
10604112603,external,23,81,33,16,6,154,3,161
10604112604,external,4,56,59,18,8,154,4,158
10604112605,external,5,40,48,19,10,117,0,119
10604112606,external,7,44,34,4,8,100,3,99
10604112607,external,19,51,36,8,4,114,0,121
10604112608,external,11,31,30,11,0,82,0,84
10604112609,external,0,44,59,22,13,149,0,148
10604112610,external,3,45,66,27,12,155,0,155
10604112611,external,5,41,19,5,5,69,0,69
10604112612,external,12,46,39,14,7,112,0,119
10604112613,external,0,57,67,35,8,168,4,169
10604112614,external,10,83,65,18,8,181,4,182
10604112615,external,0,9,11,5,3,36,0,38
10604112617,external,17,77,48,15,13,164,9,170
10604112618,external,6,29,57,19,6,119,0,120
10604112619,external,0,17,23,8,10,58,0,58
10604112620,external,3,33,60,20,10,123,4,131
10604112621,external,20,81,27,4,6,133,9,137
10604112622,external,25,79,30,15,8,161,8,170
10604112623,external,8,71,71,17,14,179,8,182
10604112624,external,7,61,35,15,4,130,0,130
10604112625,external,18,75,38,11,10,144,0,148
10604112626,external,3,23,28,8,13,78,0,80
10604112627,external,0,18,47,29,24,123,0,123
10604112628,external,3,28,28,8,7,81,0,78
10604112629,external,3,58,50,14,3,124,4,124
10604112630,external,8,69,124,31,18,249,3,250
10604112632,external,20,27,17,4,0,71,3,66
10604112633,external,9,38,34,17,4,102,0,97
10604112634,external,6,24,35,9,4,84,0,89
10604112635,external,0,0,3,0,0,3,0,3
10604112636,external,17,72,35,12,4,137,0,141
10604112637,external,5,106,127,42,21,298,4,305
10604112638,external,12,48,67,28,3,147,0,154
10604112639,external,0,3,45,22,18,85,0,85
10604112701,external,15,72,54,21,15,173,0,178
10604112702,external,0,19,19,11,9,54,0,57
10604112704,external,0,0,0,0,0,0,0,0
10604112705,external,0,14,35,23,15,84,0,84
10604112706,external,3,35,66,37,29,167,4,176
10604112707,external,5,39,26,9,7,85,0,85
10604112708,external,3,16,46,21,16,97,3,98
10604112709,external,0,37,36,26,12,117,0,120
10604112710,external,0,19,88,44,49,203,7,205
10604112711,external,7,46,43,10,8,110,4,113
10604112712,external,13,75,67,29,10,187,3,192
10604112713,external,0,18,38,24,21,96,0,96
10604112714,external,0,9,24,10,11,50,0,52
10604112801,external,17,82,51,11,4,173,4,173
10604112802,external,16,82,82,12,5,197,4,201
10604112803,external,21,83,55,12,6,170,4,169
10604112804,external,13,117,78,19,14,246,6,251
10604112805,external,0,28,37,32,21,117,0,117
10604112806,external,0,41,88,45,32,196,0,203
10604112807,external,0,12,50,16,6,84,0,84
10604112808,external,4,41,69,25,5,138,3,140
10604112809,external,8,73,97,29,10,214,0,214
10604112810,external,0,47,119,37,22,225,0,222
10604112811,external,14,93,64,23,12,208,3,213
10604112812,external,13,71,70,17,8,178,0,177
10604112813,external,19,86,56,18,3,181,3,179
10604112901,external,7,86,48,17,16,175,0,178
10604112902,external,10,68,72,35,19,200,5,199
10604112903,external,5,59,98,35,17,213,0,215
10604112904,external,12,54,57,27,6,166,6,168
10604112905,external,0,11,38,14,22,90,0,90
10604112906,external,0,27,44,14,8,92,0,94
10604112907,external,3,24,50,20,6,106,0,107
10604112908,external,0,44,53,30,11,139,3,145
10604112909,external,0,17,37,17,18,90,0,93
10604112910,external,6,28,52,26,25,129,0,129
10604112911,external,0,26,24,12,5,66,0,66
10604112912,external,5,26,41,30,11,99,4,107
10604112913,external,0,41,51,26,25,141,0,145
10604112914,external,7,50,28,16,4,103,8,106
10604112915,external,6,47,47,6,3,105,0,110
10604112916,external,6,72,65,24,9,171,8,177
10604112917,external,0,17,44,25,13,102,0,99
10604112918,external,0,20,29,25,14,91,0,94
10604112919,external,0,12,24,8,14,68,0,65
10604112920,external,0,25,65,30,18,147,3,149
10604112921,external,10,67,42,31,8,162,3,167
10604112922,external,14,85,64,22,18,197,4,206
10604112923,external,0,61,94,45,29,234,3,238
11101120601,core,7,55,42,3,0,109,0,109
11101120602,core,4,14,38,15,24,100,3,97
11101120603,core,0,33,42,15,3,89,0,89
11101120604,core,0,27,52,23,16,119,3,121
11101120605,core,16,56,65,16,9,161,6,165
11101120606,core,39,130,75,17,7,268,5,273
11101120607,core,0,0,0,0,0,0,0,0
11101120608,core,16,53,40,18,8,128,7,134
11101120609,core,18,60,59,26,10,176,3,179
11101120610,core,4,76,125,46,28,278,0,275
11101120611,core,8,41,59,23,22,158,0,158
11101120612,core,4,37,95,38,18,185,0,187
11101120613,core,10,45,40,16,13,127,4,130
11101120614,core,0,31,48,16,17,105,0,110
11101120615,core,10,60,90,32,20,207,0,207
11101120616,core,0,36,60,22,9,129,4,129
11101120617,core,0,29,52,10,7,102,0,100
11101120618,core,4,40,63,23,19,138,4,138
11101120619,core,6,52,92,26,8,186,0,189
11101120620,core,0,37,80,29,20,165,0,168
11101120621,core,0,34,72,17,28,154,0,154
11101120622,core,6,34,73,23,12,142,0,146
11101120623,core,28,74,80,35,21,235,4,241
11101120624,core,0,23,63,27,25,138,0,138
11101120625,core,6,33,64,31,18,143,0,141
11101120626,core,4,52,82,36,20,201,0,200
11101120627,core,5,69,80,30,31,210,0,210
11101120628,core,3,54,65,20,22,167,0,165
11101120629,core,42,139,45,16,4,238,6,235
11101120630,core,20,69,49,10,10,156,0,158
11101120631,core,20,86,49,9,8,178,7,179
11101120632,core,0,52,47,15,12,126,3,130
11101120633,core,57,168,92,17,10,339,4,342
11101120634,core,16,69,91,28,10,216,0,216
11101120635,core,20,47,23,11,7,114,3,118
11101120636,core,33,62,34,10,4,140,4,146
11101120637,core,13,59,67,14,13,161,0,161
11101120638,core,12,65,88,38,11,220,4,222
11101120639,core,31,81,53,21,10,189,9,197
11101120640,core,3,42,87,36,15,184,0,184
11101120641,core,0,21,68,34,18,134,0,134
11101120642,core,13,57,55,12,3,143,6,147
11101120701,core,8,61,79,19,12,177,0,178
11101120702,core,5,43,75,39,11,172,0,175
11101120703,core,10,51,64,6,19,153,0,154
11101120704,core,4,22,39,18,11,88,0,90
11101120705,core,14,50,57,31,11,164,3,168
11101120706,core,14,60,50,13,5,141,0,142
11101120707,core,31,113,50,10,5,214,5,224
11101120708,core,5,57,77,26,15,181,5,189
11101120709,core,23,80,47,28,12,185,0,185
11101120710,core,0,0,0,0,0,0,0,0
11101120711,core,8,48,46,19,9,133,0,137
11101120712,core,34,144,54,14,9,258,5,262
11101120713,core,6,40,54,12,9,119,0,119
11101120714,core,0,0,0,0,0,0,0,0
11101120715,core,20,98,79,31,14,233,0,242
11101120716,core,3,41,40,17,9,114,0,114
11101120801,core,9,56,80,11,9,165,0,165
11101120802,core,3,66,58,10,4,138,3,139
11101120803,core,14,36,51,14,11,118,4,120
11101120804,core,3,26,44,8,13,95,0,95
11101120806,core,0,50,51,15,9,127,0,123
11101120807,core,6,45,68,23,13,156,0,156
11101120808,core,0,11,74,32,14,132,0,134
11101120809,core,0,32,63,13,12,114,0,114
11101120810,core,8,46,65,17,8,140,3,140
11101120811,core,6,37,68,16,11,141,0,140
11101120812,core,3,29,61,23,8,123,0,123
11101120813,core,25,60,38,10,5,135,5,138
11101120814,core,5,50,85,21,6,164,0,169
11101120815,core,14,72,85,22,6,207,0,207
11101120816,core,3,40,63,9,10,130,0,130
11101120817,core,6,58,96,20,13,198,0,198
11101120818,core,8,107,67,18,3,200,0,198
11101120819,core,20,70,74,17,7,181,0,183
11101120820,core,17,82,56,15,0,167,4,174
11101120821,core,15,65,71,16,7,176,0,175
11101120822,core,15,52,75,20,18,173,0,173
11101120823,core,0,0,0,0,0,0,0,0
11101120824,core,5,36,29,12,4,74,5,78
11101120825,core,5,49,49,17,7,132,0,136
11101120826,core,6,67,87,45,20,217,0,215
11101120827,core,6,50,102,25,7,192,0,192
11101120828,core,7,33,84,22,13,157,0,162
11101120829,core,0,28,57,11,4,107,0,107
11101120830,core,3,34,42,25,6,113,0,113
11101120831,core,7,34,59,17,9,128,3,130
11101120832,core,0,11,37,13,16,81,0,85
11101120833,core,0,19,43,19,13,99,7,100
11101120834,core,9,31,45,14,15,110,0,110
11101120835,core,19,73,55,19,4,163,6,165
11101120836,core,22,74,60,20,5,183,0,183
11101120837,core,15,57,47,15,9,152,0,153
11101120838,core,6,49,45,7,3,114,0,112
11101120839,core,12,61,68,12,8,159,4,160
11101120840,core,11,58,58,26,7,165,0,166
11101120841,core,4,57,65,27,9,170,0,167
11101120842,core,0,47,48,20,5,117,4,124
11101120844,core,22,66,33,3,0,126,0,127
11101120845,core,0,46,58,12,5,126,0,129
11101120846,core,0,25,79,28,14,139,0,139
11101120847,core,0,30,50,20,3,103,0,103
11101120848,core,7,49,52,26,4,140,0,140
11101120849,core,10,38,87,21,9,152,0,157
11101120850,core,6,25,45,13,6,98,0,97
11101120851,core,4,44,39,15,6,100,0,100
11101120852,core,14,56,64,14,5,156,4,158
11101120853,core,5,27,67,15,12,122,0,122
11101120854,core,0,25,55,21,7,103,0,103
11101120855,core,17,106,108,28,22,277,0,282
11101120856,core,3,19,56,19,13,111,0,111
11101120857,core,8,39,48,19,10,126,0,126
11101120858,core,9,59,55,18,10,155,0,155
11101120859,core,11,83,79,23,8,204,3,210
11101120860,core,18,71,76,25,19,207,3,209
11101120861,core,0,61,54,15,10,128,4,133
11101120862,core,23,69,48,17,8,170,6,178
11101120863,core,28,96,44,13,8,187,3,192
11101120864,core,6,26,74,22,14,137,0,137
11101120865,core,0,0,5,0,6,7,0,7
11101120866,core,7,41,39,9,7,102,0,100
11101120867,core,25,61,44,3,0,129,5,130
11101120868,core,16,88,35,3,0,147,3,146
11101120869,core,3,37,55,13,9,113,4,115
11101120870,core,0,48,62,15,8,145,4,148
11101120871,core,0,0,0,0,0,0,0,0
11101120901,core,4,57,73,24,8,160,0,163
11101120902,core,0,0,0,0,0,0,0,0
11101120903,core,3,33,53,13,13,115,0,115
11101120904,core,3,30,60,22,10,122,0,122
11101120905,core,17,69,71,21,18,200,0,198
11101120906,core,18,78,58,13,17,190,3,193
11101120907,core,25,86,62,12,9,194,0,194
11101120908,core,25,59,39,12,10,146,4,146
11101120909,core,19,75,58,12,6,167,3,168
11101120910,core,4,52,47,16,4,124,0,125
11101120911,core,3,23,53,11,10,106,0,106
11101120912,core,3,17,58,13,3,98,0,100
11101120913,core,0,39,93,26,8,171,0,171
11101120914,core,4,55,91,20,14,187,4,191
11101120915,core,0,45,119,41,22,231,0,235
11101120916,core,6,83,72,16,6,182,0,179
11101120917,core,3,36,80,31,23,176,4,177
11101120918,core,7,53,94,27,14,197,0,197
11101120919,core,0,25,63,27,15,129,0,129
11101120920,core,4,29,73,32,26,170,0,170
11101120921,core,8,66,92,30,16,215,0,214
11101120922,core,12,72,87,21,15,211,0,212
11101120923,core,0,39,77,25,8,145,0,145
11101120924,core,5,59,63,29,10,168,5,172
11101120925,core,26,138,86,30,4,287,0,288
11101120926,core,4,74,67,14,7,178,0,177
11101120927,core,7,55,62,20,12,156,0,156
11101120928,core,3,72,75,36,15,201,0,201
11101120929,core,3,20,42,21,14,101,0,101
11101120930,core,3,38,48,18,22,129,0,129
11101120931,core,10,60,67,12,18,167,0,167
11101120932,core,11,86,80,32,9,219,0,220
11101120933,core,34,161,67,16,10,294,13,303
11101120934,core,19,72,67,21,10,186,3,191
11101120935,core,18,88,52,12,12,195,3,190
11101120936,core,6,62,75,14,6,167,0,166
11101120937,core,0,5,3,0,0,5,0,5
11101120938,core,0,0,0,0,0,0,0,0
11101120939,core,3,52,159,44,19,278,3,281
11101120940,core,11,52,72,16,7,168,5,170
11101120941,core,0,40,83,16,15,160,0,162
11101120942,core,0,43,75,23,15,148,0,148
11101120943,core,5,48,81,25,11,170,0,170
11101120944,core,0,34,86,16,16,155,0,160
11101120945,core,0,42,75,31,15,155,0,155
11101120946,core,3,24,88,23,4,153,4,150
11101120947,core,5,49,81,22,16,170,0,171
11101120948,core,8,56,76,28,13,185,5,188
11101120949,core,4,40,61,21,8,135,0,138
11101120950,core,14,78,64,34,7,198,0,196
11101120951,core,25,43,35,10,7,119,6,120
11101120952,core,3,61,71,17,14,168,0,168
11101120953,core,5,38,87,29,16,178,0,178
11101120954,core,12,70,88,37,12,217,0,216
11101120955,core,4,30,78,22,7,148,3,151
11101120956,core,0,41,77,18,15,156,0,152
11101121001,core,13,40,8,0,0,61,0,63
11101121002,core,0,20,38,12,9,75,0,75
11101121003,core,4,39,61,23,17,143,0,143
11101121004,core,3,35,54,16,7,112,0,112
11101121005,core,7,41,55,21,13,134,0,136
11101121006,core,13,104,81,17,8,221,6,224
11101121007,core,13,113,85,33,13,258,0,260
11101121008,core,5,57,74,31,10,174,4,171
11101121010,core,6,53,33,12,4,103,3,107
11101121011,core,7,38,49,9,3,102,0,106
11101121012,core,20,58,19,4,6,114,5,117
11101121013,core,37,83,41,9,6,172,0,178
11101121014,core,13,64,44,11,3,137,4,139
11101121015,core,17,128,75,20,20,261,0,263
11101121016,core,4,32,62,18,21,141,0,141
11101121017,core,3,8,54,22,16,107,0,107
11101121018,core,67,104,52,18,12,235,7,245
11101121019,core,28,47,16,7,4,111,4,117
11101121020,core,51,87,45,8,4,196,8,203
11101121021,core,26,97,47,10,8,190,10,198
11101121022,core,20,65,30,13,7,133,7,143
11101121023,core,6,62,66,24,17,172,3,174
11101121024,core,14,111,91,19,9,240,0,245
11101121101,core,6,16,49,15,13,96,0,96
11101121102,core,0,17,44,15,15,84,0,84
11101121103,core,47,239,34,0,0,327,8,339
11101121104,core,0,19,63,15,22,116,0,116
11101121105,core,8,34,30,21,12,104,10,107
11101121106,core,6,24,75,21,7,135,4,142
11101121107,core,3,37,58,24,12,129,0,132
11101121108,core,4,66,91,43,19,216,0,219
11101121109,core,0,0,5,0,0,3,0,3
11101121110,core,0,29,101,20,18,169,0,169
11101121201,core,0,24,66,15,20,127,0,127
11101121202,core,5,39,56,23,7,132,3,135
11101121203,core,0,13,52,14,7,88,0,88
11101121204,core,9,76,85,36,19,221,0,228
11101121205,core,5,53,61,19,14,149,0,145
11101121206,core,16,81,58,25,12,193,0,191
11101121207,core,30,100,64,16,14,224,7,226
11101121208,core,0,36,75,9,13,130,0,130
11101121209,core,7,31,66,23,14,146,0,146
11101121210,core,0,25,51,8,5,93,0,93
11101121212,core,0,25,80,34,23,161,0,161
11101121213,core,5,15,31,14,13,70,0,70
11101121215,core,12,57,72,14,9,160,0,160
11101121216,core,53,108,35,9,4,220,7,229
11101121217,core,11,63,59,20,9,173,0,173
11101121218,core,62,144,29,3,0,248,12,253
11101121219,core,5,33,40,13,11,99,5,105
11101121220,core,0,0,0,0,0,0,0,0
11101121222,core,9,62,65,36,18,182,4,182
11101121223,core,11,69,58,11,12,166,5,165
11101121224,core,9,91,86,29,11,230,5,234
11101121225,core,16,83,96,34,6,240,0,241
11101121226,core,11,49,53,13,12,139,0,142
11101121227,core,4,61,131,26,22,251,5,252
11101121228,core,0,22,89,17,9,132,0,136
11101121229,core,0,7,7,0,0,18,0,18
11101121230,core,0,35,32,0,4,73,0,73
11101121231,core,0,24,58,18,10,114,0,114
11101121232,core,0,12,49,15,5,75,0,79
11101121233,core,0,51,84,21,12,180,0,180
11101121234,core,0,35,25,8,7,71,0,71
11101121235,core,3,36,36,19,0,104,3,106
11101121236,core,0,17,29,12,12,68,0,68
11101121237,core,6,73,57,17,12,167,3,172
11101121238,core,0,21,23,10,9,61,8,64
11101121301,core,0,0,0,0,0,0,0,0
11101121302,core,0,0,0,0,0,0,0,0
11101121303,core,0,66,102,23,14,201,0,201
11101121304,core,4,35,75,22,19,154,0,154
11101121305,core,0,31,78,25,22,158,0,158
11101121306,core,4,50,66,22,16,158,3,158
11101121307,core,3,56,88,23,17,186,0,186
11101121308,core,3,60,105,26,22,227,0,220
11101121309,core,0,11,38,21,7,72,0,76
11101121310,core,0,21,94,22,18,152,0,152
11101121311,core,0,51,71,31,22,173,3,178
11101121312,core,7,68,65,29,12,175,0,180
11101121313,core,0,28,44,17,15,110,0,110
11101121314,core,4,49,69,38,17,173,0,173
11101121315,core,0,27,89,33,17,166,0,166
11101121316,core,0,13,25,18,6,66,0,66
11101121317,core,0,29,77,21,23,146,0,151
11101121318,core,0,8,75,35,16,140,0,139
11101121319,core,0,40,79,22,11,154,0,156
11101121320,core,6,39,49,13,9,114,0,109
11101121321,core,0,28,70,29,13,139,0,139
11101121322,core,0,37,98,30,24,183,0,183
11101121323,core,3,48,92,33,29,203,0,203
11101121324,core,4,41,92,30,24,198,0,196
11101121325,core,0,50,103,33,11,195,0,195
11101121326,core,12,60,81,20,13,180,4,183
11101121327,core,3,68,68,29,15,186,0,188
11101121328,core,0,14,52,13,18,98,3,100
11101121329,core,16,86,53,18,15,188,0,186
11101121330,core,0,36,63,28,22,149,0,149
11101121401,core,4,48,92,26,10,182,4,191
11101121402,core,0,31,79,28,11,155,0,157
11101121403,core,3,56,98,39,30,234,0,233
11101121404,core,10,106,125,40,32,311,0,315
11101121405,core,0,0,0,0,0,0,0,0
11101121406,core,7,26,74,28,27,163,0,166
11101121407,core,15,79,63,21,12,193,3,199
11101121408,core,5,40,49,19,7,117,0,117
11101121409,core,3,25,47,15,9,98,0,98
11101121410,core,21,146,98,21,12,295,3,301
11101121411,core,0,27,50,27,14,115,0,117
11101121412,core,0,41,20,10,7,86,0,87
11101121413,core,0,35,69,29,18,144,0,140
11101121414,core,8,116,98,30,15,270,3,275
11101121415,core,9,85,95,27,21,250,3,251
11101121416,core,14,46,74,19,10,163,0,163
11101121417,core,18,108,66,20,6,219,5,218
11101121419,core,14,71,71,31,17,204,0,207
11101121420,core,0,6,0,0,0,7,0,7
11101121421,core,7,82,58,16,7,177,0,177
11101121422,core,10,87,73,18,7,199,4,204
11101121423,core,5,42,49,27,16,130,0,133
11101121424,core,11,73,45,19,8,156,0,156
11101121425,core,4,42,46,23,6,130,0,130
11101121426,core,7,48,61,19,17,149,0,151
11101121427,core,7,82,84,24,8,197,3,201
11101121428,core,20,97,73,24,13,225,5,231
11101121429,core,0,24,65,19,6,112,0,120
11101121430,core,9,42,62,30,9,152,0,157
11101121431,core,0,31,49,13,11,115,0,115
11101121432,core,12,86,100,26,9,231,0,231
11101121433,core,9,33,52,21,24,135,0,134
11101121435,core,4,77,74,22,9,185,0,188
11101121436,core,14,101,67,12,3,192,0,192
11101121437,core,8,49,44,7,0,110,0,108
11101121438,core,0,0,0,0,0,0,0,0
11102121501,core,0,34,30,18,13,96,0,96
11102121502,core,3,30,59,28,10,132,0,134
11102121503,core,18,73,50,18,7,166,6,170
11102121504,core,0,20,51,22,13,102,0,110
11102121505,core,3,64,68,28,20,182,0,182
11102121506,core,0,45,62,31,13,147,0,151
11102121507,core,10,80,64,18,18,188,3,193
11102121508,core,13,89,29,20,11,155,0,161
11102121509,core,7,49,65,22,10,159,0,158
11102121510,core,22,59,50,15,8,153,6,159
11102121511,core,0,24,51,34,19,141,0,137
11102121512,core,3,20,37,20,8,92,0,94
11102121513,core,8,36,78,24,16,151,0,155
11102121514,core,0,31,34,13,3,79,0,79
11102121515,core,0,4,0,0,0,7,0,7
11102121516,core,23,134,92,21,12,283,0,285
11102121517,core,10,53,40,13,4,119,5,124
11102121518,core,14,127,238,84,23,488,3,492
11102121519,core,12,75,42,13,13,153,5,162
11102121520,core,6,39,38,13,12,107,0,110
11102121521,core,0,8,7,0,4,22,0,22
11102121522,core,14,59,72,24,22,187,0,188
11102121523,core,0,0,0,0,0,0,0,0
11102121524,core,6,46,91,23,12,172,7,182
11102121525,core,0,49,53,18,8,129,0,132
11102121601,core,3,54,58,22,12,151,0,151
11102121602,core,6,60,69,23,6,160,0,165
11102121603,core,4,100,121,45,34,301,0,299
11102121604,core,3,46,90,23,12,180,0,180
11102121605,core,0,41,38,17,12,104,0,104
11102121606,core,4,70,102,41,26,232,0,232
11102121607,core,12,118,134,40,12,324,3,327
11102121608,core,13,117,186,55,27,398,5,405
11102121609,core,6,55,84,29,16,192,0,196
11102121610,core,0,56,60,23,9,147,4,150
11102121611,core,0,34,63,21,8,129,5,129
11102121612,core,4,72,149,37,26,289,3,292
11102121613,core,4,65,72,32,19,195,6,201
11102121614,core,5,52,55,16,14,150,0,147
11102121615,core,13,74,89,33,13,224,3,232
11102121616,core,4,62,87,25,11,181,6,189
11102121617,core,5,94,108,45,21,267,0,272
11102121701,core,47,83,4,0,0,138,13,145
11102121702,core,0,19,50,21,21,116,0,116
11102121703,core,5,23,44,18,3,90,0,92
11102121704,core,0,40,65,29,19,148,0,149
11102121705,core,16,86,70,21,10,201,0,207
11102121706,core,6,41,58,23,15,145,0,150
11102121707,core,42,69,40,5,3,159,3,167
11102121708,core,14,52,39,16,16,140,0,141
11102121709,core,5,25,47,21,16,114,0,114
11102121710,core,9,34,34,6,3,93,0,89
11102121711,core,10,60,92,40,13,215,4,216
11102121714,core,0,23,60,23,24,135,0,135
11102121718,core,0,4,5,0,0,6,0,6
11102121719,core,18,56,51,18,9,157,3,157
11102121720,core,7,32,22,12,4,67,3,74
11102121721,core,12,85,73,33,22,217,3,220
11102121722,core,4,51,69,41,15,174,0,172
11102121723,core,3,52,88,31,22,188,0,188
11102121724,core,0,36,59,25,18,139,0,139
11102121727,core,0,9,27,12,0,58,0,58
11102121729,core,3,29,50,36,29,146,0,146
11102121730,core,0,26,44,23,21,117,0,117
11102121731,core,6,29,74,32,19,151,0,153
11102121732,core,0,25,91,53,22,194,0,194
11102121734,core,0,0,0,0,0,0,0,0
11102121736,core,0,42,61,30,16,149,0,149
11102121737,core,3,22,69,25,14,138,0,138
11102121738,core,0,17,65,35,11,124,0,124
11102121739,core,0,0,0,0,0,0,0,0
11102121740,core,0,19,100,36,11,168,0,168
11102121741,core,0,28,110,31,15,182,0,182
11102121742,core,0,0,0,0,0,0,0,0
11102121743,core,0,46,126,27,25,224,4,229
11102121744,core,0,21,83,14,7,126,0,125
11102121745,core,0,12,75,25,15,132,0,132
11102121746,core,9,64,186,43,12,306,0,306
11102121747,core,27,63,54,13,13,168,0,171
11102121748,core,0,22,45,13,4,93,0,93
11102121749,core,0,49,145,33,17,243,0,244
11102121750,core,3,68,69,30,16,190,0,190
11102121801,core,0,13,50,29,47,139,0,139
11102121803,core,4,21,39,8,39,106,0,105
11102121804,core,0,0,4,3,0,12,0,12
11102121805,core,0,21,34,25,16,99,0,99
11102121807,core,10,30,24,13,3,75,3,75
11102121809,core,18,51,78,30,34,207,9,213
11102121810,core,0,11,38,19,22,86,0,86
11102121811,core,0,41,74,19,21,160,0,162
11102121812,core,12,162,123,44,37,374,11,380
11102121813,core,0,18,25,15,21,75,8,80
11102121814,core,8,59,78,25,24,195,0,197
11102121815,core,4,25,40,23,10,99,0,103
11102121816,core,0,19,36,32,40,128,4,131
11102121817,core,0,0,0,0,0,4,0,0
11102121819,core,4,39,44,22,5,119,4,122
11102121820,core,0,17,40,17,15,87,0,91
11102121822,core,8,85,95,39,24,249,0,251
11102121823,core,3,37,46,17,15,118,4,120
11102121824,core,0,29,18,12,11,73,0,73
11102121825,core,0,25,47,27,35,139,0,139
11102121827,core,32,149,22,6,7,224,3,230
11102121828,core,4,33,61,19,14,131,0,131
11102121829,core,10,34,22,7,5,80,0,80
11102121830,core,21,173,23,4,0,229,7,232
11102121831,core,24,119,32,11,7,190,3,194
11102121832,core,34,83,20,0,0,139,0,144
11102121833,core,3,50,39,26,11,122,0,119
11102121835,core,15,65,42,18,19,156,5,154
11102121836,core,5,53,48,23,10,140,5,146
11102121837,core,6,96,122,47,25,291,0,294
11102121838,core,0,6,7,9,9,36,0,36
11102121839,core,9,36,29,11,17,106,0,106
11102121840,core,3,15,35,25,30,123,4,119
11102121841,core,5,24,39,27,21,118,0,119
11102121842,core,31,125,66,15,9,233,6,244
11102121843,core,0,21,20,13,16,73,0,74
11102121844,core,0,4,8,4,3,13,0,13
11102121845,core,0,0,0,0,0,0,0,0
11102121846,core,0,44,101,34,14,190,0,193
11102121847,core,5,20,32,20,12,94,6,93
11102121848,core,0,17,31,21,17,86,0,88
11102121849,core,3,65,98,33,15,225,5,231
11102121850,core,0,43,106,42,7,201,0,204
11102121851,core,0,4,13,4,11,27,0,28
11102121852,core,20,116,66,8,11,214,3,218
11102121853,core,16,66,49,16,3,153,3,153
11102121854,core,11,31,44,16,35,139,3,143
11102121855,core,16,69,55,22,11,170,4,175
11102121856,core,9,93,35,4,3,143,0,143
11102121901,core,12,44,37,17,11,116,0,119
11102121902,core,15,111,68,9,5,210,5,210
11102121903,core,6,63,58,18,12,155,3,156
11102121904,core,18,61,53,17,12,166,6,165
11102121905,core,6,27,30,13,9,81,0,87
11102121906,core,0,32,28,19,6,88,0,88
11102121907,core,4,44,29,13,6,96,0,96
11102121908,core,0,38,81,31,15,161,0,166
11102121909,core,4,19,56,25,19,124,0,124
11102121910,core,30,173,95,23,7,328,4,333
11102121911,core,3,40,64,28,20,153,0,153
11102121912,core,10,35,22,6,3,77,0,81
11102121913,core,4,30,66,18,6,123,0,124
11102121914,core,0,48,74,32,14,169,0,173
11102121915,core,6,19,40,14,12,88,4,88
11102121916,core,19,58,56,8,7,142,4,149
11102121917,core,23,80,77,22,24,220,0,218
11102121918,core,21,91,44,6,9,174,3,183
11102121919,core,0,14,53,23,13,95,0,95
11102121921,core,0,0,0,0,0,0,0,0
11102121922,core,0,0,12,8,10,35,0,35
11102121923,core,7,30,84,40,21,177,0,177
11102121924,core,0,16,47,23,8,94,0,93
11102121925,core,3,33,37,21,20,118,0,118
11102121926,core,6,37,59,21,10,131,0,132
11102121927,core,0,0,0,0,0,0,0,0
11102121929,core,14,44,37,11,0,111,0,111
11102121930,core,15,60,58,18,5,153,0,154
11102121931,core,6,42,66,27,21,163,3,165
11102121933,core,3,64,59,10,5,138,0,139
11102121934,core,16,65,63,19,7,171,7,176
11102121935,core,9,87,76,24,10,208,3,214
11102121936,core,7,56,72,17,14,168,0,168
11102121937,core,0,55,60,14,9,139,0,139
11102121938,core,3,58,78,33,20,188,4,193
11102121939,core,3,30,40,8,11,98,0,98
11102121940,core,12,34,26,11,12,100,0,101
11102121941,core,3,23,60,25,11,115,0,115
11102121942,core,11,34,30,8,5,86,0,86
11102121943,core,6,60,23,4,0,94,0,95
11102121944,core,42,74,47,11,3,178,4,188
11102122001,core,0,34,69,32,21,157,0,157
11102122002,core,0,26,64,16,14,120,0,126
11102122003,core,0,32,70,32,13,153,0,156
11102122004,core,0,33,78,33,19,164,3,166
11102122005,core,0,45,87,34,25,199,0,197
11102122006,core,10,78,68,32,17,199,5,204
11102122007,core,4,62,55,40,18,182,3,182
11102122009,core,19,99,69,23,13,227,5,225
11102122010,core,4,65,76,23,21,193,0,198
11102122011,core,4,54,116,42,28,248,3,249
11102122012,core,0,49,57,31,10,143,4,147
11102122013,core,6,60,81,38,17,194,4,199
11102122014,core,0,42,66,20,17,146,0,145
11102122015,core,3,32,38,24,11,103,0,103
11102122016,core,4,53,74,34,20,189,3,191
11102122017,core,4,51,76,19,15,161,0,161
11102122018,core,0,43,50,20,15,124,0,131
11102122019,core,0,36,60,22,11,136,0,136
11102122020,core,8,85,96,43,11,254,3,254
11102122021,core,11,103,123,35,17,293,0,294
11102122022,core,0,0,0,0,0,0,0,0
11102122023,core,0,0,0,0,0,0,0,0
11102122024,core,0,0,6,5,7,15,0,15
11102122101,core,0,25,58,9,27,127,0,128
11102122102,core,3,10,30,14,11,64,0,65
11102122103,core,0,30,37,24,8,107,3,105
11102122104,core,0,46,46,17,16,123,0,127
11102122105,core,6,24,33,8,10,77,0,77
11102122106,core,3,38,66,32,19,163,0,163
11102122107,core,0,16,44,18,25,107,0,107
11102122108,core,4,154,132,24,23,343,4,346
11102122109,core,0,14,33,16,10,80,0,80
11102122110,core,0,9,44,23,28,109,0,106
11102122111,core,0,10,40,28,26,109,0,109
11102122112,core,3,37,62,30,23,158,0,156
11102122113,core,4,28,46,22,19,124,0,122
11102122114,core,9,63,141,54,22,280,0,280
11102122115,core,13,50,50,28,17,157,0,157
11102122116,core,4,24,38,10,11,87,0,87
11102122117,core,0,34,47,23,11,123,0,123
11102122118,core,4,6,25,21,18,79,0,79
11102122119,core,3,31,34,22,6,94,3,98
11102122120,core,0,11,21,14,12,58,0,58
11103122201,core,5,38,68,24,10,142,0,142
11103122202,core,8,45,59,17,11,140,0,140
11103122203,core,13,101,70,12,12,207,3,207
11103122204,core,3,62,105,31,8,214,0,214
11103122205,core,3,42,73,19,8,141,0,145
11103122206,core,6,44,85,19,18,176,0,176
11103122207,core,18,64,89,34,15,215,0,219
11103122208,core,13,81,96,23,4,214,0,214
11103122209,core,0,13,52,11,10,87,0,91
11103122210,core,20,99,87,27,7,243,0,247
11103122211,core,0,30,52,29,14,114,0,117
11103122212,core,21,79,76,22,7,210,8,213
11103122213,core,10,33,45,15,0,105,0,105
11103122214,core,10,61,40,23,12,144,4,150
11103122215,core,14,39,62,16,3,132,8,144
11103122216,core,7,61,78,19,19,181,0,183
11103122217,core,8,74,77,23,17,203,3,204
11103122218,core,22,89,69,20,10,202,3,208
11103122219,core,15,82,65,24,0,189,0,189
11103122220,core,14,69,79,25,13,198,0,198
11103122221,core,0,0,3,0,0,0,0,0
11103122222,core,0,0,0,0,0,0,0,0
11103122223,core,14,65,101,33,14,229,3,231
11103122224,core,5,63,86,23,8,182,0,183
11103122225,core,11,60,73,19,20,181,0,179
11103122226,core,0,41,64,27,15,143,0,144
11103122227,core,4,36,84,36,12,171,0,172
11103122228,core,9,31,64,15,11,133,0,133
11103122229,core,15,58,73,11,8,169,3,167
11103122230,core,4,47,79,15,8,155,0,155
11103122231,core,4,29,54,21,9,114,0,113
11103122232,core,9,43,86,20,12,175,0,175
11103122233,core,5,48,74,28,6,153,0,153
11103122234,core,3,28,61,8,14,114,0,114
11103122235,core,5,55,119,18,19,220,0,220
11103122236,core,5,26,62,13,13,122,0,125
11103122237,core,0,0,0,0,0,0,0,0
11103122238,core,0,0,0,0,0,0,0,0
11103122239,core,29,155,62,9,11,265,9,268
11103122240,core,13,72,76,15,12,188,0,190
11103122301,core,0,30,27,10,6,77,0,75
11103122302,core,11,74,58,23,5,170,0,174
11103122303,core,17,95,76,20,9,220,5,227
11103122304,core,0,55,44,16,10,132,4,133
11103122306,core,18,72,57,12,17,175,0,181
11103122307,core,6,60,71,17,11,164,3,164
11103122308,core,0,34,58,20,11,128,0,129
11103122309,core,0,7,3,0,5,16,0,16
11103122310,core,11,93,57,26,12,198,4,197
11103122311,core,26,87,74,24,19,222,9,231
11103122312,core,11,65,58,21,12,167,5,173
11103122313,core,23,156,58,15,16,277,10,281
11103122314,core,0,7,27,24,38,94,0,97
11103122315,core,6,24,42,18,18,103,0,103
11103122316,core,3,27,25,10,10,76,3,85
11103122317,core,13,71,54,10,3,154,3,160
11103122318,core,0,54,55,16,10,126,0,125
11103122319,core,8,48,43,16,8,126,0,121
11103122320,core,3,77,54,12,5,157,0,158
11103122321,core,8,36,23,11,4,77,3,81
11103122322,core,18,77,55,12,10,170,0,170
11103122323,core,0,42,43,19,10,112,0,112
11103122324,core,8,42,29,14,6,97,0,97
11103122325,core,3,11,12,8,3,42,0,41
11103122401,core,9,52,85,26,15,188,3,192
11103122402,core,7,29,63,20,8,128,0,128
11103122403,core,138,61,12,0,3,212,14,226
11103122404,core,47,68,68,18,8,211,5,215
11103122405,core,69,73,21,5,0,162,6,171
11103122406,core,14,31,11,4,5,63,0,63
11103122407,core,43,183,54,7,0,299,8,299
11103122408,core,11,30,37,3,3,82,0,82
11103122409,core,0,3,0,0,0,3,0,3
11103122410,core,0,0,3,0,0,6,0,6
11103122411,core,5,60,48,10,3,127,3,130
11103122412,core,15,90,78,33,7,227,0,230
11103122413,core,24,90,63,16,0,196,5,204
11103122414,core,15,59,51,19,5,154,0,156
11103122415,core,15,74,74,27,3,189,0,194
11103122416,core,0,0,0,0,0,0,0,0
11103122417,core,14,49,32,6,0,100,0,103
11103122418,core,25,108,99,23,9,258,0,259
11103122419,core,16,75,59,6,3,164,0,167
11103122420,core,6,40,20,4,0,74,0,78
11103122421,core,36,152,85,28,15,315,4,323
11103122422,core,23,103,95,26,16,264,0,259
11103122423,core,29,89,57,12,6,188,0,190
11103122424,core,19,63,63,16,11,174,0,171
11103122425,core,23,98,50,22,9,203,0,200
11103122426,core,46,126,81,26,10,289,8,292
11103122427,core,16,69,92,24,12,222,0,220
11103122428,core,8,48,42,10,6,116,4,123
11103122429,core,7,56,75,28,10,179,0,179
11103122430,core,6,32,63,22,14,141,0,141
11103122431,core,15,42,75,22,15,167,3,171
11103122432,core,8,29,36,10,5,95,0,90
11103122501,core,12,70,80,25,18,202,5,202
11103122502,core,0,42,45,13,4,109,0,109
11103122503,core,8,48,71,15,8,149,0,149
11103122504,core,38,112,94,25,13,283,6,285
11103122505,core,0,37,71,19,8,135,0,141
11103122506,core,4,39,46,22,6,108,0,108
11103122507,core,16,92,74,15,5,204,0,204
11103122508,core,11,58,92,26,16,195,0,195
11103122509,core,15,64,51,17,8,149,0,151
11103122510,core,13,51,48,7,10,129,0,129
11103122511,core,8,43,54,10,10,132,0,129
11103122512,core,3,59,62,20,5,145,0,145
11103122513,core,10,89,109,23,13,234,0,242
11103122514,core,18,111,75,12,17,232,9,235
11103122515,core,0,39,47,23,9,113,0,113
11103122516,core,20,99,74,17,8,221,0,226
11103122517,core,17,46,49,15,7,137,0,142
11103122518,core,12,84,72,21,13,208,3,208
11103122519,core,7,74,100,17,9,209,0,212
11103122520,core,5,27,30,13,5,88,0,88
11103122521,core,0,34,70,36,7,149,0,147
11103122522,core,3,14,44,18,14,93,0,93
11103122523,core,53,117,51,18,7,249,4,252
11103122524,core,9,89,74,23,8,203,0,204
11103122525,core,23,63,70,17,3,188,0,191
11103122526,core,12,63,102,24,10,201,0,204
11103122527,core,8,44,39,15,0,108,0,110
11103122528,core,0,34,71,13,9,127,0,127
11103122529,core,4,44,45,8,0,100,0,103
11103122530,core,18,85,68,26,14,205,4,208
11103122531,core,8,54,45,16,7,124,0,128
11103122532,core,13,53,48,13,0,131,3,129
11103122533,core,0,0,0,0,0,0,0,0
11103122534,core,0,30,78,33,15,161,0,161
11103122535,core,0,0,0,0,0,0,0,0
11103122536,core,0,27,59,16,9,117,0,117
11103122537,core,6,33,75,20,3,135,0,134
11103122538,core,20,120,64,10,5,217,0,217
11103122539,core,33,126,66,14,8,245,5,255
11103122540,core,16,63,73,17,11,182,4,183
11103122541,core,13,50,37,14,18,125,0,125
11103122542,core,10,28,30,12,5,87,0,86
11103122543,core,22,82,60,15,7,192,4,194
11103122601,core,5,51,59,40,15,173,3,173
11103122602,core,0,19,35,11,4,73,0,74
11103122603,core,4,59,111,35,26,233,0,236
11103122604,core,0,28,25,23,13,93,0,93
11103122605,core,4,33,86,27,25,174,0,178
11103122606,core,4,24,40,21,4,96,0,96
11103122608,core,4,62,63,31,6,165,0,169
11103122609,core,4,34,55,41,19,154,0,155
11103122610,core,3,42,48,15,8,121,0,121
11103122611,core,0,34,47,17,9,107,0,113
11103122613,core,0,31,58,13,7,114,0,114
11103122614,core,0,23,74,26,18,132,0,135
11103122615,core,3,39,77,19,11,148,0,153
11103122616,core,0,15,38,15,12,77,0,77
11103122617,core,0,26,54,15,10,106,0,107
11103122618,core,0,53,73,14,10,156,0,155
11103122619,core,5,50,47,18,3,127,4,132
11103122620,core,7,31,39,14,9,90,4,95
11103122621,core,0,18,34,8,3,63,0,63
11103122622,core,0,7,3,0,0,14,0,14
11103122623,core,0,35,51,16,20,114,0,114
11103122624,core,0,22,49,30,10,115,0,113
11103122625,core,9,56,69,26,10,164,0,164
11103122626,core,8,47,54,20,15,144,0,144
11103122627,core,4,28,38,18,13,97,0,97
11103122628,core,3,58,66,16,15,154,0,161
11103122629,core,3,24,81,29,19,160,0,160
11103122631,core,0,0,0,0,5,5,0,5
11103122632,core,0,21,44,27,11,98,0,98
11103122633,core,0,0,0,0,0,0,0,0
11103122634,core,5,51,88,19,7,164,0,164
11103122635,core,3,18,85,19,6,127,0,127
11103122636,core,3,62,98,24,12,195,4,200
11103122637,core,8,84,186,52,15,346,0,342
11103122638,core,6,39,131,46,29,240,0,238
11103122639,core,0,24,90,23,13,148,0,148
11103122640,core,3,57,152,47,39,289,0,289
11103122641,core,0,31,97,17,19,165,0,165
11103122642,core,3,33,139,31,14,216,0,216
11103122701,core,3,32,42,15,8,93,0,93
11103122702,core,0,0,0,0,0,0,0,0
11103122703,core,12,53,44,4,8,114,3,121
11103122704,core,12,54,62,15,0,143,3,143
11103122705,core,11,57,61,13,6,151,4,151
11103122706,core,19,86,84,25,10,215,0,216
11103122707,core,19,111,92,26,11,258,6,263
11103122708,core,28,63,88,15,4,197,4,204
11103122709,core,7,47,70,8,6,141,4,145
11103122710,core,15,66,67,16,5,170,3,175
11103122711,core,18,87,76,14,7,209,3,210
11103122712,core,10,24,32,7,5,86,0,86
11103122713,core,41,86,77,26,8,241,7,247
11103122714,core,26,93,91,29,3,243,5,244
11103122715,core,5,55,46,14,4,120,4,128
11103122716,core,20,57,31,10,5,129,0,129
11103122717,core,10,67,68,25,5,182,0,182
11103122718,core,23,90,76,18,0,201,0,208
11103122719,core,15,69,70,14,3,181,5,183
11103122720,core,14,81,76,19,9,194,0,194
11103122721,core,19,80,54,11,6,169,0,168
11103122722,core,20,45,21,8,3,97,8,108
11103122723,core,33,87,57,10,9,184,0,193
11103122724,core,12,139,86,20,13,269,9,281
11103122725,core,12,57,67,19,5,170,0,170
11103122726,core,15,69,48,12,7,147,0,147
11103122727,core,0,30,42,23,4,95,0,95
11103122728,core,8,59,72,23,13,181,0,183
11103122729,core,14,82,89,16,10,206,0,206
11103122730,core,21,93,73,26,6,221,0,221
11103122731,core,32,98,88,11,7,243,4,245
11103122732,core,60,68,75,15,5,222,4,230
11103122733,core,14,56,70,12,4,159,5,159
11103122734,core,19,77,73,20,3,191,0,193
11103122735,core,10,91,74,13,3,187,0,189
11103122736,core,20,86,108,26,7,246,7,247
11103122801,core,8,41,89,28,11,168,0,168
11103122802,core,7,40,91,23,19,183,0,183
11103122803,core,0,0,0,0,0,0,0,0
11103122804,core,5,29,52,13,14,111,0,111
11103122805,core,0,35,44,15,15,107,0,107
11103122806,core,0,31,87,37,16,174,0,174
11103122807,core,3,63,120,33,21,239,0,243
11103122808,core,4,34,73,22,18,147,0,147
11103122809,core,40,68,67,13,11,203,4,213
11103122810,core,27,100,85,19,7,237,4,243
11103122811,core,8,40,89,17,17,170,4,171
11103122812,core,4,45,78,28,17,169,0,177
11103122813,core,7,68,66,31,11,182,0,182
11103122814,core,11,66,71,27,10,187,0,193
11103122815,core,13,58,64,12,6,144,5,148
11103122816,core,33,76,34,13,10,164,7,163
11103122817,core,23,123,92,35,7,285,0,287
11103122818,core,11,61,105,24,23,223,0,223
11103122819,core,0,29,51,15,9,102,0,105
11103122820,core,6,53,73,41,19,188,0,188
11103122821,core,4,48,76,19,10,146,0,146
11103122822,core,5,47,52,21,6,138,0,138
11103122823,core,10,71,47,15,3,145,0,152
11103122824,core,22,53,47,11,3,135,0,135
11103122825,core,5,59,55,20,11,156,0,163
11103122826,core,28,109,123,21,12,285,3,292
11103122827,core,52,67,53,19,11,200,5,205
11103122828,core,0,32,63,7,10,113,0,113
11103122829,core,13,96,104,38,10,253,4,257
11103122830,core,8,79,63,18,5,173,0,178
11103122831,core,8,78,67,24,7,186,4,187
11103122832,core,3,62,95,23,11,203,0,199
11103122901,core,46,117,56,11,4,232,4,240
11103122902,core,32,130,70,12,4,248,7,254
11103122903,core,41,301,147,18,6,515,3,517
11103122905,core,105,252,108,22,8,491,3,493
11103122906,core,35,85,32,8,0,158,0,162
11103122908,core,24,72,54,14,0,163,0,170
11103122909,core,13,74,59,10,8,161,0,161
11103122910,core,10,89,58,11,0,167,0,167
11103122911,core,21,120,130,28,11,310,3,313
11103122912,core,7,74,58,6,3,141,0,141
11103122913,core,41,64,29,0,0,145,7,145
11103122914,core,0,0,0,0,0,0,0,0
11103122916,core,19,73,72,20,14,198,0,195
11103122917,core,13,74,58,10,3,164,0,159
11103122918,core,16,89,52,13,0,168,0,171
11103122919,core,10,98,75,15,7,210,0,213
11103122920,core,7,28,34,13,6,92,0,92
11103122921,core,5,23,36,6,4,79,0,79
11103122922,core,3,42,73,17,17,144,0,149
11103122923,core,46,125,49,25,11,255,6,269
11103122924,core,28,47,47,11,6,138,0,138
11103122925,core,46,142,103,22,9,313,3,321
11103122926,core,12,85,54,11,7,165,0,165
11103122927,core,21,101,49,8,7,195,0,195
11103122928,core,38,108,46,5,5,208,4,207
11103122929,core,26,137,54,7,6,223,0,227
11103122930,core,28,187,68,4,0,288,4,294
11103122931,core,41,178,50,3,0,271,0,270
11103122932,core,32,146,48,6,0,227,0,229
11103123001,core,0,3,3,3,0,14,0,14
11103123101,core,22,86,67,13,4,189,0,186
11103123102,core,8,52,57,22,12,156,4,161
11103123103,core,15,77,44,15,8,167,4,171
11103123104,core,23,85,93,26,21,250,7,254
11103123105,core,11,31,15,9,0,72,0,75
11103123106,core,9,89,31,0,0,132,0,130
11103123107,core,3,7,15,3,4,30,0,30
11103123108,core,6,75,89,19,16,197,6,204
11103123109,core,6,88,116,24,18,251,4,256
11103123110,core,18,85,85,39,6,229,3,233
11103123111,core,15,92,72,25,11,220,0,224
11103123112,core,0,0,0,0,0,0,0,0
11103123113,core,22,93,90,22,13,247,5,251
11103123114,core,27,108,64,35,24,258,4,255
11103123115,core,19,75,70,10,7,187,3,190
11103123116,core,20,72,64,18,18,181,0,190
11103123117,core,5,30,28,9,11,81,6,80
11103123118,core,9,43,21,6,3,88,0,87
11103123119,core,45,83,44,11,6,190,7,201
11103123120,core,39,61,25,4,0,129,9,139
11103123121,core,12,75,37,10,4,141,0,144
11103123122,core,25,70,64,16,3,174,5,179
11103123123,core,19,87,83,19,10,222,9,229
11103123124,core,25,92,57,30,25,229,0,232
11103123125,core,0,0,0,0,0,0,0,0
11103123126,core,50,49,32,10,12,151,3,151
11103123201,core,5,46,62,22,10,148,0,148
11103123202,core,14,68,73,13,4,172,4,178
11103123203,core,18,68,50,15,12,161,0,163
11103123204,core,46,100,60,11,5,219,6,224
11103123205,core,24,94,69,13,12,206,0,208
11103123206,core,8,42,54,20,3,124,0,128
11103123207,core,0,51,83,25,16,182,4,188
11103123208,core,9,43,36,14,7,109,3,114
11103123209,core,21,69,60,28,13,194,0,197
11103123210,core,7,16,20,3,4,53,0,54
11103123211,core,0,0,0,0,0,3,0,3
11103123213,core,45,314,63,6,0,432,10,445
11103123216,core,0,0,0,0,0,0,0,0
11103123217,core,14,161,62,7,3,244,0,245
11103123218,core,0,30,97,18,11,156,0,154
11103123219,core,0,60,121,29,16,224,0,222
11103123220,core,0,35,119,50,33,235,0,234
11103123221,core,7,113,67,10,0,197,3,196
11103123222,core,0,28,43,24,16,109,0,106
11103123223,core,5,29,95,22,13,161,0,161
11103123224,core,7,68,70,25,8,169,10,178
11103123301,core,11,59,55,19,5,150,4,155
11103123302,core,13,86,80,14,0,200,5,204
11103123303,core,28,102,76,18,9,230,0,230
11103123304,core,30,116,100,26,19,292,3,295
11103123305,core,33,109,88,25,12,263,4,267
11103123306,core,30,107,62,7,8,212,7,222
11103123307,core,19,177,39,4,4,239,7,243
11103123308,core,0,0,0,0,0,0,0,0
11103123309,core,8,93,58,11,10,184,3,188
11103123310,core,18,142,95,40,19,317,4,327
11103123311,core,0,0,0,0,0,0,0,0
11103123312,core,7,73,73,31,14,201,0,201
11103123313,core,4,69,28,6,0,102,0,108
11103123314,core,17,65,65,20,9,178,3,180
11103123315,core,21,92,66,13,13,207,5,215
11103123316,core,3,73,87,25,17,213,0,213
11103123317,core,44,128,59,18,6,254,10,263
11103123318,core,31,47,58,12,0,156,0,158
11103123319,core,12,62,110,30,19,235,0,235
11103123320,core,3,51,64,21,18,156,0,157
11103123321,core,4,50,111,28,16,209,0,215
11103123322,core,7,57,55,18,15,155,0,158
11103123323,core,22,89,53,16,3,188,0,189
11103123324,core,9,69,72,21,8,177,0,175
11103123325,core,9,54,93,19,17,192,0,190
11103123326,core,0,23,43,16,9,89,0,89
11103123327,core,6,74,94,21,16,217,0,217
11103123328,core,10,41,62,30,18,158,0,163
11103123329,core,0,19,78,21,25,140,0,140
11103123330,core,0,16,59,23,27,121,0,121
11103123331,core,6,69,65,31,5,183,0,183
11103123332,core,13,69,53,17,0,153,0,156
11103123333,core,4,16,77,28,5,128,0,128
11103123334,core,8,63,87,30,7,196,0,205
11103123335,core,32,89,60,19,15,202,6,210
11103123336,core,12,71,89,20,16,204,0,213
11103123337,core,11,118,90,31,11,263,0,263
11103123338,core,4,34,56,27,20,139,0,137
11103123339,core,4,94,51,13,4,164,4,168
11103123340,core,0,35,47,14,7,108,0,108
11103123341,core,17,84,93,26,20,235,6,240
11103123342,core,23,81,84,27,9,222,0,227
11103123343,core,10,87,85,22,10,214,3,216
11103123344,core,32,98,58,23,14,225,3,226
11103123401,core,10,64,60,17,4,166,3,167
11103123402,core,14,104,100,32,14,261,0,265
11103123403,core,16,68,67,24,14,199,3,202
11103123404,core,8,57,55,20,8,151,0,152
11103123405,core,11,50,38,13,7,122,0,121
11103123406,core,25,91,82,30,8,234,4,240
11103123407,core,11,81,89,21,17,220,0,219
11103123408,core,15,51,55,18,6,141,0,144
11103123409,core,11,45,75,24,8,168,3,169
11103123410,core,22,59,50,10,9,148,19,163
11103123411,core,3,52,44,13,6,124,0,124
11103123412,core,18,75,57,23,9,174,0,183
11103123413,core,10,87,77,27,8,205,4,210
11103123414,core,18,101,85,19,5,236,3,237
11103123415,core,4,52,82,17,5,161,0,164
11103123416,core,13,79,129,30,12,262,3,265
11103123417,core,13,58,75,22,9,174,4,180
11103123418,core,5,58,63,17,7,149,5,153
11103123419,core,21,60,46,12,3,140,0,137
11103123420,core,37,82,51,15,12,191,10,204
11103123421,core,9,86,76,18,16,203,6,209
11103123422,core,36,83,33,8,4,163,6,169
11103123423,core,16,88,66,13,3,187,3,187
11103123424,core,13,58,40,8,3,119,0,119
11103123425,core,41,108,80,30,13,272,9,284
11103123426,core,3,60,56,16,5,143,5,143
11103123427,core,15,80,63,13,7,182,4,187
11103123501,core,6,76,72,6,9,166,0,166
11103123502,core,16,117,129,24,9,293,0,294
11103123503,core,19,108,102,24,15,271,8,277
11103123504,core,7,61,87,27,15,203,4,201
11103123505,core,4,68,71,21,3,166,0,171
11103123506,core,0,0,0,0,0,0,0,0
11103123507,core,6,73,88,28,6,202,0,202
11103123508,core,26,101,65,7,5,200,0,199
11103123509,core,16,81,61,18,3,185,0,185
11103123510,core,11,76,74,17,11,189,6,189
11103123511,core,22,105,86,21,6,236,5,242
11103123512,core,5,101,83,22,4,219,0,224
11103123513,core,9,66,73,9,4,160,4,164
11103123514,core,15,84,61,24,8,198,4,200
11103123515,core,19,62,48,12,0,144,0,144
11103123516,core,36,104,102,23,12,279,0,279
11103123518,core,9,63,40,11,3,125,0,125
11103123519,core,12,78,82,20,11,198,0,198
11103123520,core,9,85,54,8,5,168,0,166
11103123521,core,24,193,66,8,4,292,4,302
11103123522,core,3,0,0,0,0,12,0,12
